record,Mw,Rjb,Vs30,PGA_g
1,5.3,5.3,345,0.351882105
4,5.5,7.0,771,0.305465199
7,5.9,156.0,713,0.014957783
8,5.3,4.5,496,0.240868222
11,6.1,33.0,397,0.048200162
12,6.1,42.0,520,0.049674267
15,6.6,20.0,316,0.149052066
21,6.1,25.0,384,0.08455984
23,5.9,31.0,384,0.054913191
29,6.7,1.2,455,0.429277576
30,6.7,47.0,319,0.030008497
31,6.7,61.0,433,0.077841213
32,5.9,37.0,455,0.03810836
33,6.0,31.0,369,0.074732118
61,5.4,23.0,372,0.076284583
73,5.2,46.0,319,0.044869779
99,5.2,23.0,356,0.013923523
110,6.5,94.0,356,0.016035109
111,6.5,30.0,335,0.038019996
112,6.5,49.0,395,0.043888214
228,5.8,109.0,407,0.008905094
229,5.8,48.0,315,0.026915722
259,5.7,49.0,444,0.043631965
260,5.7,117.0,447,0.008880681
262,5.6,51.0,444,0.027437285
263,5.6,120.0,447,0.015670135
292,5.7,171.0,466,0.009742742
302,5.2,39.0,444,0.021794595
383,5.9,146.0,192,0.010630001
386,5.9,272.0,408,0.001774722
420,4.8,106.0,192,0.00256628
422,4.8,39.0,662,0.005682495
424,4.8,162.0,457,0.001675133
438,4.5,38.0,481,0.00429047
440,5.2,1.0,198,0.134339355
442,5.2,47.0,395,0.023370421
444,5.2,87.0,286,0.002448048
445,5.2,92.0,356,0.002446021
451,5.3,67.0,375,0.006203284
453,5.3,37.0,485,0.012548456
454,5.3,75.0,319,0.003188695
467,5.1,51.0,481,0.006660422
468,5.1,42.0,407,0.019377851
477,6.2,52.0,367,0.124487116
479,6.2,42.0,263,0.242184046
483,6.2,155.0,466,0.007802184
484,6.2,212.0,315,0.004303559
518,5.4,27.0,654,0.024397524
520,5.4,35.0,405,0.021694378
521,5.4,49.0,223,0.010089819
756,5.4,119.0,315,0.007121013
757,5.4,115.0,407,0.009596151
758,5.4,112.0,481,0.00365838
759,5.4,141.0,655,0.00119355
769,4.5,41.0,998,0.001440081
770,4.9,90.0,324,0.002738108
784,5.0,33.0,662,0.012352634
786,5.0,135.0,457,0.00114632
792,5.2,33.0,662,0.013457942
795,5.2,142.0,457,0.002858109
796,5.2,152.0,192,0.002645003
797,5.2,164.0,310,0.002190073
798,5.2,183.0,408,0.001220383
802,7.6,9.6,701,0.186590248
803,7.6,8.9,282,0.327649083
805,7.6,282.0,340,0.008980112
806,7.6,208.0,226,0.014585
807,7.6,339.0,310,0.005652756
808,7.6,167.0,662,0.018038092
809,7.6,30.0,348,0.142754444
810,7.6,56.0,457,0.054758634
811,7.6,29.0,197,0.108212981
812,7.6,252.0,192,0.027651867
813,7.6,318.0,356,0.008503403
814,7.6,48.0,596,0.044627255
815,7.6,59.0,283,0.159009944
817,7.6,238.0,362,0.01007772
818,7.6,3.4,827,0.198408513
820,7.6,153.0,408,0.033187929
821,7.6,118.0,326,0.094359329
823,7.6,222.0,286,0.012746218
842,5.3,135.0,596,0.002577941
843,4.6,33.0,596,0.003174693
844,4.6,64.0,457,0.003279984
850,4.7,62.0,457,0.00315917
856,4.7,44.0,457,0.002980784
859,5.1,46.0,596,0.002179664
860,5.1,50.0,457,0.006111306
861,5.1,141.0,408,0.000810931
862,5.1,154.0,662,0.000918475
864,4.8,52.0,596,0.002113272
867,4.3,65.0,294,0.006212878
873,4.0,30.0,412,0.004060388
889,3.7,2.5,412,0.010384953
890,4.0,29.0,412,0.002796244
894,3.4,5.8,412,0.002306448
901,4.3,58.0,412,0.001166739
908,5.2,38.0,412,0.023745709
909,5.2,78.0,596,0.001844946
910,4.5,39.0,412,0.007640153
911,4.5,85.0,596,0.001315469
926,4.7,36.0,412,0.002536089
933,4.1,55.0,412,0.002477313
934,4.1,50.0,412,0.000947056
946,4.0,43.0,596,0.002380056
947,4.0,54.0,457,0.001583726
950,4.8,50.0,192,0.006912307
951,4.8,163.0,408,0.001361258
961,5.8,4.3,305,0.443492741
962,5.8,23.0,412,0.049691828
964,5.8,88.0,282,0.026495726
966,5.8,5.6,827,0.232974862
967,5.8,41.0,197,0.07028135
968,5.8,88.0,596,0.014215642
969,5.8,96.0,457,0.02149597
971,5.8,209.0,408,0.00461271
972,5.8,218.0,662,0.00447639
973,5.8,236.0,286,0.00250408
990,5.2,117.0,192,0.003097384
991,5.2,38.0,408,0.01242523
992,5.2,109.0,662,0.004462207
993,5.2,126.0,596,0.003172443
1001,4.5,12.0,412,0.020171866
1012,5.2,82.0,412,0.01376518
1014,5.2,43.0,596,0.0031797
1018,5.2,72.0,746,0.003273643
1019,5.2,119.0,310,0.004370365
1030,5.1,68.0,457,0.001521308
1031,5.1,113.0,412,0.001651497
1032,5.1,126.0,408,0.003918318
1040,4.9,28.0,412,0.013064587
1041,4.9,148.0,596,0.000924984
1046,5.6,14.0,412,0.350957968
1047,5.6,105.0,596,0.004649703
1048,5.6,111.0,457,0.002997513
1050,5.6,227.0,408,0.001582542
1051,5.6,234.0,662,0.000854442
1069,7.2,4.5,294,0.790552274
1070,7.2,37.0,412,0.022474495
1071,7.2,32.0,355,0.094185466
1072,7.2,37.0,348,0.025595384
1075,7.2,154.0,596,0.0082566
1077,7.2,156.0,457,0.008942763
1078,7.2,218.0,226,0.009668542
1079,7.2,207.0,362,0.007825112
1080,7.2,259.0,286,0.0031263
1081,7.2,278.0,408,0.005840394
1082,7.2,279.0,662,0.002745125
1083,7.2,356.0,356,0.003482433
1133,5.2,56.0,294,0.01452551
1151,5.3,91.0,412,0.001022538
1152,5.1,89.0,412,0.001742531
1157,4.9,54.0,412,0.004422257
1170,5.6,106.0,375,0.002231088
1215,4.2,39.0,412,0.002670218
1217,5.2,47.0,282,0.037007222
1247,4.6,63.0,315,0.001177191
1250,4.5,107.0,294,0.001163227
1251,4.5,13.0,412,0.082409084
1252,4.5,113.0,596,0.001468548
1261,5.5,21.0,356,0.023385829
1262,5.5,85.0,286,0.003083314
1263,5.5,77.0,294,0.002249741
1264,5.5,130.0,310,0.001644617
1280,4.6,50.0,481,0.002311712
1286,4.8,64.0,998,0.001740097
1288,4.8,162.0,315,0.001058354
1347,6.0,50.0,530,0.006192283
1348,6.0,2.6,348,0.061953178
1349,6.0,95.0,362,0.011668443
1351,6.0,144.0,282,0.003961353
1371,4.9,63.0,530,0.001136344
1372,4.9,15.0,348,0.015272799
1373,4.9,92.0,362,0.00137912
1374,5.0,13.0,348,0.014724536
1426,4.5,94.0,412,0.001740501
1427,4.5,32.0,596,0.002783464
1428,4.5,59.0,197,0.001301095
1429,4.5,75.0,457,0.001988082
1485,5.3,69.0,294,0.008917536
1486,5.3,30.0,412,0.025979147
1487,5.3,30.0,282,0.019242583
1488,5.3,15.0,271,0.096298807
1489,5.3,94.0,197,0.018889961
1490,5.3,147.0,596,0.003082276
1491,5.3,151.0,457,0.003029508
1492,5.3,160.0,530,0.000658047
1494,5.3,236.0,321,0.00126761
1528,4.6,36.0,662,0.007395616
1530,4.6,112.0,321,0.002220124
1538,4.3,33.0,746,0.004317194
1555,5.0,8.2,356,0.05520741
1556,5.0,93.0,286,0.001752341
1557,5.0,102.0,310,0.001574977
1595,5.5,31.0,364,0.012024611
1619,4.0,16.0,596,0.013123292
1638,4.7,73.0,530,0.001454537
1639,4.7,118.0,294,0.001427662
1640,4.7,25.0,348,0.018591761
1641,3.9,28.0,596,0.002965545
1663,4.4,33.0,662,0.001697241
1666,4.9,37.0,375,0.019268609
1667,5.2,56.0,375,0.004452904
1671,5.6,228.0,662,0.000866745
1676,5.1,35.0,662,0.0115368
1677,5.1,111.0,321,0.002453913
1679,5.1,140.0,457,0.001040234
1680,5.1,147.0,286,0.001412566
1681,5.1,155.0,192,0.000970865
1682,5.1,165.0,310,0.001748998
1685,5.7,125.0,392,0.005402759
1686,5.7,160.0,746,0.001528422
1687,4.8,31.0,662,0.002881473
1688,4.8,108.0,321,0.000836405
1692,5.4,43.0,998,0.006352433
1693,5.4,75.0,466,0.014456785
1694,5.4,140.0,315,0.00396293
1696,5.4,225.0,481,0.001301529
1703,5.4,35.0,375,0.022723551
1713,6.5,327.0,310,0.001154035
1725,5.2,25.0,294,0.157005969
1727,5.2,94.0,412,0.001788036
1747,5.2,49.0,300,0.007843598
1748,5.2,38.0,998,0.00601132
1757,4.8,13.0,364,0.028278788
1772,4.8,88.0,310,0.005440418
1773,6.1,159.0,746,0.001706235
1774,6.5,46.0,226,0.103404253
1775,6.5,121.0,294,0.002507956
1777,6.5,140.0,286,0.006869553
1778,6.5,237.0,412,0.001079456
1779,6.5,296.0,662,0.001173964
1780,6.5,322.0,321,0.001587695
1784,5.8,29.0,226,0.051031436
1786,5.8,112.0,294,0.001659734
1787,5.8,122.0,286,0.003082866
1788,5.8,233.0,412,0.001060007
1802,4.4,32.0,408,0.007832458
1838,4.7,21.0,356,0.015418284
1848,4.8,58.0,528,0.001136811
1855,4.8,39.0,481,0.01838077
1856,4.8,51.0,655,0.001431713
1865,4.8,16.0,998,0.06885957
1869,6.0,92.0,407,0.010875992
1870,6.0,88.0,528,0.007655624
1871,6.0,37.0,319,0.005510114
1914,5.7,104.0,366,0.007498259
1915,5.7,111.0,355,0.008106408
1916,5.7,126.0,267,0.009266464
1917,5.7,138.0,746,0.001841597
1918,5.7,175.0,194,0.004725753
1919,5.7,177.0,662,0.003237845
1920,5.7,250.0,417,0.001684678
1932,5.2,98.0,366,0.001600126
1933,5.2,105.0,355,0.002003361
1935,6.3,106.0,407,0.00819555
1936,6.3,105.0,315,0.00930564
1937,6.3,3.9,528,0.43843761
1938,6.3,81.0,350,0.008316666
1939,6.3,162.0,273,0.005428179
2024,4.9,8.7,528,0.019957272
2025,4.9,8.7,529,0.025055745
2039,4.8,19.0,528,0.010037835
2040,4.8,19.0,529,0.013870059
2105,4.4,16.0,282,0.025912322
2106,4.4,48.0,412,0.001284438
2121,4.7,143.0,192,0.003931811
2122,4.7,18.0,417,0.032987769
2123,4.7,81.0,249,0.003991827
2124,4.7,83.0,496,0.003671541
2125,4.7,87.0,301,0.007017055
2126,4.7,92.0,229,0.006967471
2127,4.7,97.0,408,0.003041715
2128,4.7,102.0,349,0.003284456
2137,4.6,71.0,662,0.001369236
2147,5.7,36.0,192,0.021907267
2148,5.7,129.0,408,0.009500578
2149,5.7,166.0,662,0.00337439
2150,5.7,246.0,249,0.001742404
2151,5.7,247.0,219,0.002417782
2152,5.7,249.0,301,0.001712388
2158,5.2,45.0,192,0.0068601
2159,5.2,135.0,408,0.00371282
2160,5.2,159.0,417,0.003006078
2161,5.2,176.0,662,0.001562177
2169,4.8,56.0,192,0.002903879
2172,5.6,47.0,407,0.010177103
2173,5.6,53.0,481,0.014934239
2180,5.3,33.0,356,0.034819344
2181,5.3,82.0,286,0.005110489
2182,5.3,13.0,194,0.114970722
2183,5.3,35.0,302,0.020485966
2184,5.3,45.0,267,0.024502971
2185,5.3,71.0,366,0.007806736
2193,4.7,17.0,194,0.043516217
2194,4.7,35.0,356,0.005766381
2195,4.7,42.0,302,0.01129186
2196,4.7,51.0,267,0.014884483
2197,4.7,78.0,366,0.003431522
2198,4.7,78.0,286,0.002362205
2203,5.4,28.0,356,0.023704077
2204,5.4,10.0,194,0.113702244
2205,5.4,39.0,302,0.023901826
2206,5.4,49.0,267,0.027558601
2207,5.4,76.0,366,0.008755021
2208,5.4,80.0,286,0.006295974
2212,4.9,17.0,194,0.015852432
2213,4.9,38.0,302,0.011172658
2214,4.9,48.0,267,0.016532164
2215,4.9,74.0,366,0.002574823
2259,4.5,137.0,192,0.000777545
2262,4.8,40.0,249,0.003478065
2263,4.8,54.0,301,0.003493833
2264,4.8,59.0,349,0.00277499
2265,4.7,60.0,481,0.003664457
2273,4.9,35.0,655,0.006042822
2274,4.9,47.0,481,0.013525123
2277,4.6,17.0,528,0.012305598
2286,5.6,41.0,350,0.008116175
2290,4.3,4.0,294,0.059978391
2291,4.3,41.0,282,0.002434211
2299,4.6,19.0,388,0.015845467
2301,4.6,33.0,572,0.006439427
2302,4.6,35.0,349,0.011744635
2303,4.6,38.0,229,0.004968931
2304,4.6,43.0,219,0.004704992
2305,4.6,43.0,596,0.002287533
2306,4.6,45.0,301,0.005876901
2307,4.6,47.0,251,0.00370869
2308,4.6,61.0,249,0.002677664
2325,5.2,48.0,192,0.007483544
2326,5.2,183.0,662,0.000896356
2331,4.5,94.0,192,0.000870717
2345,4.8,29.0,746,0.005505764
2347,5.2,31.0,746,0.011800213
2348,5.2,109.0,366,0.001519606
2349,5.2,152.0,194,0.001338336
2358,5.4,30.0,746,0.023603489
2359,5.4,109.0,366,0.001863757
2360,5.4,114.0,355,0.00215381
2361,5.4,123.0,267,0.00397263
2362,5.4,153.0,194,0.002892793
2365,4.7,33.0,746,0.002131813
2367,5.2,34.0,746,0.009793327
2368,5.2,110.0,366,0.00206055
2369,5.2,115.0,355,0.00214504
2370,5.2,123.0,267,0.004687148
2371,5.2,151.0,194,0.002428513
2375,5.3,32.0,746,0.028146811
2385,5.6,29.0,407,0.018859639
2386,5.6,76.0,481,0.004198814
2396,4.7,88.0,746,0.000980278
2421,4.5,16.0,364,0.00610455
2423,3.9,29.0,596,0.008513252
2424,3.9,42.0,229,0.001665459
2425,3.9,44.0,219,0.002016175
2439,4.7,147.0,355,0.001168869
2448,5.3,12.0,392,0.032536989
2449,5.3,31.0,372,0.02081989
2450,5.3,73.0,746,0.005868409
2451,5.3,100.0,366,0.003218191
2452,5.3,101.0,355,0.003262455
2453,5.3,103.0,267,0.007325135
2454,5.3,117.0,194,0.007269622
2465,5.4,26.0,392,0.016963761
2466,5.4,42.0,746,0.008094915
2467,5.4,143.0,194,0.004296836
2475,5.0,38.0,746,0.016604852
2476,5.0,71.0,372,0.001915712
2480,4.6,48.0,375,0.003248473
2481,4.6,33.0,350,0.00163868
2485,5.7,55.0,300,0.025178269
2486,5.7,236.0,194,0.002576439
2491,5.9,90.0,364,0.005296668
2494,5.3,63.0,300,0.009507426
2499,5.6,65.0,375,0.009049614
2508,5.8,58.0,350,0.006125364
2509,5.8,68.0,375,0.006683008
2511,4.9,66.0,375,0.003185003
2517,5.6,53.0,350,0.004010491
2518,5.6,67.0,375,0.008195791
2521,5.1,68.0,375,0.001962688
2529,4.8,77.0,362,0.002043097
2539,5.7,65.0,375,0.015245057
2540,5.7,40.0,485,0.017019174
2541,5.7,63.0,528,0.010359641
2545,4.3,81.0,229,0.001105844
2546,4.3,109.0,662,0.000826913
2558,4.7,28.0,348,0.004785166
2581,5.5,79.0,340,0.007686272
2582,5.5,125.0,366,0.001323892
2583,5.5,193.0,662,0.001343015
2590,5.7,74.0,340,0.008205296
2591,5.7,125.0,366,0.002990242
2592,5.7,145.0,746,0.001066441
2593,5.7,148.0,267,0.003314149
2594,5.7,188.0,662,0.002267048
2595,5.7,197.0,194,0.002272983
2602,5.2,190.0,662,0.001493229
2603,5.2,190.0,194,0.001411177
2613,5.7,69.0,340,0.018381014
2614,5.7,116.0,366,0.003484151
2615,5.7,139.0,267,0.005576999
2616,5.7,186.0,662,0.004427881
2617,5.7,188.0,194,0.00366872
2632,5.1,52.0,407,0.006516285
2633,5.1,51.0,481,0.011927392
2640,5.4,59.0,528,0.010439364
2641,5.4,68.0,375,0.007947112
2645,4.6,107.0,355,0.00364041
2646,4.6,108.0,366,0.00237922
2647,4.6,110.0,267,0.003203201
2660,4.9,1.1,412,0.136727222
2661,4.9,23.0,271,0.003191105
2662,4.9,94.0,358,0.001331338
2663,4.9,98.0,349,0.002553808
2664,4.9,107.0,366,0.001536596
2665,4.9,107.0,229,0.002474573
2666,4.9,113.0,301,0.002897254
2667,4.9,114.0,219,0.001860477
2668,4.9,124.0,249,0.001126106
2686,5.0,117.0,344,0.002597032
2687,5.0,122.0,509,0.001228607
2719,4.8,14.0,194,0.022346369
2720,4.8,23.0,302,0.052596875
2721,4.8,33.0,267,0.020916638
2722,4.8,50.0,355,0.005362369
2736,5.0,71.0,375,0.004229821
2737,5.0,38.0,485,0.006414483
2738,5.0,57.0,528,0.003800916
2752,4.1,80.0,338,0.002366893
2759,5.2,32.0,397,0.003912137
2760,5.2,65.0,460,0.001574388
2761,5.2,109.0,411,0.005310178
2762,5.2,186.0,264,0.000728292
2763,5.2,145.0,336,0.004182868
2764,5.2,151.0,387,0.001103129
2765,5.2,91.0,562,0.001779456
2766,5.2,135.0,192,0.002279712
2767,5.2,166.0,929,0.001427111
2768,5.2,182.0,343,0.002114952
2769,5.2,218.0,215,0.001281329
2774,5.2,88.0,249,0.008043734
2775,5.2,92.0,219,0.010835178
2776,5.2,93.0,301,0.01186174
2777,5.2,93.0,457,0.0038859
2778,5.2,98.0,229,0.011686361
2779,5.2,99.0,366,0.008683184
2780,5.2,108.0,349,0.015105614
2781,5.2,113.0,388,0.008490793
2782,5.2,176.0,401,0.001878046
2800,5.1,59.0,411,0.00861798
2801,5.1,70.0,265,0.004540447
2802,5.1,122.0,397,0.001603198
2803,5.1,87.0,321,0.004508171
2804,5.1,101.0,562,0.003135237
2805,5.1,84.0,929,0.002150217
2806,5.1,115.0,264,0.002452192
2807,5.1,132.0,460,0.002369962
2808,5.1,162.0,343,0.002677008
2809,5.1,142.0,215,0.003434049
2810,5.1,143.0,298,0.003092546
2812,5.1,137.0,266,0.004893314
2813,5.1,141.0,328,0.001720857
2814,5.1,159.0,336,0.007991212
2816,5.1,225.0,192,0.001621165
2817,5.1,5.0,219,0.192431014
2818,5.1,8.3,229,0.081656617
2819,5.1,9.0,301,0.187272971
2820,5.1,9.7,366,0.08142523
2821,5.1,19.0,349,0.035048035
2822,5.1,23.0,249,0.061474029
2823,5.1,24.0,358,0.030770513
2824,5.1,24.0,388,0.027024357
2825,5.1,28.0,457,0.033012407
2826,5.1,102.0,401,0.003125235
2827,5.1,133.0,662,0.002073347
2829,5.1,149.0,259,0.00305152
2858,4.8,69.0,375,0.00223088
2859,4.8,45.0,350,0.002419421
2860,4.8,61.0,528,0.00419582
2880,4.9,142.0,929,0.000448573
2882,4.9,63.0,397,0.000759705
2883,4.9,92.0,411,0.003581023
2884,4.9,88.0,460,0.00036212
2885,4.9,151.0,336,0.000901147
2886,4.9,166.0,264,0.000234538
2887,4.9,65.0,219,0.002335237
2888,4.9,65.0,249,0.001329849
2889,4.9,65.0,496,0.002949471
2891,4.9,71.0,457,0.001510494
2892,4.9,71.0,229,0.003833603
2893,4.9,72.0,366,0.002334861
2900,4.9,12.0,391,0.00840707
2901,4.9,16.0,194,0.014564592
2902,4.9,37.0,356,0.003717981
2903,4.9,45.0,267,0.008492342
2904,4.9,62.0,355,0.00232241
2905,4.9,71.0,366,0.002129369
2910,4.9,38.0,528,0.001766296
2921,5.5,135.0,528,0.00076081
2922,5.5,39.0,407,0.057069439
2923,5.5,63.0,481,0.004960759
2929,5.7,78.0,481,0.006509671
2931,5.7,115.0,528,0.001286328
2932,5.7,30.0,407,0.02330555
2936,4.8,82.0,481,0.001644365
2941,5.0,15.0,528,0.038836456
2943,5.0,117.0,375,0.001102059
2948,4.4,68.0,375,0.000687565
2950,4.8,15.0,528,0.019265739
2952,5.1,72.0,294,0.002107417
2980,4.7,78.0,345,0.001260266
2982,4.7,123.0,599,0.001588642
2983,5.3,168.0,295,0.000551296
2984,5.3,7.1,356,0.148052931
2985,5.3,122.0,316,0.00100003
2990,4.4,60.0,387,0.001146152
2992,4.4,49.0,193,0.00110572
2993,4.4,85.0,340,0.003575888
3016,4.4,30.0,356,0.00246112
3017,4.4,46.0,314,0.005280248
3018,4.4,54.0,528,0.000726479
3019,5.3,98.0,356,0.0015337
3020,5.3,35.0,248,0.012636553
3021,5.3,87.0,1024,0.001226111
3022,5.3,146.0,198,0.000973782
3023,5.3,16.0,344,0.043861883
3024,5.3,51.0,372,0.015553033
3025,5.3,114.0,194,0.002205178
3026,4.8,36.0,248,0.003652115
3027,4.8,148.0,198,0.000247644
3044,5.2,142.0,223,0.003464339
3045,5.2,161.0,192,0.002573157
3046,5.2,124.0,771,0.000829068
3047,5.2,100.0,387,0.007695291
3050,5.2,104.0,193,0.006976872
3051,5.2,143.0,340,0.009687136
3052,5.2,264.0,562,0.00014657
3053,5.2,209.0,273,0.000636125
3058,5.2,167.0,369,0.000735828
3059,5.2,206.0,662,0.0009237
3062,4.6,103.0,193,0.001073447
3063,4.9,102.0,193,0.006336985
3064,4.9,164.0,369,0.000825304
3065,4.9,99.0,387,0.005549641
3066,4.9,161.0,192,0.001658402
3084,5.1,36.0,248,0.005407653
3087,5.1,101.0,356,0.000647832
3101,4.4,122.0,562,0.000275259
3102,4.4,35.0,340,0.017219084
3103,4.4,41.0,273,0.001766771
3104,4.4,69.0,771,0.000686466
3105,4.4,105.0,369,0.000815179
3106,4.4,114.0,387,0.00050359
3108,4.9,161.0,368,0.000122893
3111,5.7,295.0,198,0.000488763
3112,5.7,277.0,929,0.000197149
3113,5.7,187.0,368,0.000427258
3114,5.7,223.0,215,0.001002902
3115,5.7,163.0,482,0.000549302
3116,5.7,231.0,226,0.000923446
3117,5.7,255.0,264,0.000621813
3154,5.6,163.0,482,0.00098323
3155,5.6,189.0,368,0.000845543
3156,5.6,223.0,215,0.001384261
3157,5.6,232.0,226,0.001131008
3160,5.6,334.0,411,0.000812481
3166,5.2,55.0,265,0.001894304
3287,4.7,73.0,387,0.002816827
3288,4.7,74.0,193,0.003489507
3289,4.7,103.0,771,0.000253064
3308,4.6,84.0,411,0.004970707
3309,4.6,160.0,215,0.001021758
3311,4.6,134.0,264,0.000572127
3312,4.6,88.0,999,0.002605368
3313,4.6,82.0,290,0.003374592
3316,4.6,189.0,487,0.000292469
3317,4.6,21.0,195,0.030653665
3318,4.6,28.0,388,0.038395848
3319,4.6,30.0,219,0.015120889
3320,4.6,31.0,572,0.020180495
3321,4.6,34.0,301,0.021958622
3322,4.6,35.0,349,0.007818918
3323,4.6,48.0,249,0.002613336
3324,4.6,53.0,457,0.001670871
3326,4.9,10.0,450,0.017338143
3327,4.9,69.0,291,0.001519367
3343,5.0,18.0,356,0.010658545
3360,4.6,115.0,387,0.001552212
3361,4.6,91.0,562,0.00212872
3362,4.6,194.0,929,0.000496859
3363,4.6,130.0,411,0.003908224
3364,4.6,113.0,192,0.002107856
3366,4.6,173.0,701,0.000254541
3367,4.6,127.0,219,0.002533913
3368,4.6,133.0,229,0.00329683
3369,4.6,149.0,358,0.001657406
3370,4.6,163.0,596,0.000675309
3372,6.1,202.0,507,0.001534709
3373,6.1,250.0,350,0.002746726
3374,6.1,330.0,290,0.001562788
3375,6.1,217.0,369,0.001827688
3376,6.1,235.0,356,0.004694351
3377,6.1,298.0,340,0.000961925
3378,6.1,148.0,1024,0.005909143
3382,6.1,124.0,746,0.006158176
3383,6.1,135.0,372,0.007410461
3398,5.0,45.0,390,0.022030612
3399,5.0,190.0,709,0.001336096
3400,5.0,36.0,652,0.038289515
3401,5.0,148.0,407,0.000898149
3402,5.0,177.0,421,0.002944021
3420,5.1,221.0,450,0.000317697
3421,5.1,172.0,291,0.000370219
3423,5.1,138.0,214,0.000739436
3455,5.2,151.0,198,0.001256552
3456,5.2,114.0,460,0.003721258
3457,5.2,58.0,562,0.006909411
3458,5.2,87.0,411,0.005680916
3459,5.2,119.0,264,0.001445169
3460,5.2,187.0,482,0.00041056
3461,5.2,86.0,266,0.008611786
3462,5.2,32.0,336,0.094005223
3509,5.1,36.0,369,0.009723984
3513,4.9,207.0,1113,0.000133877
3522,6.1,184.0,390,0.002298026
3523,6.1,35.0,528,0.045212089
3524,6.1,93.0,356,0.013796592
3525,6.1,92.0,519,0.004151361
3526,6.1,66.0,407,0.005119914
3527,6.1,113.0,315,0.007892647
3528,6.1,302.0,198,0.001670695
3529,6.1,202.0,652,0.001545233
3530,6.1,139.0,450,0.006610666
3531,6.1,5.5,329,0.060782446
3533,6.1,171.0,709,0.002488773
3535,5.5,37.0,528,0.011941015
3536,5.5,98.0,356,0.003194173
3537,5.5,12.0,329,0.043842227
3538,5.5,76.0,407,0.004207325
3540,4.9,39.0,528,0.002735924
3545,5.1,41.0,528,0.008038108
3546,5.1,101.0,356,0.002007336
3566,5.1,29.0,528,0.012275568
3568,5.1,91.0,356,0.002581568
3570,4.5,13.0,193,0.038136738
3606,4.1,90.0,290,0.000877965
3609,4.1,61.0,300,0.000852631
3632,4.6,26.0,460,0.029233706
3633,4.6,84.0,321,0.004321444
3634,4.6,47.0,223,0.016351484
3635,4.6,51.0,397,0.004403638
3636,4.6,146.0,411,0.003627099
3637,4.6,113.0,192,0.003568498
3638,4.6,172.0,315,0.002753013
3640,4.6,149.0,304,0.001586558
3641,4.6,117.0,340,0.001375212
3642,4.6,116.0,336,0.009716782
3643,4.6,139.0,273,0.001466764
3656,4.9,70.0,390,0.005973633
3659,4.9,104.0,863,0.00281333
3660,4.9,109.0,519,0.001121787
3661,4.9,64.0,481,0.00196999
3662,4.9,100.0,652,0.004007739
3683,4.5,82.0,1236,0.002819972
3687,4.5,155.0,999,0.000746377
3688,4.5,151.0,769,0.000437171
3689,4.5,147.0,305,0.001215904
3690,4.5,167.0,380,0.000597485
3691,4.5,119.0,300,0.001732679
3692,4.5,140.0,352,0.00193263
3693,4.5,130.0,300,0.002616777
3694,4.5,103.0,344,0.005158088
3695,4.5,142.0,181,0.001505688
3697,4.5,74.0,596,0.002968148
3730,5.3,156.0,460,0.005575562
3731,5.3,109.0,223,0.007327705
3732,5.3,118.0,397,0.004831962
3734,5.3,30.0,192,0.024492164
3736,5.3,156.0,193,0.003873278
3737,5.3,233.0,771,0.003846708
3738,5.3,235.0,827,0.000445582
3739,5.3,228.0,196,0.001649336
3740,5.3,226.0,836,0.000548692
3741,5.3,226.0,171,0.001017791
3742,5.3,231.0,460,0.000211494
3743,5.3,238.0,695,0.000449001
3744,5.3,231.0,298,0.000482267
3745,5.3,227.0,131,0.001199337
3746,5.3,227.0,875,0.001291368
3747,5.3,232.0,249,0.001108435
3748,5.3,233.0,414,0.000466843
3749,5.3,236.0,745,0.000370202
3750,5.3,230.0,271,0.001026648
3751,5.3,311.0,769,0.000138715
3753,5.3,269.0,701,0.000307201
3757,5.3,301.0,352,0.001004915
3758,5.3,292.0,300,0.000252321
3759,5.3,296.0,253,0.000516387
3766,5.3,120.0,408,0.011050158
3768,5.3,218.0,283,0.00473396
3776,5.0,7.5,369,0.103662117
3777,5.0,35.0,271,0.015881231
3778,5.0,64.0,771,0.001288841
3779,5.0,67.0,313,0.004610199
3781,5.0,68.0,196,0.005847034
3782,5.0,71.0,836,0.001657504
3783,5.0,71.0,171,0.004978902
3784,5.0,59.0,695,0.00148341
3785,5.0,66.0,298,0.003365808
3786,5.0,69.0,131,0.004470783
3789,5.0,65.0,249,0.003969252
3790,5.0,73.0,414,0.002252347
3791,5.0,74.0,459,0.002202479
3792,5.0,61.0,745,0.002214079
3793,5.0,67.0,271,0.007557148
3794,5.0,84.0,340,0.003374283
3795,5.0,95.0,273,0.009439401
3796,5.0,94.0,302,0.001359773
3802,4.9,124.0,367,0.001847204
3804,4.9,85.0,430,0.001887921
3805,4.9,36.0,538,0.003200715
3806,4.9,48.0,688,0.001683452
3807,4.9,54.0,619,0.003659823
3870,5.3,108.0,350,0.006307781
3872,4.2,102.0,411,0.001558456
3873,4.2,121.0,215,0.001126837
3874,4.2,122.0,328,0.000517218
3875,4.2,124.0,348,0.000603147
3878,4.2,74.0,595,0.001205459
3880,4.2,22.0,999,0.001573604
3881,4.2,22.0,999,0.003917046
3882,4.2,18.0,290,0.008199601
3883,4.2,28.0,701,0.004308961
3884,4.2,14.0,305,0.002938104
3885,4.2,49.0,380,0.0009154
3886,4.2,16.0,300,0.03389372
3887,4.2,5.7,352,0.048030406
3888,4.2,5.8,300,0.100926049
3890,4.2,8.0,181,0.024398907
3893,4.2,18.0,769,0.005217898
3894,4.2,45.0,195,0.002019633
3895,4.2,53.0,349,0.002019633
3896,4.2,62.0,229,0.002506456
3914,3.8,2.1,369,0.061484071
3915,3.8,49.0,271,0.002986868
3942,4.1,38.0,528,0.005715747
3943,4.1,55.0,356,0.00225053
3944,4.1,71.0,489,0.002263317
3979,6.1,231.0,1024,0.003662958
3980,6.1,249.0,248,0.010360608
3981,6.1,164.0,747,0.000925386
3982,6.1,196.0,393,0.007068048
3983,6.1,296.0,302,0.003240421
4025,5.2,138.0,369,0.001099362
4026,5.2,48.0,747,0.006303954
4027,5.2,90.0,393,0.001619631
4048,5.8,146.0,198,0.010375701
4049,5.8,207.0,369,0.0014362
4050,5.8,177.0,271,0.003518973
4051,5.8,157.0,321,0.017732235
4052,5.8,57.0,562,0.016650334
4053,5.8,159.0,397,0.005030423
4054,5.8,86.0,411,0.022089306
4055,5.8,111.0,265,0.053277882
4056,5.8,133.0,314,0.015284508
4057,5.8,141.0,215,0.007031459
4058,5.8,138.0,328,0.006501607
4059,5.8,138.0,298,0.010009363
4060,5.8,132.0,348,0.013981545
4061,5.8,115.0,264,0.007136297
4062,5.8,181.0,482,0.001556627
4063,5.8,195.0,1236,0.001495149
4064,5.8,207.0,436,0.002835291
4065,5.8,229.0,587,0.004221794
4066,5.8,183.0,193,0.007126381
4067,5.8,186.0,771,0.002326038
4068,5.8,188.0,313,0.004258785
4069,5.8,171.0,827,0.002431386
4070,5.8,180.0,468,0.002754193
4071,5.8,176.0,836,0.003103029
4072,5.8,181.0,171,0.006676981
4073,5.8,178.0,695,0.001940457
4074,5.8,179.0,298,0.007834605
4075,5.8,181.0,131,0.007151484
4076,5.8,172.0,875,0.00291682
4077,5.8,183.0,145,0.00871096
4078,5.8,175.0,249,0.005639831
4079,5.8,179.0,459,0.002763143
4080,5.8,185.0,745,0.002692092
4081,5.8,172.0,271,0.008031335
4082,5.8,199.0,999,0.001570443
4083,5.8,199.0,999,0.00264807
4084,5.8,186.0,769,0.002014857
4085,5.8,185.0,290,0.007643041
4086,5.8,184.0,701,0.002145438
4087,5.8,193.0,305,0.00683395
4088,5.8,232.0,380,0.000828438
4089,5.8,176.0,300,0.008157104
4090,5.8,190.0,300,0.001149387
4091,5.8,187.0,253,0.004730402
4092,5.8,80.0,266,0.026675167
4093,5.8,26.0,343,0.094801007
4094,5.8,25.0,304,0.076678597
4095,5.8,152.0,340,0.004216711
4096,5.8,105.0,292,0.017438587
4097,5.8,33.0,336,0.312451476
4098,5.8,105.0,273,0.009788965
4099,5.8,53.0,286,0.045491188
4100,5.8,259.0,345,0.001219797
4101,5.8,259.0,398,0.001144754
4102,5.8,261.0,914,0.00076793
4103,5.8,262.0,487,0.000804796
4106,5.8,116.0,401,0.012227748
4107,5.8,119.0,249,0.009294742
4111,5.8,137.0,219,0.020225283
4112,5.8,140.0,366,0.009006388
4113,5.8,141.0,229,0.019454725
4115,5.8,142.0,349,0.011987768
4119,5.8,145.0,572,0.003814482
4120,5.8,145.0,560,0.003239596
4121,5.8,144.0,805,0.002373874
4123,5.8,150.0,1598,0.00904367
4126,5.8,160.0,358,0.015461001
4127,5.8,187.0,181,0.011748382
4130,5.8,209.0,283,0.006085517
4153,4.6,93.0,411,0.00217094
4155,4.6,145.0,328,0.000528774
4156,4.6,145.0,298,0.00065651
4157,4.6,140.0,348,0.000808444
4158,4.6,88.0,266,0.00722064
4159,4.6,30.0,343,0.00904235
4160,4.6,31.0,304,0.007095955
4161,4.6,37.0,336,0.01158602
4164,4.6,149.0,229,0.001237784
4167,4.0,92.0,411,0.001751109
4169,4.0,34.0,343,0.004060476
4170,4.0,32.0,304,0.002452103
4171,4.0,34.0,336,0.016381696
4183,4.5,91.0,411,0.001484519
4184,4.5,138.0,348,0.000872157
4185,4.5,86.0,266,0.004693305
4186,4.5,30.0,343,0.019119812
4187,4.5,29.0,304,0.006573613
4188,4.5,38.0,336,0.006318693
4189,4.5,9.1,259,0.019215283
4271,4.2,37.0,343,0.003785432
4272,4.2,32.0,304,0.002073693
4273,4.2,32.0,336,0.005537962
4274,4.2,3.9,259,0.087461467
4304,4.4,64.0,562,0.001320383
4305,4.4,89.0,411,0.002545726
4307,4.4,85.0,266,0.004447153
4308,4.4,31.0,343,0.01374797
4309,4.4,27.0,304,0.007858723
4310,4.4,39.0,336,0.014178547
4311,4.4,57.0,286,0.003569375
4312,4.4,9.9,259,0.029806559
4322,5.1,112.0,460,0.001686666
4323,5.1,58.0,562,0.002158393
4324,5.1,89.0,411,0.005441042
4325,5.1,112.0,265,0.00813272
4327,5.1,89.0,266,0.012489307
4328,5.1,34.0,343,0.018947465
4329,5.1,30.0,304,0.012865143
4330,5.1,30.0,336,0.03335877
4331,5.1,58.0,286,0.007814229
4332,5.1,2.0,259,0.100300497
4334,5.1,139.0,929,0.000989787
4335,5.1,140.0,219,0.002863089
4376,4.3,32.0,343,0.009288679
4377,4.3,25.0,304,0.003614761
4378,4.3,40.0,336,0.009137336
4379,4.3,60.0,286,0.00299207
4380,4.3,11.0,259,0.004792236
4381,4.3,115.0,457,0.001011884
4480,5.4,39.0,407,0.015075571
4481,5.4,15.0,907,0.03156623
4484,5.4,56.0,663,0.002327095
4486,5.4,73.0,1380,0.002300669
4487,5.4,163.0,709,0.001673094
4488,5.4,144.0,936,0.002197338
4489,5.4,149.0,450,0.002889559
4495,5.0,115.0,460,0.001875187
4496,5.0,59.0,562,0.001838766
4497,5.0,89.0,411,0.002943372
4499,5.0,145.0,298,0.001358521
4500,5.0,140.0,348,0.002625142
4502,5.0,33.0,343,0.01804217
4503,5.0,30.0,304,0.013145443
4504,5.0,94.0,359,0.001706772
4505,5.0,32.0,336,0.040271776
4506,5.0,57.0,286,0.00736797
4510,5.0,140.0,219,0.001498015
4514,4.2,31.0,343,0.007023488
4515,4.2,34.0,304,0.004230861
4516,4.2,6.9,259,0.049344918
4544,4.4,61.0,946,0.001044707
4546,4.4,92.0,246,0.003156516
4547,4.4,12.0,501,0.044753307
4548,4.4,36.0,223,0.001778926
4549,4.4,84.0,390,0.001607273
4550,4.4,99.0,345,0.001606361
4571,4.5,3.9,929,0.09856358
4572,4.5,70.0,411,0.00215457
4574,4.5,61.0,215,0.011383681
4575,4.5,61.0,328,0.002463218
4576,4.5,63.0,298,0.003239959
4577,4.5,62.0,348,0.002283863
4578,4.5,82.0,701,0.005644966
4579,4.5,65.0,305,0.001663712
4580,4.5,66.0,300,0.001967292
4581,4.5,62.0,352,0.003489908
4582,4.5,70.0,300,0.003045649
4583,4.5,61.0,181,0.00321952
4584,4.5,31.0,401,0.006230709
4638,5.1,125.0,460,0.002307705
4639,5.1,54.0,321,0.006820262
4640,5.1,153.0,562,0.001055909
4641,5.1,73.0,397,0.004307222
4642,5.1,158.0,411,0.002594077
4643,5.1,99.0,265,0.003266193
4645,5.1,131.0,192,0.001917702
4648,5.1,111.0,595,0.002381791
4652,5.1,192.0,999,0.000363201
4653,5.1,188.0,290,0.001178955
4654,5.1,144.0,701,0.000862625
4655,5.1,184.0,305,0.001290694
4657,5.1,156.0,300,0.001097862
4658,5.1,168.0,300,0.001137891
4659,5.1,179.0,181,0.001467074
4662,5.1,25.0,408,0.013635318
4663,5.1,90.0,283,0.012831167
4664,5.1,122.0,219,0.002746578
4665,5.1,125.0,301,0.004578361
4666,5.1,126.0,229,0.003299315
4667,5.1,127.0,496,0.00196077
4668,5.1,128.0,249,0.001470083
4669,5.1,134.0,457,0.001387288
4670,5.1,135.0,1598,0.00310647
4671,5.1,140.0,344,0.003056759
4675,4.8,71.0,321,0.00421533
4737,5.6,146.0,489,0.000998225
4738,5.6,152.0,329,0.001093544
4739,5.6,63.0,315,0.002963139
4740,5.6,19.0,567,0.015226293
4741,5.6,71.0,594,0.001337011
4742,5.6,72.0,414,0.00199961
4765,7.1,111.0,295,0.01553478
4766,7.1,201.0,356,0.009193885
4767,7.1,189.0,463,0.004449532
4768,7.1,289.0,489,0.001527715
4769,7.1,265.0,907,0.001240629
4770,7.1,283.0,329,0.001839499
4771,7.1,339.0,315,0.001393668
4772,7.1,271.0,320,0.002757436
4773,7.1,362.0,594,0.000891293
4774,7.1,379.0,1380,0.001016458
4775,7.1,261.0,709,0.00193579
4776,7.1,352.0,986,0.002802957
4777,7.1,312.0,518,0.001220096
4778,7.1,198.0,450,0.008655564
4793,6.0,186.0,450,0.002174715
4794,6.0,73.0,273,0.012105698
4799,4.8,18.0,364,0.006304288
4800,4.8,20.0,364,0.007931877
4807,5.4,36.0,364,0.017846475
4838,5.1,37.0,364,0.00407781
4888,5.4,27.0,364,0.007456798
4893,5.7,6.1,364,0.177386171
4962,5.2,29.0,364,0.021543937
5048,4.8,105.0,223,0.004500319
5049,4.8,57.0,193,0.008562526
5050,4.8,81.0,771,0.000996654
5052,4.8,92.0,827,0.001320704
5056,4.8,77.0,171,0.002729442
5059,4.8,79.0,131,0.003766946
5066,4.8,88.0,271,0.00193045
5123,4.3,14.0,369,0.008773403
5124,4.3,48.0,771,0.001327316
5125,4.3,50.0,313,0.002439397
5130,4.3,55.0,171,0.002308747
5135,4.3,56.0,875,0.001159662
5141,4.3,54.0,271,0.003215688
5142,4.3,13.0,369,0.010356184
5143,4.3,54.0,271,0.002763729
5144,4.3,48.0,771,0.000575402
5152,4.3,45.0,695,0.000731695
5160,4.3,54.0,271,0.001426675
5255,4.4,35.0,369,0.0021129
5256,4.4,41.0,271,0.007783435
5262,4.4,52.0,171,0.003090818
5268,4.4,53.0,145,0.002529306
5275,4.4,44.0,271,0.010495945
5276,4.4,69.0,273,0.006314618
5345,5.2,105.0,375,0.00112596
5346,5.2,82.0,314,0.004478282
5347,5.2,20.0,312,0.051010536
5376,4.4,4.8,356,0.044429302
5377,4.4,40.0,463,0.006250714
5457,4.5,108.0,252,0.001001653
5458,4.5,87.0,411,0.001219541
5460,4.5,27.0,343,0.00800401
5461,4.5,24.0,304,0.005779847
5462,4.5,44.0,336,0.010261209
5463,4.5,77.0,629,0.001053632
5464,4.5,15.0,259,0.035691003
5489,4.2,28.0,343,0.010652388
5490,4.2,25.0,304,0.003663938
5491,4.2,43.0,336,0.004568674
5492,4.2,14.0,259,0.012277923
5502,4.8,66.0,562,0.001557035
5503,4.8,130.0,430,0.001552121
5504,4.8,110.0,252,0.001725065
5505,4.8,89.0,411,0.001882329
5507,4.8,140.0,328,0.000950916
5508,4.8,140.0,298,0.001317537
5509,4.8,134.0,348,0.002011008
5510,4.8,193.0,193,0.000872095
5512,4.8,197.0,313,0.00027703
5513,4.8,179.0,827,0.000141629
5518,4.8,211.0,460,0.000143921
5527,4.8,180.0,271,0.000520743
5528,4.8,188.0,769,0.00019137
5529,4.8,187.0,290,0.00093117
5530,4.8,195.0,305,0.000697686
5531,4.8,178.0,300,0.000568112
5532,4.8,189.0,352,0.00106803
5533,4.8,191.0,300,9.32388e-05
5541,4.8,28.0,343,0.030466834
5542,4.8,26.0,304,0.012241832
5543,4.8,42.0,336,0.015554143
5544,4.8,75.0,629,0.002206709
5546,4.8,56.0,286,0.007728778
5547,4.8,13.0,259,0.043814794
5550,4.8,133.0,194,0.001586312
5553,4.8,138.0,301,0.003072038
5554,4.8,142.0,219,0.00150206
5574,4.8,99.0,369,0.002699602
5575,4.8,169.0,192,0.001395248
5595,5.2,122.0,460,0.003482863
5596,5.2,64.0,562,0.002855396
5597,5.2,128.0,430,0.002097609
5598,5.2,109.0,252,0.003842496
5599,5.2,153.0,251,0.001846578
5600,5.2,87.0,411,0.004268943
5601,5.2,117.0,265,0.007053922
5603,5.2,139.0,328,0.00132076
5605,5.2,134.0,348,0.002601655
5606,5.2,194.0,771,0.000260426
5607,5.2,197.0,313,0.000573552
5615,5.2,188.0,459,0.000370339
5617,5.2,180.0,271,0.001007418
5618,5.2,187.0,769,0.000321134
5619,5.2,186.0,290,0.001294103
5620,5.2,186.0,701,0.000328882
5621,5.2,194.0,305,0.000871231
5622,5.2,177.0,300,0.001579332
5623,5.2,187.0,352,0.001647944
5624,5.2,190.0,300,0.000188484
5625,5.2,187.0,253,0.000623991
5633,5.2,82.0,266,0.008617471
5634,5.2,30.0,343,0.060487303
5635,5.2,41.0,336,0.059060925
5636,5.2,75.0,629,0.003826288
5637,5.2,58.0,286,0.015556779
5638,5.2,260.0,345,0.000184656
5641,5.2,12.0,259,0.201116088
5643,5.2,116.0,457,0.001552675
5646,5.2,135.0,194,0.001942465
5657,5.2,169.0,280,0.001636958
5668,4.0,91.0,411,0.001009733
5669,4.0,29.0,304,0.001400661
5670,4.0,39.0,336,0.007252278
5671,4.0,9.8,259,0.026309713
5685,4.2,64.0,562,0.001566786
5686,4.2,110.0,252,0.001487581
5687,4.2,88.0,411,0.003203716
5688,4.2,141.0,328,0.000452534
5689,4.2,135.0,348,0.00070464
5691,4.2,179.0,271,0.000163167
5692,4.2,84.0,266,0.003347398
5693,4.2,30.0,343,0.006909209
5694,4.2,26.0,304,0.00882882
5695,4.2,40.0,336,0.008848835
5696,4.2,73.0,629,0.000911647
5697,4.2,11.0,259,0.021508034
5733,4.1,34.0,393,0.00109223
5734,4.1,18.0,372,0.011790216
5740,4.1,87.0,411,0.001028454
5741,4.1,26.0,343,0.00984706
5742,4.1,23.0,304,0.00368192
5743,4.1,46.0,336,0.010183937
5759,5.6,330.0,315,0.005132425
5760,5.6,311.0,322,0.002515402
5765,4.4,38.0,481,0.006906173
5766,4.4,27.0,1380,0.007054187
5767,4.4,63.0,815,0.000954079
5777,5.0,55.0,321,0.002986635
5779,5.0,99.0,314,0.001003818
5780,5.0,88.0,304,0.003881927
5787,5.0,288.0,460,0.000228491
5790,5.0,268.0,875,0.000217634
5792,5.0,269.0,459,0.000324786
5793,5.0,271.0,271,0.000370701
5794,5.0,118.0,500,0.00159409
5796,5.0,172.0,290,0.000430612
5797,5.0,127.0,701,0.000426628
5800,5.0,140.0,300,0.000420827
5801,5.0,160.0,352,0.000437002
5802,5.0,151.0,300,0.000418305
5810,5.0,73.0,225,0.007578713
5814,5.0,16.0,326,0.047167088
5816,5.0,40.0,408,0.023321962
5817,5.0,72.0,283,0.005717179
5818,5.0,109.0,219,0.001484763
5827,6.1,210.0,198,0.004333822
5828,6.1,158.0,920,0.005793088
5829,6.1,63.0,1113,0.028888383
5830,6.1,116.0,285,0.009471256
5831,6.1,162.0,584,0.004158382
5832,6.1,221.0,290,0.002153421
5833,6.1,194.0,534,0.003906652
5834,6.1,190.0,271,0.007719261
5835,6.1,180.0,294,0.002681161
5836,6.1,122.0,367,0.00876911
5837,6.1,155.0,356,0.009973109
5838,6.1,348.0,193,0.001739721
5839,6.1,277.0,771,0.001025297
5840,6.1,280.0,313,0.001780427
5841,6.1,270.0,827,0.001162288
5842,6.1,273.0,468,0.001425173
5843,6.1,278.0,196,0.003668549
5844,6.1,280.0,836,0.000793529
5845,6.1,282.0,171,0.002578493
5846,6.1,285.0,460,0.001821973
5847,6.1,269.0,695,0.001580465
5848,6.1,277.0,298,0.003750409
5849,6.1,280.0,131,0.003293591
5850,6.1,277.0,875,0.001099034
5851,6.1,283.0,145,0.004047085
5852,6.1,274.0,249,0.002541163
5853,6.1,289.0,414,0.002471227
5854,6.1,284.0,459,0.000848125
5855,6.1,273.0,745,0.001144435
5856,6.1,274.0,271,0.002721386
5857,6.1,325.0,304,0.001017742
5858,6.1,287.0,629,0.001100857
5859,6.1,242.0,273,0.003105913
5860,6.1,105.0,1024,0.021711237
5861,6.1,26.0,248,0.185082494
5862,6.1,153.0,747,0.005517581
5863,6.1,81.0,393,0.019204838
5864,6.1,67.0,372,0.027096453
5868,6.1,155.0,560,0.021367935
5869,6.1,168.0,194,0.01233519
5870,6.1,172.0,302,0.010773627
5871,6.1,179.0,355,0.007096097
5887,4.3,30.0,248,0.007760574
5888,4.3,83.0,393,0.001460867
5889,4.3,70.0,372,0.002684083
5915,4.1,62.0,1113,0.000768153
5917,4.1,30.0,248,0.014367739
5918,4.1,71.0,372,0.000946844
5924,5.2,142.0,450,0.003470132
5932,4.7,128.0,367,0.001520633
5933,4.7,41.0,248,0.016760593
5934,4.7,107.0,393,0.001350852
5935,4.7,91.0,372,0.006041198
5946,4.6,70.0,562,0.001133328
5947,4.6,107.0,252,0.003514005
5948,4.6,151.0,251,0.000823332
5949,4.6,87.0,411,0.002378097
5950,4.6,137.0,314,0.001617761
5951,4.6,133.0,328,0.000554391
5952,4.6,127.0,348,0.000813375
5953,4.6,200.0,193,0.000248581
5955,4.6,204.0,313,0.000196476
5957,4.6,192.0,836,9.4387e-05
5958,4.6,197.0,171,0.00016234
5959,4.6,218.0,460,8.79285e-05
5961,4.6,197.0,131,0.000241343
5962,4.6,187.0,875,0.000115783
5965,4.6,229.0,414,7.96764e-05
5968,4.6,188.0,271,0.00027313
5969,4.6,183.0,290,0.000922237
5970,4.6,176.0,300,0.001350686
5971,4.6,185.0,352,0.001397275
5973,4.6,23.0,343,0.030649461
5974,4.6,23.0,304,0.005611459
5975,4.6,49.0,336,0.015030805
5976,4.6,82.0,629,0.001614593
5977,4.6,54.0,286,0.005693654
5978,4.6,20.0,259,0.027626615
5980,4.6,117.0,457,0.001128869
5983,4.6,127.0,496,0.001142333
5989,4.6,137.0,301,0.003935273
6005,3.9,25.0,311,0.002320492
6010,4.9,103.0,311,0.001308408
6011,4.9,29.0,364,0.004477034
6012,4.9,34.0,293,0.010522834
6095,5.0,265.0,1113,0.000313623
6125,5.7,152.0,507,0.001275747
6126,5.7,89.0,1113,0.007057052
6127,5.7,144.0,285,0.004802443
6128,5.7,211.0,584,0.001533345
6129,5.7,256.0,290,0.001031892
6130,5.7,239.0,534,0.001358649
6131,5.7,270.0,271,0.001952543
6132,5.7,203.0,367,0.001021409
6133,5.7,114.0,248,0.014664684
6134,5.7,152.0,393,0.004979863
6135,5.7,154.0,372,0.002649538
6157,4.8,88.0,731,0.001882052
6158,4.8,56.0,246,0.004854518
6159,4.8,45.0,430,0.004319192
6160,4.8,4.9,998,0.284784295
6161,4.8,50.0,390,0.002202695
6162,4.8,51.0,350,0.002971384
6163,4.8,54.0,599,0.002256494
6164,4.8,59.0,345,0.001976076
6165,4.8,64.0,421,0.000914844
6166,4.8,84.0,619,0.001316739
6167,4.8,107.0,271,0.003429521
6168,4.8,148.0,509,0.001542619
6172,4.3,36.0,192,0.003047971
6174,4.3,82.0,225,0.002358663
6186,4.6,83.0,430,0.001293032
6187,4.6,108.0,193,0.003214272
6188,4.6,90.0,771,0.00110969
6189,4.6,92.0,313,0.002666147
6190,4.6,75.0,827,0.001042397
6192,4.6,80.0,196,0.002086847
6193,4.6,80.0,836,0.001212738
6195,4.6,106.0,460,0.001995098
6199,4.6,76.0,875,0.001123412
6200,4.6,87.0,145,0.001808622
6203,4.6,84.0,459,0.001615139
6204,4.6,89.0,745,0.001354318
6205,4.6,76.0,271,0.002217187
6206,4.6,35.0,629,0.003853763
6207,4.6,24.0,273,0.01096008
6208,4.6,90.0,355,0.001332214
6311,4.6,96.0,246,0.002702456
6320,5.0,125.0,439,0.001817767
6322,5.0,75.0,469,0.004611354
6323,5.0,31.0,758,0.007064209
6324,5.0,68.0,721,0.005545726
6327,5.0,98.0,246,0.003151732
6328,5.0,125.0,376,0.00375031
6330,5.0,45.0,430,0.003427527
6331,5.0,13.0,485,0.039579171
6332,5.0,24.0,390,0.00943263
6333,5.0,29.0,672,0.016974777
6334,5.0,36.0,317,0.006073386
6335,5.0,45.0,421,0.002899852
6336,5.0,70.0,619,0.007097814
6337,5.0,73.0,350,0.002752748
6339,5.0,94.0,271,0.01210725
6340,5.0,104.0,538,0.002565722
6342,5.0,123.0,338,0.003731625
6343,5.0,141.0,509,0.001776901
6397,4.7,40.0,460,0.012084467
6399,4.7,58.0,421,0.004375841
6401,4.5,97.0,192,0.004057234
6402,4.5,121.0,286,0.001986305
6424,4.5,75.0,469,0.003186823
6427,4.5,123.0,376,0.002628292
6429,4.5,50.0,430,0.001478921
6430,4.5,14.0,485,0.009398142
6431,4.5,28.0,390,0.00238746
6432,4.5,29.0,672,0.003480693
6433,4.5,33.0,345,0.001528724
6434,4.5,39.0,317,0.001207422
6435,4.5,85.0,688,0.001031183
6478,4.4,9.2,485,0.016315797
6479,4.4,25.0,672,0.006152269
6480,4.4,26.0,390,0.003855079
6481,4.4,29.0,345,0.003386831
6482,4.4,35.0,317,0.00196559
6483,4.4,78.0,619,0.001404444
6484,4.4,88.0,688,0.00135072
6485,4.4,102.0,271,0.001912429
6492,3.9,8.8,485,0.01028242
6493,3.9,29.0,345,0.0016058
6494,3.9,36.0,317,0.000943329
6508,4.8,43.0,393,0.008029304
6509,4.8,82.0,372,0.000854925
6565,3.8,53.0,313,0.001253505
6575,5.7,246.0,369,0.001235675
6576,5.7,102.0,387,0.018428003
6577,5.7,221.0,321,0.008009382
6578,5.7,262.0,562,0.001462647
6579,5.7,124.0,223,0.017053618
6580,5.7,185.0,397,0.003456591
6581,5.7,181.0,430,0.003338614
6582,5.7,196.0,662,0.004015476
6583,5.7,340.0,252,0.004879115
6584,5.7,297.0,314,0.002566375
6585,5.7,90.0,192,0.020979546
6586,5.7,159.0,304,0.011089062
6587,5.7,128.0,286,0.021846689
6588,5.7,125.0,315,0.017564887
6589,5.7,238.0,322,0.002618919
6590,5.7,278.0,639,0.001780712
6591,5.7,129.0,193,0.017953498
6592,5.7,190.0,771,0.000999952
6593,5.7,187.0,313,0.002398021
6594,5.7,199.0,827,0.001283937
6595,5.7,194.0,468,0.001459049
6596,5.7,190.0,196,0.004133483
6597,5.7,188.0,836,0.001541708
6598,5.7,181.0,460,0.001997731
6599,5.7,198.0,695,0.001057813
6600,5.7,187.0,131,0.005132469
6601,5.7,191.0,875,0.001714411
6602,5.7,184.0,145,0.005098046
6603,5.7,194.0,249,0.003068861
6604,5.7,179.0,414,0.002414164
6605,5.7,183.0,459,0.002227606
6606,5.7,193.0,745,0.001706212
6607,5.7,169.0,205,0.004309381
6608,5.7,137.0,207,0.003107015
6609,5.7,194.0,271,0.002613734
6610,5.7,269.0,500,0.001643938
6612,5.7,353.0,701,0.000701591
6613,5.7,391.0,305,0.002159608
6614,5.7,361.0,300,0.002337272
6615,5.7,382.0,352,0.002746911
6616,5.7,376.0,300,0.000550483
6617,5.7,378.0,253,0.001369378
6618,5.7,273.0,336,0.005289735
6619,5.7,171.0,225,0.020197052
6627,5.7,319.0,229,0.010281756
6698,4.5,130.0,286,0.00154186
6699,4.5,132.0,193,0.001282569
6705,4.5,185.0,145,0.000443928
6707,4.5,196.0,271,0.000291365
6812,4.5,65.0,369,0.002687353
6814,4.5,120.0,313,0.001313043
6822,4.5,127.0,271,0.000734326
6833,4.1,44.0,284,0.003601282
6834,4.1,29.0,422,0.006712005
6835,4.1,33.0,327,0.007773286
6869,4.9,296.0,573,0.000110519
6890,3.7,111.0,390,0.000871668
6893,3.7,69.0,469,0.000807514
6898,3.7,53.0,430,0.00033939
6899,3.7,6.9,485,0.005595138
6900,3.7,27.0,390,0.001426907
6901,3.7,34.0,317,0.000789556
6919,3.5,133.0,469,0.000127289
6920,3.5,25.0,430,0.000798983
6972,4.0,112.0,390,0.000933233
6973,4.0,186.0,555,0.000118054
6974,4.0,142.0,660,0.000214834
6975,4.0,79.0,863,0.001118599
6976,4.0,69.0,469,0.000864227
6977,4.0,37.0,758,0.001568352
6978,4.0,70.0,721,0.001348149
6979,4.0,156.0,481,0.00038618
6980,4.0,182.0,1380,7.31689e-05
6984,4.0,109.0,654,0.000276262
6985,4.0,49.0,731,0.001103739
6987,4.0,123.0,376,0.00078354
6989,4.0,52.0,430,0.000897582
6990,4.0,6.5,485,0.007989109
6991,4.0,23.0,672,0.00400267
6992,4.0,25.0,390,0.002267156
7031,4.5,61.0,1024,0.002257751
7032,4.5,32.0,747,0.001268126
7033,4.5,43.0,393,0.002339044
7034,4.5,81.0,372,0.000766979
7040,3.7,50.0,731,0.000521086
7042,3.7,51.0,430,0.000354069
7043,3.7,8.4,485,0.004182693
7044,3.7,25.0,672,0.002537098
7052,3.9,53.0,731,0.000955697
7055,3.9,49.0,430,0.000477262
7056,3.9,11.0,485,0.013439786
7057,3.9,25.0,390,0.002230189
7058,3.9,28.0,672,0.004436261
7100,3.8,119.0,501,0.000189031
7101,3.8,111.0,390,0.000810685
7102,3.8,140.0,660,0.000158154
7103,3.8,70.0,469,0.001016472
7104,3.8,66.0,721,0.0012805
7105,3.8,110.0,654,0.000237166
7107,3.8,100.0,246,0.001115629
7108,3.8,121.0,376,0.001263356
7110,3.8,54.0,430,0.000597982
7111,3.8,9.6,485,0.004343773
7113,3.8,78.0,863,0.000684204
7176,5.0,193.0,198,0.000374375
7177,5.0,227.0,357,0.000172782
7178,5.0,135.0,507,0.000222303
7180,5.0,171.0,299,0.000686767
7181,5.0,138.0,369,0.000422039
7182,5.0,123.0,307,0.00056357
7183,5.0,177.0,294,9.41755e-05
7184,5.0,125.0,367,0.000387939
7186,5.0,110.0,356,0.00145595
7187,5.0,104.0,462,0.001411434
7188,5.0,122.0,345,0.000845286
7189,5.0,82.0,344,0.001217574
7191,5.0,197.0,313,0.000160513
7193,5.0,202.0,460,0.000148975
7195,5.0,205.0,414,0.000131268
7200,5.0,191.0,271,0.000317003
7203,5.0,227.0,336,0.000307597
7205,5.0,206.0,229,0.000218677
7206,5.0,73.0,248,0.003696023
7207,5.0,64.0,324,0.001732408
7208,5.0,44.0,697,0.002316964
7209,5.0,18.0,873,0.020780458
7210,5.0,84.0,747,0.00076224
7211,5.0,20.0,393,0.006760138
7212,5.0,69.0,732,0.000760977
7213,5.0,99.0,560,0.002932163
7214,5.0,101.0,302,0.001522941
7475,3.8,120.0,860,0.000187958
7476,3.8,90.0,481,0.001186426
7477,3.8,140.0,1380,6.43502e-05
7479,3.8,80.0,735,0.000221909
7480,3.8,101.0,246,0.000728381
7482,3.8,61.0,815,0.001064357
7617,4.6,134.0,501,0.000148379
7618,4.6,60.0,469,0.000236385
7619,4.6,108.0,579,0.000130167
7620,4.6,127.0,735,0.000128895
7621,4.6,15.0,315,0.007295641
7622,4.6,43.0,731,0.000836554
7623,4.6,84.0,390,0.000255506
7625,4.6,111.0,430,0.000189597
7727,4.0,47.0,192,0.002260068
7728,4.0,75.0,403,0.001107759
7729,4.0,61.0,286,0.001419381
7731,4.0,153.0,322,0.000366339
7778,3.7,61.0,510,0.000567587
7779,3.7,27.0,335,0.005510655
7781,3.7,111.0,255,0.000614122
7782,3.7,139.0,193,0.000124082
7783,3.7,48.0,362,0.005907639
7784,3.7,39.0,514,0.001151556
7785,3.7,145.0,421,0.000171546
7834,4.0,77.0,233,0.001049286
7836,4.0,75.0,215,0.001647844
7838,4.0,82.0,868,0.000914338
7839,4.0,78.0,310,0.004737796
7840,4.0,77.0,374,0.00333638
7841,4.0,79.0,455,0.002459497
7842,4.0,87.0,271,0.002776968
7843,4.0,20.0,210,0.023199858
7845,4.0,89.0,271,0.002598242
7855,4.5,122.0,372,0.000235216
7857,4.5,21.0,688,0.004247268
7858,4.5,41.0,255,0.019761855
7859,4.5,24.0,362,0.009394665
7860,4.5,64.0,514,0.000475582
7861,4.5,133.0,422,0.000935808
7862,4.5,97.0,246,0.003162962
7871,5.0,127.0,387,0.003001864
7872,5.0,177.0,321,0.002475282
7874,5.0,165.0,330,0.002466944
7876,5.0,148.0,397,0.001430687
7878,5.0,180.0,662,0.001330822
7880,5.0,286.0,411,0.001194988
7884,5.0,45.0,192,0.007840664
7885,5.0,115.0,304,0.00285462
7886,5.0,68.0,403,0.002557979
7887,5.0,121.0,324,0.003473303
7888,5.0,66.0,286,0.008180811
7889,5.0,119.0,683,0.002401397
7890,5.0,45.0,483,0.005479334
7891,5.0,49.0,315,0.010973436
7892,5.0,162.0,322,0.001483646
7895,5.0,183.0,558,0.000363053
7897,5.0,238.0,827,0.000243699
7904,5.0,195.0,328,0.001738188
7905,5.0,189.0,361,0.000836097
7907,5.0,193.0,500,0.001008437
7912,5.0,108.0,225,0.006630492
7913,5.0,186.0,224,0.001674607
7915,5.0,248.0,277,0.000932822
7979,4.0,144.0,198,0.000382772
7980,4.0,113.0,357,0.000386973
7982,4.0,173.0,321,0.000257025
7983,4.0,78.0,562,0.000410073
7984,4.0,106.0,312,0.00041432
7987,4.0,95.0,401,0.002238155
7989,4.0,138.0,251,0.000419051
7990,4.0,79.0,411,0.001605975
7993,4.0,117.0,215,0.000645723
7994,4.0,114.0,328,0.000807978
7995,4.0,114.0,298,0.001186677
7996,4.0,108.0,348,0.001847407
7997,4.0,93.0,264,0.001710865
7998,4.0,114.0,407,0.000548228
7999,4.0,175.0,558,0.000104987
8000,4.0,170.0,769,0.000120364
8001,4.0,170.0,290,0.000634345
8002,4.0,178.0,305,0.000335284
8003,4.0,164.0,300,0.000756863
8004,4.0,24.0,343,0.008749964
8005,4.0,19.0,304,0.006186192
8006,4.0,68.0,336,0.003999149
8007,4.0,39.0,259,0.003502
8046,3.8,137.0,460,0.000421571
8047,3.8,104.0,562,0.000708932
8048,3.8,107.0,330,0.000669325
8050,3.8,99.0,401,0.000615853
8053,3.8,59.0,411,0.001364029
8054,3.8,76.0,265,0.001482285
8056,3.8,15.0,348,0.004832696
8057,3.8,28.0,459,0.005369034
8058,3.8,27.0,448,0.002628113
8059,3.8,19.0,394,0.062591023
8060,3.8,24.0,448,0.010383355
8062,3.8,139.0,215,0.000186057
8066,3.8,101.0,639,0.000200505
8070,3.8,77.0,290,0.000562651
8071,3.8,48.0,701,0.000485617
8072,3.8,78.0,305,0.00016118
8073,3.8,49.0,300,0.000617752
8074,3.8,65.0,300,0.000275534
8075,3.8,54.0,344,0.000671408
8076,3.8,66.0,253,0.000272276
8077,3.8,82.0,282,0.000359551
8079,3.8,51.0,884,0.000392397
8082,3.8,123.0,304,0.000675282
8083,3.8,116.0,224,0.000566633
8085,3.8,26.0,277,0.005093055
8087,3.8,4.8,229,0.047194373
8088,3.8,6.4,366,0.025435355
8089,3.8,8.2,301,0.110172468
8090,3.8,17.0,1598,0.005066715
8091,3.8,18.0,496,0.033009797
8092,3.8,21.0,358,0.003922392
8093,3.8,22.0,388,0.00191068
8094,3.8,24.0,249,0.014527038
8096,3.8,69.0,279,0.000454303
8101,3.8,137.0,662,0.000415963
8103,3.8,150.0,259,0.000713947
8149,4.1,84.0,460,0.00111555
8150,4.1,133.0,387,0.001092446
8151,4.1,46.0,321,0.002253054
8152,4.1,132.0,562,0.000185377
8153,4.1,34.0,330,0.001864576
8154,4.1,30.0,397,0.002190549
8156,4.1,84.0,662,0.000909715
8157,4.1,158.0,411,0.000354654
8159,4.1,156.0,348,0.000223302
8160,4.1,93.0,192,0.001020091
8161,4.1,21.0,304,0.002152002
8162,4.1,114.0,403,0.001469803
8163,4.1,49.0,324,0.001613269
8164,4.1,67.0,286,0.000837198
8165,4.1,91.0,483,0.001327248
8168,4.1,133.0,403,0.001329714
8345,4.4,137.0,528,0.000175355
8347,4.4,174.0,907,6.78525e-05
8349,4.4,45.0,375,0.000736202
8350,4.4,55.0,316,0.000819064
8351,4.4,46.0,495,0.000673277
8352,4.4,73.0,280,0.000581143
8354,4.4,110.0,581,7.71826e-05
8459,3.8,64.0,316,0.000137001
8463,3.8,28.0,555,0.000869762
8465,3.8,74.0,270,0.000334975
8482,4.1,118.0,1024,0.000167368
8483,4.1,95.0,324,0.00010324
8484,4.1,115.0,697,0.000115145
8485,4.1,107.0,873,0.000406709
8487,4.1,87.0,393,0.000463303
8488,4.1,128.0,372,0.000325562
8489,4.1,36.0,732,0.000123032
8512,4.4,97.0,485,0.00132873
8518,4.4,59.0,367,0.004532736
8524,4.4,132.0,263,0.000168328
8544,3.7,115.0,295,0.000252724
8545,3.7,150.0,314,7.11965e-05
8546,3.7,56.0,293,0.001078316
8554,3.7,120.0,271,8.30175e-05
8575,4.1,77.0,439,0.000174191
8576,4.1,32.0,501,0.001106773
8577,4.1,137.0,469,0.000319637
8578,4.1,105.0,731,0.001016729
8581,4.1,58.0,390,0.001095674
8637,4.4,128.0,295,0.000359911
8638,4.4,83.0,273,0.002158594
8639,4.4,151.0,314,0.000134944
8640,4.4,17.0,364,0.004750619
8641,4.4,65.0,293,0.003412028
8660,4.8,171.0,450,0.000313678
8661,4.8,25.0,294,0.021802249
8662,4.8,26.0,445,0.011494456
8663,4.8,103.0,471,0.000976831
8664,4.8,23.0,365,0.023748104
8665,4.8,78.0,273,0.001364123
8667,4.8,83.0,348,0.001344132
8668,4.8,146.0,335,0.000403611
8669,4.8,162.0,328,0.000436441
8670,4.8,153.0,482,0.000481915
8671,4.8,182.0,362,0.000270013
8673,4.8,163.0,769,0.000150939
8675,4.8,166.0,305,0.000455115
8678,4.8,171.0,181,0.000746558
8679,4.8,154.0,190,0.001460405
8684,4.8,128.0,412,0.000678609
8685,4.8,172.0,421,0.000468645
8686,4.8,102.0,200,0.00254218
8687,4.8,77.0,530,0.002014666
8688,4.8,62.0,280,0.002555857
8692,4.8,57.0,487,0.00249973
8694,4.8,68.0,355,0.00189921
8715,4.8,133.0,460,0.000765071
8716,4.8,201.0,387,0.001055185
8717,4.8,154.0,562,0.000166246
8718,4.8,58.0,330,0.001475803
8719,4.8,160.0,223,0.000939593
8720,4.8,85.0,397,0.001396654
8721,4.8,159.0,251,0.000266975
8722,4.8,153.0,411,0.000349676
8723,4.8,100.0,265,0.001981382
8724,4.8,102.0,314,0.000754099
8725,4.8,126.0,348,0.000459424
8727,4.8,113.0,396,0.000261257
8728,4.8,116.0,229,0.001007772
8729,4.8,116.0,301,0.00070824
8730,4.8,123.0,410,0.000622982
8731,4.8,150.0,192,0.001809747
8732,4.8,88.0,304,0.002469803
8733,4.8,179.0,403,0.001223062
8734,4.8,117.0,324,0.002077392
8735,4.8,154.0,315,0.001410076
8736,4.8,144.0,322,0.002640718
8738,4.8,147.0,587,0.001639486
8740,4.8,59.0,247,0.001074857
8741,4.8,114.0,500,0.001565132
8742,4.8,170.0,305,0.000219445
8744,4.8,153.0,300,0.000342947
8746,4.8,183.0,190,0.000419013
8747,4.8,174.0,303,0.000257472
8748,4.8,178.0,303,0.00018659
8750,4.8,168.0,215,0.000396399
8751,4.8,203.0,304,0.000154265
8752,4.8,72.0,225,0.003710946
8755,4.8,101.0,312,0.000173831
8757,4.8,74.0,283,0.003527817
8758,4.8,116.0,286,0.001926681
8760,4.0,152.0,562,4.08242e-05
8762,4.0,83.0,397,0.000287627
8763,4.0,151.0,411,0.000109915
8764,4.0,125.0,348,0.000156373
8765,4.0,112.0,396,0.00010224
8768,4.0,114.0,324,0.000249792
8771,4.0,147.0,587,0.000489307
8774,4.0,16.0,224,0.010976973
8775,4.0,37.0,313,0.001566337
8776,4.0,101.0,312,5.93236e-05
8778,4.0,74.0,283,0.00123162
8788,3.8,26.0,407,0.007323996
8790,3.8,53.0,489,0.000295023
8791,3.8,51.0,1380,0.000198562
8820,5.0,109.0,299,0.001621406
8823,5.0,300.0,612,0.000265473
8827,5.0,182.0,321,0.000699696
8828,5.0,141.0,402,0.002060892
8830,5.0,182.0,538,0.000707469
8882,3.9,77.0,372,0.000156662
8884,3.9,99.0,335,0.000106724
8888,4.0,83.0,403,0.000280754
8889,4.0,161.0,324,0.000224088
8890,4.0,176.0,683,0.00035292
8891,4.0,96.0,483,0.00031566
8892,4.0,95.0,429,0.000284669
8924,4.3,104.0,295,0.00014557
8925,4.3,117.0,273,0.000176669
8927,4.3,23.0,293,0.002675823
8933,4.3,88.0,271,8.93827e-05
8939,4.1,153.0,1113,0.000180471
8940,4.1,97.0,285,0.001045889
8941,4.1,37.0,584,0.000599363
8942,4.1,28.0,290,0.001211587
8943,4.1,6.0,534,0.000930197
8944,4.1,109.0,299,0.00130146
8946,4.1,159.0,402,0.000211749
8971,5.9,368.0,946,0.000576992
8972,5.9,106.0,920,0.003208639
8973,5.9,142.0,507,0.001264978
8974,5.9,146.0,1113,0.001282743
8975,5.9,87.0,350,0.011347076
8976,5.9,93.0,285,0.014290477
8977,5.9,102.0,584,0.007281862
8978,5.9,79.0,290,0.007571294
8979,5.9,94.0,534,0.008341577
8980,5.9,104.0,299,0.012595426
8981,5.9,308.0,390,0.000918808
8982,5.9,198.0,337,0.002422947
8983,5.9,272.0,356,0.001507963
8984,5.9,241.0,395,0.001188664
8985,5.9,308.0,345,0.001094427
8986,5.9,205.0,344,0.003086418
8987,5.9,382.0,482,0.000316809
8988,5.9,377.0,407,0.000352501
8989,5.9,234.0,445,0.000792563
8990,5.9,313.0,612,0.001521136
8991,5.9,195.0,490,0.003372963
8992,5.9,131.0,855,0.003641895
8993,5.9,400.0,271,0.000198194
8994,5.9,229.0,321,0.001693843
8995,5.9,320.0,280,0.000813407
8996,5.9,251.0,363,0.00149213
8997,5.9,364.0,343,0.000421484
8998,5.9,284.0,393,0.00131927
8999,5.9,328.0,732,0.000506605
9000,5.9,150.0,402,0.00709944
9001,5.9,159.0,408,0.003044878
9002,5.9,192.0,457,0.004541252
9003,5.9,203.0,309,0.004803969
9009,5.9,434.0,310,0.001570809
9011,5.9,436.0,455,0.000951346
9013,5.9,429.0,470,0.002370772
9015,5.9,427.0,448,0.001537885
9016,5.9,427.0,350,0.002803087
9017,5.9,427.0,404,0.002893431
9019,5.9,429.0,567,0.000791104
9020,5.9,440.0,374,0.000574319
9021,5.9,405.0,460,0.001370449
9025,5.9,403.0,304,0.000670874
9027,5.9,413.0,629,0.000411451
9033,5.9,206.0,538,0.003386295
9055,3.5,11.0,390,0.005290936
9056,3.5,43.0,863,0.000548572
9058,3.5,60.0,469,0.00038362
9061,3.5,123.0,758,0.00033979
9062,3.5,56.0,481,0.001281611
9063,3.5,48.0,654,0.000382559
9064,3.5,92.0,731,0.000348773
9065,3.5,99.0,541,0.000505237
9068,3.5,132.0,545,0.000147363
9069,3.5,122.0,440,0.000109128
9070,3.5,127.0,561,8.73482e-05
9071,3.5,129.0,280,0.000240984
9072,3.5,123.0,346,0.000142686
9073,3.5,128.0,317,0.000139391
9093,3.7,72.0,387,0.00052213
9094,3.7,47.0,192,0.000731703
9096,3.7,100.0,324,0.000214614
9097,3.7,86.0,286,0.000495048
9099,3.7,46.0,429,0.001139826
9101,3.7,104.0,193,0.000545817
9102,3.7,132.0,207,9.69554e-05
9103,3.7,137.0,328,0.000238856
9116,3.5,25.0,460,0.004705947
9118,3.5,15.0,300,0.020207763
9119,3.5,59.0,562,0.000764103
9120,3.5,100.0,330,0.000468494
9121,3.5,29.0,312,0.001115322
9122,3.5,28.0,430,0.001831251
9123,3.5,26.0,662,0.002823709
9124,3.5,121.0,411,0.001236874
9126,3.5,121.0,683,0.000284115
9127,3.5,133.0,343,0.000470694
9128,3.5,111.0,304,0.000573962
9131,4.2,138.0,469,0.000423271
9135,4.2,71.0,688,0.000353844
9136,4.2,60.0,618,0.001026645
9137,4.2,80.0,272,0.00085685
9138,4.2,102.0,338,0.000503014
9139,4.2,107.0,731,0.00152676
9141,4.2,98.0,541,0.002198756
9142,4.2,82.0,484,0.001369603
9143,4.2,56.0,390,0.001282706
9144,4.2,63.0,574,0.000562592
9145,4.2,67.0,715,0.001259764
9146,4.2,66.0,545,0.001363673
9147,4.2,69.0,484,0.002495508
9148,4.2,71.0,714,0.002612569
9149,4.2,75.0,440,0.001193174
9151,4.2,68.0,280,0.001450851
9152,4.2,73.0,346,0.002222994
9153,4.2,69.0,317,0.002201895
9154,4.2,32.0,430,0.002830753
9269,4.7,72.0,946,0.000334513
9271,4.7,83.0,501,0.000486421
9274,4.7,247.0,660,0.000151898
9275,4.7,189.0,469,0.000270131
9276,4.7,126.0,758,0.001774852
9277,4.7,164.0,721,0.001164008
9278,4.7,65.0,720,0.005027203
9285,4.7,21.0,310,0.040687638
9289,4.7,56.0,470,0.001907647
9290,4.7,53.0,283,0.001748088
9292,4.7,54.0,350,0.005265452
9295,4.7,58.0,447,0.002251124
9297,4.7,72.0,377,0.002105701
9300,4.7,68.0,344,0.003032145
9301,4.7,43.0,688,0.002917713
9302,4.7,46.0,618,0.006616777
9303,4.7,41.0,338,0.010705675
9304,4.7,39.0,539,0.005532784
9305,4.7,125.0,367,0.000354544
9306,4.7,135.0,612,0.000115775
9307,4.7,102.0,362,0.000207469
9308,4.7,229.0,490,5.49169e-05
9311,4.7,163.0,731,0.000436887
9312,4.7,144.0,541,0.000931945
9313,4.7,106.0,390,0.001314206
9314,4.7,123.0,574,0.000513013
9315,4.7,126.0,715,0.000653301
9316,4.7,125.0,545,0.00069099
9317,4.7,126.0,484,0.000800511
9318,4.7,129.0,714,0.000818057
9319,4.7,131.0,440,0.000894895
9320,4.7,127.0,561,0.000895932
9321,4.7,123.0,280,0.0012573
9322,4.7,127.0,346,0.001151605
9323,4.7,127.0,317,0.001458994
9324,4.7,235.0,376,0.000655077
9325,4.7,74.0,430,0.002207234
9326,4.7,49.0,350,0.001204388
9328,4.7,40.0,208,0.00154891
9330,4.7,84.0,599,0.001341038
9332,4.7,155.0,314,0.000171115
9333,4.7,200.0,863,0.000431687
9335,4.3,116.0,295,0.00045398
9336,4.3,119.0,273,0.000635887
9337,4.3,176.0,303,0.000208035
9338,4.3,101.0,311,0.001818417
9339,4.3,36.0,364,0.002653606
9345,4.3,95.0,271,0.000304799
9389,4.4,53.0,501,0.001279054
9391,4.4,119.0,469,0.000706803
9394,4.4,43.0,720,0.002048776
9395,4.4,91.0,221,0.000708979
9397,4.4,85.0,868,0.000535643
9398,4.4,89.0,310,0.00206715
9400,4.4,130.0,470,0.000366383
9401,4.4,128.0,448,0.000380792
9406,4.4,116.0,460,0.000340534
9407,4.4,75.0,688,0.000594593
9408,4.4,63.0,618,0.000653095
9409,4.4,87.0,272,0.000910645
9410,4.4,112.0,338,0.000823342
9411,4.4,96.0,539,0.000408969
9412,4.4,124.0,305,0.00138126
9413,4.4,153.0,654,0.000158894
9416,4.4,79.0,541,0.004463646
9417,4.4,64.0,484,0.001568945
9418,4.4,37.0,390,0.003004149
9421,4.4,47.0,545,0.001684711
9422,4.4,49.0,484,0.002692675
9426,4.4,48.0,280,0.002452956
9427,4.4,53.0,346,0.001816033
9428,4.4,50.0,317,0.003045517
9430,4.4,185.0,376,0.000772959
9432,4.4,23.0,430,0.005949481
9433,4.4,34.0,350,0.001441431
9435,4.4,34.0,599,0.001861157
9436,4.4,92.0,597,0.000893446
9438,4.4,137.0,314,0.00043621
9451,4.2,37.0,946,0.001207623
9452,4.2,27.0,485,0.000735253
9453,4.2,98.0,501,0.000279493
9454,4.2,35.0,519,0.003017757
9456,4.2,106.0,470,0.000190011
9458,4.2,106.0,329,0.000204865
9459,4.2,106.0,447,0.000315981
9460,4.2,108.0,377,0.000210889
9461,4.2,138.0,377,8.80331e-05
9462,4.2,94.0,374,8.81723e-05
9463,4.2,74.0,460,0.000232778
9464,4.2,119.0,688,9.54306e-05
9465,4.2,103.0,338,0.000365928
9466,4.2,111.0,539,0.000107622
9467,4.2,50.0,367,0.001556074
9469,4.2,69.0,612,0.000874017
9470,4.2,31.0,362,0.007209179
9471,4.2,135.0,430,0.00011543
9472,4.2,106.0,350,6.81992e-05
9473,4.2,65.0,208,0.000860055
9474,4.2,149.0,599,6.64714e-05
9475,4.0,26.0,364,0.002809259
9483,4.5,92.0,540,0.002685808
9487,4.5,94.0,285,0.002556708
9514,3.8,54.0,463,0.000504058
9515,3.8,83.0,519,0.000339155
9516,3.8,90.0,907,0.000115846
9517,3.8,67.0,329,0.000100884
9541,3.9,90.0,469,0.000385217
9542,3.9,100.0,907,5.71546e-05
9543,3.9,73.0,450,0.000169579
9544,3.9,75.0,860,0.000508657
9545,3.9,32.0,481,0.008721579
9546,3.9,26.0,1380,0.000701701
9547,3.9,94.0,579,0.000267764
9548,3.9,58.0,815,0.000922114
9549,3.9,61.0,654,0.00029361
9550,3.9,122.0,731,0.000247789
9552,3.9,134.0,541,0.000439263
9553,3.9,175.0,390,0.000143203
9554,3.9,86.0,376,0.000799857
9556,3.9,79.0,863,0.000196694
9608,4.8,62.0,290,0.000988056
9609,4.8,80.0,534,0.00073974
9610,4.8,109.0,299,0.000520746
9613,4.8,194.0,337,0.000102812
9614,4.8,191.0,490,0.000350195
9615,4.8,134.0,855,0.000369475
9616,4.8,144.0,402,0.001069728
9617,4.8,72.0,285,0.002016337
9625,4.3,139.0,299,0.000162668
9628,4.3,54.0,873,0.000692093
9629,4.3,19.0,372,0.008476278
9630,4.3,112.0,732,0.000230531
9688,4.2,100.0,875,0.001310949
9690,4.2,88.0,579,0.000386342
9692,4.2,44.0,660,0.000628902
9693,4.2,81.0,445,0.000871461
9701,4.1,49.0,171,0.00143581
9714,4.1,32.0,328,0.002656689
9715,4.1,75.0,328,0.001336425
9717,4.1,26.0,1141,0.004403981
9764,6.9,320.0,307,0.003365514
9765,6.9,371.0,390,0.002289812
9766,6.9,360.0,301,0.002183143
9767,6.9,352.0,269,0.00464297
9768,6.9,344.0,354,0.004159876
9769,6.9,342.0,371,0.001991742
9770,6.9,200.0,460,0.028517364
9771,6.9,233.0,300,0.015633792
9772,6.9,185.0,330,0.028585819
9773,6.9,140.0,223,0.028517364
9774,6.9,198.0,430,0.015054958
9775,6.9,199.0,662,0.026936638
9776,6.9,179.0,555,0.016341935
9777,6.9,143.0,444,0.026252514
9778,6.9,216.0,293,0.05301935
9779,6.9,326.0,252,0.019166917
9780,6.9,305.0,411,0.015950958
9781,6.9,233.0,265,0.019536475
9782,6.9,306.0,348,0.012226627
9783,6.9,293.0,459,0.007409929
9784,6.9,280.0,396,0.010670596
9785,6.9,290.0,394,0.010309714
9786,6.9,280.0,448,0.017911227
9787,6.9,288.0,249,0.016985556
9788,6.9,292.0,301,0.017985956
9789,6.9,307.0,410,0.008424656
9790,6.9,228.0,375,0.016958031
9791,6.9,64.0,192,0.13614485
9792,6.9,135.0,304,0.035005646
9793,6.9,83.0,403,0.031998647
9794,6.9,141.0,324,0.043717532
9795,6.9,84.0,286,0.111199012
9796,6.9,138.0,683,0.041784427
9797,6.9,64.0,483,0.099857752
9798,6.9,67.0,429,0.050397116
9799,6.9,101.0,366,0.0593574
9800,6.9,371.0,345,0.001550323
9801,6.9,385.0,232,0.003108324
9802,6.9,57.0,315,0.112761796
9803,6.9,169.0,322,0.029971504
9804,6.9,101.0,709,0.064170385
9805,6.9,384.0,264,0.006717765
9806,6.9,233.0,639,0.009112386
9807,6.9,344.0,587,0.007310933
9808,6.9,288.0,323,0.006000021
9809,6.9,257.0,247,0.013345745
9810,6.9,271.0,283,0.021066792
9811,6.9,276.0,420,0.009169955
9812,6.9,310.0,1747,0.002032295
9813,6.9,173.0,193,0.03561899
9814,6.9,245.0,771,0.001974456
9815,6.9,199.0,558,0.008046084
9816,6.9,305.0,286,0.009260691
9817,6.9,242.0,313,0.006632825
9818,6.9,251.0,827,0.00321122
9819,6.9,248.0,468,0.003030654
9820,6.9,243.0,196,0.013250902
9821,6.9,241.0,836,0.00416985
9822,6.9,239.0,171,0.00789894
9823,6.9,240.0,460,0.003962866
9824,6.9,245.0,298,0.009617837
9825,6.9,241.0,131,0.011377663
9826,6.9,243.0,875,0.004016481
9827,6.9,247.0,249,0.007304129
9828,6.9,240.0,414,0.005857728
9829,6.9,237.0,459,0.004411921
9830,6.9,249.0,745,0.003576304
9831,6.9,223.0,205,0.010969097
9832,6.9,200.0,207,0.010040016
9833,6.9,232.0,532,0.004254151
9834,6.9,246.0,271,0.008726607
9835,6.9,288.0,271,0.002084088
9836,6.9,280.0,328,0.00665502
9837,6.9,206.0,328,0.010805501
9838,6.9,202.0,361,0.006874364
9839,6.9,185.0,608,0.010280999
9840,6.9,180.0,317,0.044286713
9841,6.9,365.0,290,0.005209016
9842,6.9,333.0,300,0.005697527
9843,6.9,346.0,300,0.001986277
9844,6.9,350.0,253,0.004989128
9845,6.9,370.0,282,0.003795466
9846,6.9,374.0,190,0.010075944
9847,6.9,328.0,884,0.002909257
9848,6.9,371.0,214,0.00575836
9849,6.9,365.0,303,0.006668082
9850,6.9,361.0,826,0.001700812
9851,6.9,360.0,215,0.003713875
9852,6.9,381.0,266,0.010607036
9853,6.9,351.0,343,0.0070413
9854,6.9,324.0,304,0.010601074
9855,6.9,384.0,438,0.004578079
9856,6.9,313.0,259,0.009305441
9857,6.9,239.0,340,0.006091066
9858,6.9,241.0,292,0.012977056
9859,6.9,327.0,359,0.002597453
9860,6.9,291.0,336,0.020629412
9861,6.9,270.0,629,0.008262354
9862,6.9,293.0,273,0.00710892
9863,6.9,266.0,341,0.004857978
9864,6.9,239.0,229,0.014086632
9865,6.9,381.0,324,0.000799996
9866,6.9,394.0,697,0.000501826
9867,6.9,396.0,747,0.000526465
9868,6.9,126.0,225,0.079275261
9869,6.9,203.0,224,0.039074018
9870,6.9,199.0,313,0.026748736
9871,6.9,174.0,538,0.047897279
9872,6.9,169.0,484,0.087737439
9873,6.9,267.0,277,0.014464885
9874,6.9,290.0,312,0.009164211
9875,6.9,304.0,196,0.011666544
9876,6.9,308.0,382,0.008297536
9877,6.9,311.0,199,0.008525654
9878,6.9,326.0,280,0.00688616
9879,6.9,342.0,251,0.009635539
9880,6.9,290.0,488,0.009216394
9886,6.9,411.0,348,0.004186757
9889,6.9,386.0,380,0.001635057
9890,6.9,420.0,873,0.000525472
9895,6.9,171.0,408,0.065217331
9897,6.9,297.0,366,0.012220566
9900,6.9,357.0,181,0.009433658
10006,4.3,201.0,460,0.000419669
10007,4.3,200.0,321,0.000339506
10009,4.3,140.0,223,0.001418785
10011,4.3,183.0,555,0.000222938
10012,4.3,143.0,444,0.000874491
10014,4.3,66.0,192,0.002187467
10015,4.3,138.0,304,0.000359956
10016,4.3,81.0,403,0.000666605
10018,4.3,89.0,286,0.001750479
10019,4.3,142.0,683,0.000795238
10020,4.3,67.0,483,0.001373531
10024,4.3,175.0,322,0.000730454
10025,4.3,203.0,328,0.000212943
10027,4.3,187.0,317,0.000548103
10028,4.3,209.0,224,0.000800393
10030,4.3,180.0,538,0.000573697
10031,4.3,175.0,484,0.000996063
10034,4.3,201.0,662,0.000330647
10064,4.6,45.0,192,0.001191632
10068,4.6,60.0,286,0.000559138
10069,4.6,114.0,683,0.00043405
10074,4.6,80.0,709,0.000459497
10076,4.6,202.0,328,0.000139071
10125,4.2,157.0,555,0.000149421
10127,4.2,197.0,293,0.000398153
10129,4.2,114.0,304,0.000439379
10130,4.2,78.0,403,0.000236869
10131,4.2,62.0,286,0.000946816
10135,4.2,98.0,366,0.000574863
10136,4.2,38.0,315,0.001055832
10137,4.2,151.0,322,0.000295542
10138,4.2,78.0,709,0.000421948
10143,4.2,180.0,224,0.00041132
10146,4.2,146.0,484,0.000864712
10179,4.9,168.0,460,0.001506433
10180,4.9,157.0,321,0.003343676
10182,4.9,117.0,223,0.001980706
10184,4.9,139.0,555,0.001320182
10186,4.9,180.0,293,0.00130671
10187,4.9,189.0,375,0.001379626
10188,4.9,36.0,192,0.005620211
10190,4.9,72.0,403,0.00164953
10191,4.9,98.0,683,0.004718917
10198,4.9,193.0,639,0.000656781
10200,4.9,145.0,317,0.003049448
10205,4.9,130.0,484,0.006731132
10207,4.9,45.0,286,0.011428264
10209,4.9,168.0,662,0.001115114
10210,4.2,171.0,460,0.000636565
10211,4.2,161.0,321,0.000521684
10213,4.2,143.0,555,0.000299902
10215,4.2,38.0,192,0.001718234
10217,4.2,72.0,403,0.000351738
10218,4.2,48.0,286,0.003729504
10219,4.2,102.0,683,0.00099389
10220,4.2,37.0,483,0.001273485
10221,4.2,41.0,429,0.000529829
10224,4.2,148.0,322,0.00040168
10225,4.2,69.0,709,0.000971987
10226,4.2,149.0,317,0.000451682
10228,4.2,167.0,224,0.000696744
10229,4.2,138.0,538,0.000685317
10230,4.2,134.0,484,0.001752637
10231,4.2,28.0,403,0.003495617
10233,4.2,136.0,408,0.00596773
10234,4.2,170.0,662,0.000377962
10255,4.3,108.0,295,0.000375521
10286,4.3,53.0,316,0.001469792
10289,4.3,45.0,280,0.004196402
10292,4.3,137.0,303,0.000106788
10293,4.3,76.0,555,0.000258814
10294,4.3,27.0,645,0.001869177
10297,4.3,31.0,479,0.001861482
10301,4.3,172.0,460,0.000810601
10302,4.3,160.0,321,0.0007234
10304,4.3,122.0,223,0.001532357
10306,4.3,171.0,662,0.000562206
10308,4.3,127.0,444,0.000759243
10309,4.3,41.0,192,0.00449436
10312,4.3,112.0,324,0.001775073
10313,4.3,47.0,286,0.004925643
10314,4.3,101.0,683,0.001456629
10316,4.3,44.0,429,0.001581164
10320,4.3,65.0,709,0.000999062
10322,4.3,144.0,317,0.000612554
10323,4.3,164.0,224,0.000611591
10324,4.3,135.0,538,0.000870619
10346,4.0,206.0,460,0.000388957
10347,4.0,142.0,223,0.000743534
10349,4.0,205.0,662,0.000217561
10352,4.0,151.0,683,0.000639559
10353,4.0,74.0,483,0.000725668
10354,4.0,75.0,429,0.000640782
10355,4.0,98.0,366,0.000809356
10361,4.0,186.0,484,0.000324755
10408,4.6,70.0,946,0.000651165
10409,4.6,189.0,469,0.000248247
10411,4.6,65.0,720,0.004182799
10412,4.6,20.0,233,0.003241423
10415,4.6,24.0,424,0.004505751
10417,4.6,23.0,310,0.014826234
10418,4.6,22.0,374,0.006022083
10420,4.6,58.0,470,0.001301686
10423,4.6,57.0,350,0.00355008
10424,4.6,58.0,404,0.003787711
10425,4.6,60.0,447,0.001422075
10426,4.6,60.0,567,0.000521953
10427,4.6,59.0,377,0.001484848
10428,4.6,74.0,377,0.001252778
10430,4.6,71.0,344,0.002185929
10431,4.6,45.0,688,0.001544858
10432,4.6,41.0,539,0.001740268
10433,4.6,124.0,367,0.000472804
10434,4.6,201.0,305,0.000427032
10435,4.6,126.0,484,0.000921944
10436,4.6,105.0,390,0.001321473
10437,4.6,122.0,574,0.00105116
10438,4.6,126.0,715,0.001049634
10439,4.6,124.0,545,0.00094616
10441,4.6,128.0,714,0.001030198
10442,4.6,130.0,440,0.001921304
10444,4.6,123.0,280,0.002279703
10445,4.6,127.0,346,0.00198247
10446,4.6,48.0,350,0.001259548
10447,4.6,84.0,599,0.001059313
10459,4.8,233.0,299,0.000660418
10463,4.8,227.0,732,0.000541923
10485,4.1,106.0,483,0.000260718
10486,4.1,107.0,429,0.000232986
10487,4.1,96.0,315,0.001110016
10489,4.1,63.0,403,0.001017168
10508,4.3,107.0,344,0.001940518
10512,4.3,95.0,732,0.000582999
10546,4.1,63.0,403,0.000521945
10600,4.6,14.0,321,0.013039317
10603,4.6,29.0,397,0.005657283
10605,4.6,96.0,430,0.001820687
10608,4.6,172.0,929,0.000455134
10609,4.6,181.0,401,0.000475245
10611,4.6,113.0,411,0.003592194
10612,4.6,42.0,265,0.003994674
10613,4.6,115.0,348,0.0018697
10614,4.6,99.0,459,0.00234933
10615,4.6,86.0,396,0.004456672
10616,4.6,95.0,249,0.005212098
10617,4.6,97.0,488,0.003276827
10618,4.6,105.0,229,0.005860988
10619,4.6,118.0,410,0.003161603
10621,4.6,59.0,304,0.000587162
10622,4.6,146.0,403,0.000694204
10623,4.6,67.0,324,0.001704206
10624,4.6,60.0,683,0.002247569
10627,4.6,149.0,366,0.001533362
10628,4.6,134.0,709,0.000471333
10631,4.6,104.0,247,0.001173157
10633,4.6,113.0,283,0.001692285
10636,4.6,138.0,317,0.001492814
10637,4.6,178.0,769,0.0001552
10638,4.6,147.0,300,0.000908904
10639,4.6,182.0,282,0.000439368
10641,4.6,179.0,303,0.000647595
10642,4.6,147.0,304,0.000508851
10643,4.6,197.0,438,0.000250621
10644,4.6,152.0,259,0.001342055
10645,4.6,144.0,629,0.000815431
10649,4.6,85.0,224,0.002400183
10651,4.6,92.0,538,0.004512386
10653,4.6,120.0,196,0.001321607
10654,4.6,121.0,382,0.001435421
10655,4.6,126.0,199,0.00105877
10657,4.6,106.0,366,0.004263268
10658,4.6,118.0,358,0.001553546
10659,4.6,174.0,403,0.001585987
10727,4.1,137.0,929,0.00021762
10749,4.0,172.0,403,0.00011146
10753,4.0,115.0,558,0.000416457
10754,4.0,118.0,286,0.000266944
10759,4.0,49.0,171,0.001298957
10764,4.0,58.0,875,0.000444651
10765,4.0,47.0,145,0.000794952
10774,4.0,49.0,328,0.003708028
10775,4.0,69.0,361,0.000479019
10778,4.0,79.0,340,0.000567804
10826,4.2,136.0,284,0.000983751
10827,4.2,115.0,368,0.000706769
10828,4.2,127.0,373,0.000828734
10832,4.2,64.0,328,0.002871605
10834,4.2,141.0,327,0.001408525
10835,4.2,165.0,417,0.000262858
10837,4.2,185.0,248,0.000141197
10838,4.2,65.0,420,0.002158676
10923,3.8,115.0,330,0.000269871
10924,3.8,119.0,555,0.000237394
10925,3.8,115.0,293,0.000440964
10928,3.8,76.0,411,0.000855622
10929,3.8,91.0,265,0.00042196
10930,3.8,22.0,348,0.00364635
10931,3.8,45.0,396,0.000229167
10932,3.8,43.0,249,0.00120512
10933,3.8,37.0,488,0.001282983
10934,3.8,20.0,229,0.005434421
10935,3.8,27.0,301,0.001750394
10939,3.8,59.0,283,0.001002777
10941,3.8,68.0,769,0.000187163
10942,3.8,67.0,290,0.000581963
10943,3.8,31.0,701,0.000651341
10944,3.8,66.0,305,0.000160046
10945,3.8,36.0,300,0.000897128
10946,3.8,51.0,300,0.000337641
10948,3.8,35.0,884,0.000919537
10950,3.8,58.0,279,0.000446799
10954,3.8,141.0,304,0.000128945
10957,3.8,95.0,381,0.000368217
10959,3.8,31.0,277,0.001583067
10960,3.8,9.2,312,0.005359944
10961,3.8,8.7,196,0.014123733
10964,3.8,30.0,280,0.000572045
10965,3.8,7.7,358,0.003084911
10966,3.8,21.0,366,0.004197461
10967,3.8,53.0,253,0.000324488
10989,4.1,49.0,324,0.003289931
10990,4.1,79.0,873,0.000655065
10991,4.1,75.0,393,0.000477908
10992,4.1,113.0,372,0.000236195
11012,5.2,252.0,429,0.000174696
11015,5.1,61.0,198,0.003838409
11016,5.1,91.0,357,0.004635889
11018,5.1,95.0,245,0.002252798
11022,5.1,91.0,534,0.001007951
11023,5.1,156.0,299,0.000610665
11024,5.1,169.0,607,0.00020474
11025,5.1,169.0,390,0.000213
11029,5.1,135.0,356,0.000468543
11030,5.1,87.0,395,0.000908987
11032,5.1,164.0,345,0.000332087
11033,5.1,131.0,344,0.000699995
11034,5.1,153.0,232,0.000556526
11036,5.1,196.0,407,0.000145277
11040,5.1,97.0,363,0.001161897
11041,5.1,183.0,343,0.000332199
11049,5.1,157.0,560,0.000131579
11090,5.8,332.0,369,9.17069e-05
11091,5.8,316.0,414,0.00010225
11092,5.8,347.0,205,0.000137452
11093,5.8,337.0,328,0.000203764
11094,5.8,314.0,1141,5.60065e-05
11095,5.8,349.0,732,9.6849e-05
11167,4.1,115.0,362,0.000104518
11168,4.1,110.0,338,8.28914e-05
11169,4.1,134.0,229,0.00011918
11172,4.1,153.0,885,3.57455e-05
11173,4.1,149.0,362,0.000181774
11174,4.1,113.0,514,7.12986e-05
11175,4.1,178.0,401,7.02899e-05
11198,5.0,128.0,429,0.000646391
11204,5.3,246.0,357,0.000587107
11208,5.3,114.0,1113,0.000951113
11211,5.3,71.0,534,0.002706989
11214,5.3,134.0,813,0.000950979
11215,5.3,77.0,596,0.001389371
11220,5.3,157.0,337,0.000696668
11225,5.3,231.0,462,0.000686106
11226,5.3,268.0,345,0.000454738
11227,5.3,165.0,344,0.001046075
11230,5.3,224.0,567,0.000637039
11231,5.3,217.0,477,0.001479016
11232,5.3,204.0,445,0.000284472
11244,5.3,252.0,873,0.000967876
11245,5.3,246.0,393,0.001370208
11247,5.3,292.0,732,0.000396971
11248,5.3,240.0,234,0.001055915
11249,5.3,181.0,402,0.003041257
11250,5.3,242.0,457,0.001078728
11251,5.3,298.0,263,0.000386688
11252,5.3,288.0,505,0.000359262
11254,5.3,108.0,285,0.014564939
11257,5.3,228.0,538,0.000856527
11258,5.3,248.0,560,0.000338509
11301,4.1,133.0,660,0.000183506
11302,4.1,158.0,528,0.000105351
11303,4.1,70.0,407,0.003316744
11304,4.1,112.0,489,0.000276865
11305,4.1,118.0,329,0.000216719
11306,4.1,96.0,450,0.000823346
11307,4.1,94.0,315,0.000461978
11308,4.1,82.0,567,0.000322949
11310,4.1,93.0,541,0.000732794
11311,4.1,143.0,284,0.000216148
11312,4.1,97.0,481,0.000670659
11313,4.1,109.0,1380,0.000199351
11316,4.1,139.0,654,8.07358e-05
11322,4.1,114.0,340,0.001017366
11323,4.1,115.0,282,0.000431364
11328,4.1,180.0,863,2.29501e-05
11333,4.0,193.0,198,0.00013067
11334,4.0,104.0,422,0.000697215
11419,4.3,53.0,507,0.002324884
11423,4.3,134.0,301,0.000352638
11424,4.3,53.0,367,0.000634822
11427,4.3,40.0,206,0.001491239
11429,4.3,14.0,344,0.00998376
11434,4.3,43.0,248,0.002367824
11436,4.3,102.0,393,0.00015729
11437,4.3,154.0,732,0.000128203
11440,4.3,107.0,1010,0.00018974
11442,4.3,34.0,599,0.004034007
11445,4.3,106.0,560,0.00025842
11471,4.0,77.0,271,0.000413218
11473,4.0,95.0,630,0.00015538
11477,4.0,102.0,558,0.000225868
11480,4.0,29.0,827,0.001471767
11481,4.0,23.0,468,0.003782252
11482,4.0,29.0,196,0.004404516
11484,4.0,29.0,171,0.001565442
11486,4.0,26.0,298,0.004320837
11487,4.0,27.0,131,0.001000716
11488,4.0,33.0,875,0.000601953
11499,4.0,57.0,328,0.000819943
11500,4.0,66.0,361,0.000293754
11503,4.0,134.0,629,0.000217287
11584,3.9,68.0,271,0.000411031
11586,3.9,87.0,371,0.000155783
11587,3.9,89.0,630,0.000118855
11588,3.9,91.0,986,0.000203126
11589,3.9,70.0,894,0.000167548
11590,3.9,133.0,387,0.000500438
11591,3.9,159.0,223,0.000300698
11592,3.9,142.0,430,0.000179441
11593,3.9,103.0,193,0.001028416
11594,3.9,26.0,771,0.004620058
11595,3.9,105.0,558,0.000467577
11596,3.9,72.0,286,0.000552635
11600,3.9,33.0,196,0.003479184
11604,3.9,30.0,298,0.00294109
11605,3.9,32.0,131,0.00297044
11616,3.9,33.0,271,0.002384661
11620,3.9,64.0,328,0.002694186
11621,3.9,72.0,361,0.00136238
11623,3.9,105.0,608,0.000227545
11624,3.9,54.0,340,0.000511797
11627,3.9,131.0,629,0.000179314
11628,3.9,93.0,273,0.000794985
11630,3.9,73.0,229,0.001115321
11632,3.9,111.0,948,9.79406e-05
11633,3.9,134.0,1010,4.94826e-05
11634,3.9,146.0,219,0.000146917
11643,4.3,33.0,929,0.005893949
11644,4.3,58.0,401,0.001070509
11649,4.3,94.0,411,0.003359062
11650,4.3,101.0,314,0.000994253
11651,4.3,70.0,348,0.00103405
11652,4.3,88.0,459,0.000741101
11653,4.3,99.0,396,0.000720853
11654,4.3,88.0,488,0.001372817
11655,4.3,81.0,229,0.001892713
11656,4.3,85.0,301,0.00214472
11658,4.3,76.0,215,0.00074661
11659,4.3,79.0,298,0.001315891
11660,4.3,80.0,348,0.001093817
11661,4.3,67.0,264,0.000405562
11662,4.3,119.0,407,0.000177833
11665,4.3,84.0,1182,0.000921139
11666,4.3,41.0,999,0.00042657
11668,4.3,32.0,769,0.002270532
11669,4.3,31.0,290,0.012210388
11670,4.3,41.0,305,0.001319895
11671,4.3,54.0,300,0.003067152
11672,4.3,41.0,352,0.003987725
11673,4.3,51.0,300,0.000968451
11675,4.3,29.0,282,0.002802665
11676,4.3,34.0,190,0.004059588
11678,4.3,39.0,214,0.003163359
11680,4.3,37.0,303,0.003030925
11681,4.3,42.0,188,0.003719442
11683,4.3,35.0,258,0.002560627
11684,4.3,142.0,304,0.000407138
11690,4.3,51.0,272,0.000329434
11691,4.3,91.0,312,0.000639879
11692,4.3,78.0,196,0.000759572
11693,4.3,71.0,382,0.000762823
11694,4.3,72.0,199,0.000853123
11696,4.3,102.0,914,0.000207053
11698,4.3,106.0,487,0.000135724
11699,4.3,86.0,183,0.000476701
11703,4.3,74.0,358,0.000810692
11705,4.3,79.0,366,0.00091356
11735,4.4,23.0,273,0.002605924
11737,4.4,145.0,373,0.000431595
11738,4.4,59.0,314,0.001185308
11804,4.8,162.0,198,0.000413743
11806,4.8,151.0,299,0.000903929
11807,4.8,108.0,813,0.000949139
11809,4.8,158.0,369,0.000304368
11810,4.8,98.0,390,0.0010748
11811,4.8,95.0,301,0.001110682
11812,4.8,99.0,269,0.001703728
11813,4.8,106.0,371,0.00067622
11816,4.8,98.0,986,0.000433705
11817,4.8,134.0,894,0.000236096
11821,4.8,85.0,356,0.00127553
11823,4.8,80.0,462,0.001574283
11824,4.8,106.0,345,0.00067726
11825,4.8,51.0,344,0.002690139
11826,4.8,89.0,805,0.000640168
11829,4.8,39.0,567,0.003849567
11830,4.8,59.0,477,0.002779211
11834,4.8,199.0,827,5.85413e-05
11838,4.8,40.0,1024,0.003064673
11839,4.8,60.0,248,0.003489221
11841,4.8,44.0,873,0.004097081
11842,4.8,55.0,393,0.001319736
11843,4.8,105.0,732,0.0002582
11844,4.8,79.0,278,0.00033543
11848,4.8,71.0,599,0.000940971
11856,4.4,117.0,271,0.000352438
11857,4.4,95.0,390,0.000555541
11858,4.4,91.0,301,0.00065045
11860,4.4,100.0,354,0.000707566
11862,4.4,135.0,630,0.000133722
11865,4.4,93.0,367,0.000212571
11868,4.4,83.0,356,0.000765864
11869,4.4,103.0,345,0.000366497
11870,4.4,53.0,344,0.000851681
11872,4.4,63.0,303,0.001128498
11874,4.4,36.0,567,0.002657008
11875,4.4,57.0,477,0.001942184
11877,4.4,37.0,1024,0.001988139
11879,4.4,60.0,697,0.000675531
11880,4.4,42.0,873,0.002199863
11881,4.4,55.0,393,0.000708603
11882,4.4,18.0,372,0.019266338
11883,4.4,105.0,732,0.000139829
11884,4.4,80.0,278,0.000235839
11885,4.4,103.0,948,0.00020699
11890,4.4,77.0,560,0.00071718
11945,4.0,53.0,343,0.001067711
11948,4.0,77.0,629,0.000272464
12145,4.0,201.0,387,0.000302335
12146,4.0,141.0,321,0.000595185
12148,4.0,149.0,330,0.00029884
12149,4.0,146.0,397,0.000154519
12150,4.0,118.0,430,0.00103122
12152,4.0,98.0,293,0.00250074
12153,4.0,121.0,929,0.000215219
12154,4.0,108.0,401,0.000345656
12164,4.0,121.0,229,0.000889023
12168,4.0,164.0,324,0.0002869
12169,4.0,188.0,683,0.000198784
12172,4.0,145.0,407,5.74e-05
12174,4.0,195.0,328,0.000175319
12177,4.0,86.0,438,0.000227886
12178,4.0,28.0,259,0.001386935
12189,4.0,120.0,366,0.000436882
12190,4.0,141.0,358,0.000416116
12197,4.2,129.0,301,0.000159409
12198,4.2,124.0,269,0.00055358
12199,4.2,109.0,371,0.0003014
12200,4.2,82.0,580,0.000864478
12201,4.2,66.0,630,0.000939951
12203,4.2,79.0,894,0.000580679
12207,4.2,159.0,345,0.000126519
12208,4.2,144.0,344,0.00012286
12212,4.2,44.0,324,0.001734792
12213,4.2,59.0,697,0.001238045
12215,4.2,30.0,747,0.002622301
12216,4.2,46.0,393,0.001209076
12219,4.2,37.0,278,0.003055299
12221,4.2,25.0,219,0.008813531
12223,4.2,64.0,234,0.001189682
12231,4.5,176.0,198,0.000116876
12232,4.5,157.0,390,8.90047e-05
12233,4.5,77.0,300,0.005899206
12234,4.5,40.0,562,0.001950278
12235,4.5,146.0,330,0.000603516
12236,4.5,144.0,397,0.000268884
12237,4.5,74.0,312,0.002614983
12238,4.5,117.0,430,0.001373625
12239,4.5,105.0,662,0.001932102
12240,4.5,95.0,293,0.004297553
12241,4.5,119.0,929,0.000529417
12242,4.5,107.0,401,0.001021308
12243,4.5,63.0,411,0.001934538
12244,4.5,91.0,265,0.002812278
12246,4.5,119.0,348,0.000823895
12247,4.5,91.0,459,0.001145835
12248,4.5,95.0,396,0.001816891
12249,4.5,101.0,488,0.000998565
12250,4.5,118.0,229,0.001378253
12251,4.5,111.0,301,0.004421544
12252,4.5,127.0,410,0.000772679
12253,4.5,109.0,375,0.001517789
12254,4.5,163.0,324,0.000547573
12255,4.5,186.0,683,0.000277805
12256,4.5,148.0,345,0.000119094
12257,4.5,136.0,298,0.000705436
12258,4.5,109.0,264,0.000423088
12259,4.5,187.0,482,0.000101164
12260,4.5,145.0,407,0.000143046
12261,4.5,177.0,1747,8.65248e-05
12262,4.5,186.0,193,0.000455874
12263,4.5,145.0,558,0.00035083
12264,4.5,157.0,286,0.000220062
12265,4.5,202.0,313,0.000332132
12266,4.5,185.0,827,0.000217531
12267,4.5,189.0,196,0.000459206
12268,4.5,189.0,836,0.000180091
12269,4.5,194.0,171,0.000297075
12273,4.5,199.0,745,0.00022095
12274,4.5,197.0,205,0.000261264
12275,4.5,186.0,271,0.000754472
12276,4.5,197.0,328,0.00031821
12280,4.5,53.0,343,0.002827395
12281,4.5,20.0,304,0.003151251
12282,4.5,86.0,438,0.000524204
12283,4.5,31.0,259,0.003713223
12284,4.5,45.0,593,0.001019964
12285,4.5,101.0,313,0.000802587
12286,4.5,165.0,340,0.000246768
12288,4.5,121.0,359,0.000235925
12289,4.5,49.0,336,0.009096118
12290,4.5,79.0,629,0.001529488
12293,4.5,145.0,229,0.002030964
12294,4.5,168.0,381,0.000332458
12296,4.5,128.0,277,0.001021997
12297,4.5,145.0,196,0.000798094
12298,4.5,146.0,199,0.000613566
12299,4.5,117.0,366,0.000808369
12300,4.5,137.0,358,0.000753715
12349,4.4,131.0,369,0.00018552
12350,4.4,135.0,223,0.000923069
12351,4.4,124.0,444,0.000835052
12352,4.4,170.0,429,0.000257969
12353,4.4,88.0,771,0.000185435
12354,4.4,122.0,558,0.000598199
12356,4.4,84.0,313,0.000204065
12357,4.4,102.0,827,0.000217386
12358,4.4,93.0,468,0.00043151
12360,4.4,92.0,836,0.000382711
12361,4.4,87.0,171,0.0008579
12364,4.4,92.0,298,0.000568327
12365,4.4,89.0,131,0.000951352
12366,4.4,97.0,875,0.000247115
12369,4.4,88.0,459,0.000784808
12371,4.4,76.0,205,0.000848326
12373,4.4,41.0,532,0.001489207
12374,4.4,98.0,271,0.00040074
12375,4.4,141.0,271,0.000241365
12376,4.4,120.0,328,0.000663296
12377,4.4,97.0,415,0.000548536
12378,4.4,57.0,328,0.003557357
12379,4.4,77.0,361,0.001013991
12380,4.4,78.0,1141,0.000504313
12384,5.1,142.0,369,0.001349661
12385,5.1,175.0,271,0.000839598
12386,5.1,157.0,307,0.001090811
12387,5.1,237.0,390,0.000269933
12389,5.1,192.0,371,0.00031854
12391,5.1,188.0,630,0.000310034
12392,5.1,200.0,986,0.000227404
12393,5.1,175.0,894,0.000231283
12394,5.1,60.0,387,0.00818486
12395,5.1,219.0,321,0.000971893
12398,5.1,102.0,223,0.006749555
12399,5.1,181.0,397,0.000649344
12400,5.1,168.0,312,0.000889129
12401,5.1,131.0,430,0.002243821
12404,5.1,199.0,293,0.002005595
12410,5.1,232.0,375,0.000580996
12411,5.1,141.0,192,0.004026283
12412,5.1,173.0,304,0.000755524
12413,5.1,100.0,403,0.006712556
12414,5.1,144.0,324,0.002437394
12415,5.1,175.0,286,0.002060526
12416,5.1,191.0,683,0.001562023
12417,5.1,143.0,483,0.002092912
12418,5.1,138.0,429,0.003058759
12421,5.1,145.0,238,0.002936576
12422,5.1,241.0,345,0.00024102
12423,5.1,275.0,567,0.000106227
12424,5.1,206.0,315,0.000886181
12426,5.1,223.0,709,0.000367578
12429,5.1,57.0,193,0.008198078
12430,5.1,88.0,771,0.001008636
12431,5.1,98.0,558,0.003922109
12432,5.1,84.0,313,0.003667025
12434,5.1,84.0,171,0.002553009
12437,5.1,92.0,875,0.001613475
12438,5.1,83.0,145,0.004786648
12444,5.1,95.0,271,0.001881606
12445,5.1,140.0,271,0.001683462
12446,5.1,123.0,328,0.002640662
12448,5.1,48.0,328,0.006092348
12452,5.1,290.0,317,0.00034604
12456,5.1,130.0,341,0.001752044
12457,5.1,112.0,229,0.002741925
12462,5.1,216.0,948,0.000134995
12464,5.1,253.0,219,0.000432347
12465,5.1,272.0,234,0.000426298
12466,5.1,282.0,313,0.000282973
12467,5.1,258.0,538,0.000327553
12469,5.1,256.0,484,0.000577859
12470,5.1,240.0,462,0.000133157
12473,5.0,187.0,630,0.000610857
12474,5.0,174.0,894,0.000369261
12475,5.0,60.0,387,0.006397052
12478,5.0,102.0,223,0.003362356
12479,5.0,181.0,397,0.000329421
12483,5.0,214.0,555,0.000371903
12484,5.0,92.0,444,0.004111029
12486,5.0,142.0,192,0.002540619
12488,5.0,101.0,403,0.004673317
12489,5.0,145.0,324,0.001588839
12490,5.0,192.0,683,0.000923401
12492,5.0,139.0,429,0.001705708
12493,5.0,170.0,214,0.001928565
12494,5.0,82.0,366,0.007113739
12495,5.0,146.0,238,0.002145374
12496,5.0,97.0,558,0.002497232
12499,5.0,91.0,468,0.002773845
12500,5.0,87.0,836,0.002428845
12501,5.0,83.0,171,0.00773955
12502,5.0,96.0,695,0.000913889
12504,5.0,85.0,131,0.009581842
12511,5.0,94.0,271,0.002697863
12515,5.0,47.0,328,0.009565425
12516,5.0,59.0,361,0.002141558
12517,5.0,89.0,1141,0.005063702
12518,5.0,81.0,608,0.001202844
12520,5.0,173.0,629,0.000724696
12521,5.0,165.0,273,0.00110128
12523,5.0,207.0,225,0.001296086
12525,5.0,176.0,286,0.001199028
12629,4.2,98.0,387,0.000985508
12630,4.2,79.0,321,0.001340982
12632,4.2,144.0,562,0.000185294
12633,4.2,68.0,330,0.001064732
12634,4.2,46.0,397,0.001600045
12635,4.2,96.0,430,0.000731853
12640,4.2,183.0,411,0.000577755
12642,4.2,188.0,348,0.000372086
12644,4.2,170.0,394,0.00052335
12645,4.2,170.0,488,0.000320838
12646,4.2,178.0,229,0.000869844
12647,4.2,60.0,192,0.002085025
12651,4.2,49.0,286,0.002335911
12652,4.2,34.0,683,0.004100055
12658,4.2,108.0,315,0.000477648
12661,4.2,166.0,328,0.000447322
12664,4.2,167.0,629,0.00034987
12665,4.2,161.0,229,0.000285835
12666,4.2,53.0,225,0.012219143
12669,4.2,101.0,538,0.000588775
12672,4.2,102.0,403,0.002093467
12673,4.1,80.0,321,0.00080427
12674,4.1,47.0,397,0.001332813
12675,4.1,18.0,304,0.002248828
12678,4.1,47.0,286,0.000688579
12728,4.4,60.0,387,0.002687522
12732,4.4,57.0,193,0.003126701
12733,4.4,88.0,771,0.000393013
12734,4.4,97.0,558,0.001213513
12737,4.4,77.0,460,0.001254585
12738,4.4,86.0,131,0.001065824
12739,4.4,92.0,875,0.000342637
12740,4.4,74.0,414,0.001809844
12741,4.4,83.0,459,0.001026734
12742,4.4,91.0,745,0.000907929
12743,4.4,69.0,205,0.001309001
12744,4.4,33.0,207,0.002367378
12745,4.4,64.0,532,0.00230245
12746,4.4,94.0,271,0.000583793
12747,4.4,47.0,328,0.002696238
12748,4.4,59.0,361,0.000634376
12749,4.4,90.0,1141,0.000860203
12750,4.4,173.0,629,0.000266516
12751,4.4,111.0,229,0.000856164
12804,4.1,79.0,946,0.000595003
12805,4.1,94.0,485,0.00045157
12807,4.1,134.0,501,0.000281436
12810,4.1,76.0,297,0.004083094
12811,4.1,41.0,362,0.004729852
12812,4.1,74.0,458,0.001060777
12814,4.1,111.0,314,0.000276629
12815,4.1,111.0,538,0.000286126
12837,4.2,135.0,946,0.000215068
12838,4.2,100.0,439,0.000474715
12839,4.2,99.0,501,0.000562719
12841,4.2,147.0,390,0.001000724
12842,4.2,106.0,469,0.001007172
12843,4.2,45.0,758,0.002435434
12845,4.2,114.0,470,0.000741902
12846,4.2,111.0,283,0.000661042
12847,4.2,113.0,448,0.000690458
12849,4.2,115.0,404,0.00114345
12850,4.2,115.0,329,0.001080923
12851,4.2,118.0,447,0.000991866
12853,4.2,63.0,374,0.001526123
12854,4.2,53.0,688,0.001373205
12855,4.2,77.0,539,0.000926024
12856,4.2,158.0,305,0.000732843
12860,4.2,146.0,654,0.000121344
12862,4.2,110.0,246,0.003129937
12863,4.2,61.0,541,0.004605295
12864,4.2,33.0,390,0.004579222
12866,4.2,58.0,715,0.00073339
12867,4.2,57.0,545,0.000864402
12871,4.2,55.0,561,0.000752873
12872,4.2,51.0,280,0.002118447
12873,4.2,53.0,346,0.002455142
12875,4.2,151.0,376,0.001054055
12877,4.2,28.0,430,0.014703164
12878,4.2,51.0,350,0.001199071
12879,4.2,15.0,599,0.015108631
12912,4.3,42.0,369,0.002677945
12914,4.3,150.0,390,0.000134064
12916,4.3,95.0,371,0.000360788
12917,4.3,127.0,387,0.000347918
12918,4.3,162.0,300,0.000201171
12919,4.3,150.0,312,0.000234047
12920,4.3,141.0,430,0.000335052
12921,4.3,144.0,444,0.00042005
12924,4.3,102.0,558,0.000501551
12925,4.3,79.0,286,0.001101316
12929,4.3,30.0,196,0.004954524
12933,4.3,28.0,131,0.001981316
12935,4.3,29.0,145,0.002376328
12936,4.3,29.0,249,0.002036817
12941,4.3,61.0,532,0.001385415
12943,4.3,31.0,271,0.001815751
12947,4.3,57.0,328,0.003491207
12948,4.3,19.0,1141,0.002495306
12950,4.3,53.0,340,0.0006778
12953,4.3,134.0,629,0.000268598
12955,4.3,66.0,341,0.002052036
12956,4.3,73.0,229,0.000920744
12957,4.3,169.0,462,0.000113275
13003,4.3,123.0,226,0.000210326
13005,4.3,116.0,449,0.000344351
13006,4.3,150.0,245,7.31084e-05
13007,4.3,154.0,562,6.89685e-05
13011,4.3,67.0,471,0.000977832
13012,4.3,170.0,362,9.95e-05
13014,4.3,138.0,229,0.00011435
13015,4.3,78.0,252,0.000415042
13016,4.3,84.0,251,0.000407113
13017,4.3,98.0,411,0.000554386
13018,4.3,171.0,265,0.000153383
13019,4.3,135.0,314,0.000231137
13020,4.3,112.0,459,0.000246735
13021,4.3,126.0,396,0.000123449
13022,4.3,119.0,448,0.000293746
13023,4.3,126.0,448,0.000177329
13024,4.3,118.0,488,0.000189016
13026,4.3,115.0,410,0.000286469
13027,4.3,176.0,375,0.000118522
13031,4.3,22.0,264,0.001646948
13032,4.3,79.0,482,0.000606613
13033,4.3,55.0,407,0.000499652
13036,4.3,158.0,587,0.000150045
13038,4.3,153.0,1747,5.02003e-05
13039,4.3,140.0,1182,6.27927e-05
13040,4.3,95.0,290,0.000329837
13042,4.3,134.0,380,6.04349e-05
13047,4.3,93.0,282,0.000287075
13048,4.3,97.0,190,0.000649134
13051,4.3,101.0,303,0.000390131
13052,4.3,106.0,826,9.78995e-05
13053,4.3,106.0,188,0.0003293
13057,4.3,61.0,266,0.000474768
13058,4.3,130.0,343,0.000119198
13061,4.3,85.0,593,0.000230766
13062,4.3,119.0,313,0.0001512
13063,4.3,176.0,336,0.00033705
13064,4.3,95.0,412,0.000341327
13065,4.3,91.0,215,0.000578392
13066,4.3,106.0,401,0.000160806
13068,4.3,150.0,277,0.000277273
13070,4.3,124.0,358,0.000180802
13071,4.3,125.0,199,0.000306372
13073,4.3,125.0,280,0.000197637
13075,4.3,128.0,398,0.000182517
13076,4.3,131.0,914,0.000156248
13077,4.3,116.0,338,0.00017133
13079,4.3,130.0,487,0.000121987
13080,4.3,113.0,183,0.00064134
13090,4.3,96.0,355,0.000847904
13091,4.3,96.0,769,7.25e-05
13093,4.3,109.0,253,0.000231952
13094,4.3,118.0,366,0.000300594
13097,4.3,165.0,458,0.000140184
13123,4.4,61.0,273,0.002798727
13125,4.4,108.0,311,0.000596654
13150,3.9,80.0,439,9.73002e-05
13151,3.9,43.0,501,0.000643745
13152,3.9,128.0,469,0.000260696
13153,3.9,100.0,758,0.000457922
13154,3.9,49.0,720,0.00066846
13157,3.9,84.0,868,0.000179227
13158,3.9,91.0,597,0.000236184
13159,3.9,88.0,310,0.00054125
13160,3.9,87.0,455,0.000352171
13161,3.9,79.0,271,0.000397482
13162,3.9,129.0,470,9.86341e-05
13164,3.9,127.0,448,0.000110767
13165,3.9,133.0,447,0.000158155
13169,3.9,113.0,460,8.65877e-05
13170,3.9,77.0,688,0.000153943
13171,3.9,66.0,618,0.000328029
13172,3.9,88.0,272,0.000301523
13173,3.9,97.0,539,0.000131333
13174,3.9,125.0,305,0.000737513
13175,3.9,162.0,654,4.53885e-05
13176,3.9,97.0,731,0.00084031
13177,3.9,75.0,246,0.001156281
13178,3.9,89.0,541,0.001208364
13179,3.9,74.0,484,0.000659302
13180,3.9,48.0,390,0.000670428
13183,3.9,56.0,545,0.000615207
13185,3.9,61.0,714,0.000986547
13186,3.9,65.0,440,0.000505737
13187,3.9,61.0,561,0.000752221
13188,3.9,58.0,280,0.000869981
13189,3.9,63.0,346,0.000568243
13190,3.9,59.0,317,0.000745484
13192,3.9,31.0,430,0.001012732
13193,3.9,32.0,350,0.000562135
13195,3.9,44.0,599,0.000506783
13196,3.9,145.0,863,0.000194145
13197,4.5,58.0,321,0.0014054
13199,4.5,52.0,562,0.000441922
13200,4.5,68.0,330,0.000721836
13201,4.5,79.0,397,0.000286951
13205,4.5,78.0,555,0.000374513
13206,4.5,38.0,293,0.002534932
13207,4.5,120.0,929,0.000473279
13208,4.5,127.0,401,0.000338582
13209,4.5,80.0,252,0.001499713
13210,4.5,106.0,251,0.000510289
13211,4.5,58.0,411,0.00193349
13212,4.5,15.0,265,0.01553334
13214,4.5,74.0,348,0.000758201
13215,4.5,50.0,459,0.000851322
13216,4.5,40.0,396,0.001716543
13217,4.5,44.0,448,0.001470963
13218,4.5,46.0,377,0.001735969
13219,4.5,51.0,394,0.001348033
13220,4.5,41.0,448,0.002039073
13221,4.5,51.0,488,0.000858674
13222,4.5,66.0,229,0.00174434
13223,4.5,59.0,301,0.00268079
13225,4.5,26.0,375,0.007041729
13228,4.5,167.0,286,0.000286692
13229,4.5,115.0,683,0.000815395
13230,4.5,117.0,639,0.000362638
13233,4.5,110.0,283,0.001299012
13234,4.5,116.0,1747,0.000404814
13235,4.5,104.0,1182,0.000453664
13239,4.5,137.0,343,0.000541078
13240,4.5,98.0,304,0.000701329
13241,4.5,112.0,259,0.001161787
13243,4.5,113.0,336,0.001569024
13244,4.5,125.0,629,0.000606458
13246,4.5,56.0,277,0.002209816
13247,4.5,79.0,312,0.001151461
13248,4.5,89.0,196,0.001001775
13249,4.5,84.0,358,0.000965584
13253,4.5,66.0,366,0.000720289
13328,4.4,127.0,387,0.00029269
13329,4.4,118.0,223,0.000532182
13330,4.4,149.0,555,5.89e-05
13333,4.4,114.0,324,0.000280471
13334,4.4,55.0,286,0.000635201
13335,4.4,108.0,683,0.000230284
13336,4.4,38.0,483,0.000954372
13337,4.4,41.0,429,0.000379955
13338,4.4,56.0,214,0.000318961
13339,4.4,33.0,238,0.00173457
13340,4.4,120.0,441,0.000401755
13342,3.9,66.0,273,0.00057019
13344,3.9,138.0,450,0.000102796
13365,3.6,65.0,528,9.31731e-05
13366,3.6,80.0,489,0.000392085
13368,3.6,65.0,315,7.94878e-05
13369,3.6,47.0,320,0.000230876
13371,3.6,63.0,284,0.000133695
13376,4.1,61.0,528,0.000148975
13377,4.1,89.0,463,0.000152887
13378,4.1,78.0,489,0.000281671
13383,4.1,48.0,320,0.000319092
13386,4.1,67.0,284,0.000215232
13400,4.7,249.0,469,8.92111e-05
13401,4.7,172.0,758,0.000322806
13402,4.7,127.0,720,0.00086875
13407,4.7,71.0,868,0.000490256
13409,4.7,67.0,310,0.002128608
13410,4.7,65.0,374,0.001444198
13413,4.7,30.0,470,0.012276283
13423,4.7,63.0,377,0.001426848
13424,4.7,93.0,374,0.000718106
13425,4.7,31.0,344,0.011289889
13426,4.7,90.0,688,0.00085757
13427,4.7,102.0,618,0.001208094
13428,4.7,76.0,272,0.002460679
13429,4.7,7.1,210,0.089757255
13430,4.7,47.0,338,0.003487775
13431,4.7,66.0,539,0.001596141
13433,4.7,136.0,362,0.000291331
13435,4.7,236.0,458,0.000312976
13436,4.7,227.0,731,0.000101667
13438,4.7,204.0,541,0.000141657
13439,4.7,186.0,484,0.000162044
13440,4.7,171.0,390,0.000229891
13441,4.7,192.0,574,9.26412e-05
13442,4.7,195.0,715,9.77432e-05
13444,4.7,196.0,714,0.000165677
13445,4.7,198.0,440,0.000202495
13447,4.7,190.0,280,0.000367653
13448,4.7,193.0,346,0.000218815
13449,4.7,194.0,317,0.000343196
13450,4.7,131.0,463,0.00142292
13451,4.7,142.0,430,0.000404258
13452,4.7,122.0,350,0.000544417
13453,4.7,148.0,599,0.000295823
13455,4.8,45.0,507,0.002117929
13458,4.8,40.0,367,0.003773111
13460,4.8,44.0,359,0.001589068
13461,4.8,29.0,206,0.006204536
13462,4.8,70.0,344,0.00075448
13465,4.8,117.0,445,6.77343e-05
13501,4.9,51.0,507,0.004562683
13506,4.9,56.0,596,0.000646836
13508,4.9,36.0,359,0.001778888
13509,4.9,28.0,206,0.011430561
13510,4.9,66.0,344,0.001343757
13511,4.9,71.0,303,0.000848544
13581,3.9,105.0,444,0.000684242
13582,3.9,123.0,403,0.000475455
13584,3.9,68.0,771,0.000313313
13585,3.9,97.0,558,0.000426594
13586,3.9,64.0,313,0.000575835
13591,3.9,67.0,131,0.000741173
13592,3.9,75.0,875,0.000292807
13597,3.9,52.0,205,0.001063459
13600,3.9,76.0,271,0.000511866
13601,3.9,120.0,271,0.000352304
13602,3.9,102.0,328,0.000891546
13603,3.9,79.0,415,0.000676011
13604,3.9,32.0,328,0.004936863
13605,3.9,52.0,361,0.000244381
13607,3.9,101.0,229,0.000347186
13672,4.7,197.0,1024,0.000156364
13674,4.7,201.0,324,0.000155476
13675,4.7,187.0,873,0.000184536
13676,4.7,154.0,393,0.000356923
13677,4.7,135.0,732,0.000125783
13678,4.7,134.0,278,0.000262192
13679,4.7,171.0,219,0.000451201
13680,4.7,187.0,234,0.000665789
13694,3.6,0.6,460,0.008406967
13695,3.6,77.0,321,0.000330003
13696,3.6,36.0,300,0.000452841
13697,3.6,67.0,562,0.000146008
13698,3.6,76.0,330,0.000163615
13699,3.6,72.0,223,0.000466778
13700,3.6,55.0,397,0.000287301
13701,3.6,35.0,430,0.000473223
13702,3.6,1.1,662,0.018010671
13703,3.6,85.0,555,0.000109484
13705,3.7,2.5,460,0.032872601
13706,3.7,76.0,321,0.000437595
13707,3.7,69.0,562,0.000161848
13709,3.7,53.0,397,0.000397845
13711,3.7,35.0,430,0.000529941
13712,3.7,2.0,662,0.023119433
13713,3.7,83.0,555,0.000179951
13714,3.7,89.0,629,0.000222099
13715,3.8,101.0,390,0.000114905
13716,3.8,78.0,580,0.000310686
13717,3.8,89.0,986,0.000161826
13718,3.8,29.0,1024,0.001018341
13719,3.8,53.0,697,0.000323435
13721,3.8,43.0,393,0.000821149
13722,3.8,12.0,372,0.010880418
13723,3.8,93.0,732,9.13465e-05
13725,3.8,68.0,278,0.000161863
13727,3.8,59.0,219,0.000977575
13773,3.9,13.0,369,0.024456673
13775,3.9,67.0,630,0.00029048
13778,3.9,156.0,387,7.62174e-05
13779,3.9,126.0,193,0.000212543
13780,3.9,49.0,771,0.000695148
13781,3.9,125.0,558,0.000169744
13782,3.9,70.0,286,0.000361424
13786,3.9,54.0,196,0.001402688
13790,3.9,51.0,298,0.000786087
13791,3.9,54.0,131,0.001256768
13793,3.9,57.0,145,0.000873652
13794,3.9,51.0,249,0.000923534
13798,3.9,71.0,205,0.000577397
13799,3.9,83.0,532,0.000415266
13801,3.9,53.0,271,0.001586318
13804,3.9,87.0,328,0.000986789
13805,3.9,94.0,361,0.000302765
13807,3.9,72.0,340,0.000459143
13808,3.9,120.0,359,7.03611e-05
13810,3.9,89.0,229,0.00040462
13822,5.2,288.0,344,0.000605049
13823,5.2,265.0,549,0.000547203
13829,5.2,217.0,873,0.000900584
13831,5.2,232.0,372,0.000841291
13832,5.2,147.0,732,0.001005461
13833,5.2,168.0,278,0.001862449
13834,5.2,191.0,948,0.00020339
13836,5.2,190.0,219,0.001396967
13841,4.0,117.0,469,0.00046553
13842,4.0,54.0,720,0.001447578
13843,4.0,86.0,688,0.000435552
13844,4.0,122.0,338,0.000523939
13845,4.0,113.0,305,0.000826198
13847,4.0,81.0,541,0.002752412
13848,4.0,67.0,484,0.000889837
13849,4.0,41.0,390,0.001691357
13852,4.0,45.0,545,0.002495988
13853,4.0,47.0,484,0.002422891
13854,4.0,50.0,714,0.00308468
13855,4.0,54.0,440,0.000987919
13856,4.0,50.0,561,0.001303354
13857,4.0,48.0,280,0.002010864
13858,4.0,53.0,346,0.00122932
13859,4.0,49.0,317,0.002964514
13860,4.0,34.0,430,0.002783864
13861,4.0,43.0,350,0.000634167
13863,4.0,44.0,599,0.001519377
13864,4.0,135.0,863,0.000269978
13867,3.7,82.0,375,0.000411894
13902,5.3,227.0,297,0.002428124
13903,5.3,150.0,855,0.000555114
13904,5.3,85.0,408,0.001922897
13905,5.3,102.0,309,0.001636586
13910,6.1,321.0,299,0.000565642
13911,6.1,259.0,813,0.000444275
13912,6.1,294.0,369,0.000275706
13913,6.1,302.0,271,0.000765552
13914,6.1,285.0,307,0.000373796
13915,6.1,285.0,580,0.000550927
13916,6.1,240.0,630,0.000575751
13917,6.1,273.0,986,0.000341793
13918,6.1,262.0,894,0.000193017
13919,6.1,304.0,344,0.001197604
13920,6.1,288.0,549,0.00184791
13921,6.1,304.0,567,0.000561203
13922,6.1,257.0,248,0.003039342
13923,6.1,244.0,324,0.000967344
13924,6.1,261.0,697,0.000332755
13925,6.1,247.0,873,0.000712779
13926,6.1,218.0,393,0.00115253
13927,6.1,181.0,732,0.000805281
13928,6.1,194.0,278,0.001127217
13929,6.1,233.0,948,0.000306404
13930,6.1,280.0,1010,0.000409347
13931,6.1,224.0,219,0.003398654
13932,6.1,275.0,599,0.000363319
13933,6.1,251.0,234,0.003804185
13935,4.9,256.0,873,0.000105482
13936,4.9,190.0,732,0.000133913
13938,4.9,233.0,219,0.000421168
13943,5.0,258.0,873,6.52137e-05
13944,5.0,192.0,732,6.42573e-05
13950,5.5,348.0,285,0.00014806
13951,5.5,274.0,813,0.000176227
13952,5.5,305.0,580,0.000189376
13953,5.5,260.0,630,0.000163792
13954,5.5,293.0,986,0.00023003
13956,5.5,308.0,549,0.000569287
13959,5.5,281.0,697,0.000105976
13960,5.5,267.0,873,0.000241859
13961,5.5,238.0,393,0.000417626
13962,5.5,201.0,732,0.000318057
13963,5.5,271.0,694,6.91189e-05
13964,5.5,214.0,278,0.000393698
13965,5.5,253.0,948,9.21077e-05
13966,5.5,300.0,1010,0.000132124
13967,5.5,244.0,219,0.00102185
13968,5.5,292.0,599,0.000133759
13969,5.5,271.0,234,0.001182932
13972,3.7,52.0,390,0.002176557
13974,3.7,82.0,863,0.000570144
13976,3.7,105.0,469,0.000399515
13977,3.7,120.0,907,0.000152405
13980,3.7,71.0,1380,9.66619e-05
13981,3.7,100.0,654,0.000199365
14042,4.1,37.0,549,0.0003979
14043,4.1,24.0,1024,0.005001
14044,4.1,47.0,697,0.001960589
14045,4.1,24.0,873,0.011066693
14046,4.1,16.0,372,0.003938693
14047,4.1,84.0,732,0.000417232
14048,4.1,60.0,278,0.000819974
14050,4.1,50.0,219,0.00424161
14064,4.0,131.0,1236,0.000555251
14066,4.0,123.0,323,0.000369049
14067,4.0,127.0,283,0.001747541
14068,4.0,131.0,420,0.000367075
14069,4.0,126.0,1747,0.000281322
14070,4.0,181.0,500,0.000395722
14075,4.0,40.0,362,0.003918087
14076,4.0,40.0,338,0.00146707
14078,4.0,65.0,1076,8.05832e-05
14101,3.5,50.0,252,0.000957916
14103,3.5,57.0,411,0.000653868
14107,3.5,26.0,396,0.000370858
14110,3.5,18.0,394,0.002256235
14112,3.5,15.0,410,0.005200286
14115,3.5,98.0,381,0.000545984
14116,3.5,29.0,277,0.002204759
14117,3.5,28.0,196,0.001808363
14119,3.5,31.0,199,0.001607576
14121,3.5,6.8,301,0.018666323
14123,3.8,48.0,450,0.000757871
14124,3.8,43.0,265,0.001619645
14125,3.8,76.0,510,0.000120681
14126,3.8,27.0,421,0.004804459
14159,3.8,149.0,393,0.000190825
14160,3.8,112.0,732,0.000192229
14210,4.1,65.0,630,0.000232381
14212,4.1,81.0,894,0.000162081
14215,4.1,68.0,873,0.000586012
14216,4.1,25.0,747,0.001917761
14220,4.1,44.0,278,0.001166529
14222,4.1,43.0,948,0.001667922
14223,4.1,38.0,219,0.00175
14237,5.4,268.0,873,0.000133572
14239,5.4,201.0,732,0.00014898
14240,5.4,265.0,236,0.000433709
14241,5.4,301.0,1010,9.29602e-05
14242,5.4,244.0,219,0.000529218
14268,4.0,50.0,907,0.000177665
14269,4.0,28.0,489,0.000958091
14271,4.0,22.0,329,0.001225929
14346,4.8,118.0,295,0.000315429
14348,4.8,145.0,314,0.000255229
14351,4.8,62.0,293,0.001142837
14442,3.8,84.0,555,0.000181375
14443,3.8,77.0,444,0.000532221
14445,3.8,76.0,375,0.000458424
14448,3.8,88.0,629,0.000270034
14481,4.1,74.0,369,0.001430021
14482,4.1,116.0,271,0.000520022
14483,4.1,89.0,307,0.001064078
14486,4.1,114.0,630,0.000340928
14487,4.1,134.0,986,0.000229867
14489,4.1,120.0,387,0.000359801
14490,4.1,156.0,223,0.000164875
14492,4.1,145.0,444,0.000237465
14493,4.1,97.0,193,0.000932316
14495,4.1,118.0,558,0.000232303
14500,4.1,53.0,131,0.001985429
14502,4.1,51.0,145,0.003133145
14503,4.1,59.0,249,0.003742038
14507,4.1,52.0,205,0.002849559
14510,4.1,77.0,306,0.001882212
14511,4.1,62.0,271,0.001948846
14512,4.1,94.0,271,0.000679532
14513,4.1,49.0,415,0.001434566
14514,4.1,50.0,328,0.003160737
14515,4.1,71.0,361,0.000489261
14517,4.1,110.0,608,0.000149159
14518,4.1,82.0,340,0.000615867
14521,4.1,104.0,341,0.001303759
14522,4.1,102.0,229,0.000560361
14525,4.1,180.0,1010,6.63e-05
14569,4.2,77.0,198,0.00081552
14570,4.2,85.0,390,0.000541602
14572,4.2,51.0,359,0.000891083
14573,4.2,62.0,206,0.000749997
14574,4.2,49.0,356,0.001042744
14576,4.2,57.0,344,0.000491195
14577,4.2,40.0,805,0.002536057
14578,4.2,23.0,303,0.007097041
14579,4.2,69.0,549,0.000486285
14580,4.2,65.0,567,0.000670823
14582,4.2,107.0,445,0.000221191
14583,4.2,107.0,1010,0.000249364
14584,4.2,125.0,286,0.000343861
14585,4.2,108.0,462,0.000520613
14588,4.2,68.0,560,0.000616968
14697,4.1,30.0,555,0.001524233
14699,4.1,80.0,270,0.000162335
14754,4.3,146.0,321,0.000444425
14755,4.3,98.0,223,0.000758327
14759,4.3,88.0,683,0.001631877
14762,4.3,37.0,214,0.002526157
14767,4.3,181.0,207,0.000149332
14777,4.8,150.0,460,0.001243229
14780,4.8,184.0,300,0.000783349
14781,4.8,214.0,562,0.00018161
14782,4.8,134.0,330,0.000992672
14785,4.8,104.0,444,0.002566896
14786,4.8,164.0,293,0.001648928
14790,4.8,228.0,396,0.000277006
14796,4.8,91.0,324,0.001522402
14800,4.8,36.0,214,0.005309421
14801,4.8,75.0,366,0.006535369
14803,4.8,54.0,315,0.005235422
14804,4.8,158.0,322,0.000902979
14807,4.8,189.0,639,0.000229469
14808,4.8,241.0,323,0.000256603
14810,4.8,225.0,283,0.001013814
14812,4.8,142.0,193,0.003253961
14813,4.8,161.0,558,0.00066713
14814,4.8,217.0,313,0.000590216
14815,4.8,215.0,196,0.00083772
14818,4.8,214.0,131,0.000679981
14819,4.8,214.0,875,0.000304265
14820,4.8,211.0,145,0.000692851
14821,4.8,209.0,459,0.000327593
14824,4.8,218.0,532,0.00026029
14825,4.8,217.0,271,0.000636317
14827,4.8,173.0,361,0.00053104
14828,4.8,149.0,608,0.000979249
14829,4.8,181.0,500,0.000468142
14830,4.8,149.0,317,0.000829921
14832,4.8,207.0,340,0.000483648
14833,4.8,226.0,629,0.000266442
14834,4.8,202.0,229,0.000576111
14835,4.8,159.0,224,0.001231785
14836,4.8,159.0,313,0.000793253
14837,4.8,133.0,538,0.001635406
14838,4.8,182.0,361,0.00064472
14841,4.8,240.0,312,0.000229297
14846,4.8,246.0,366,0.000262386
14855,4.2,109.0,387,0.001139115
14856,4.2,144.0,321,0.000753151
14857,4.2,132.0,330,0.000834086
14858,4.2,127.0,555,0.000446501
14859,4.2,101.0,444,0.000838895
14860,4.2,15.0,192,0.010212627
14861,4.2,53.0,403,0.001564109
14862,4.2,89.0,324,0.000895085
14863,4.2,36.0,286,0.008449647
14864,4.2,86.0,683,0.001637736
14866,4.2,18.0,429,0.002463043
14867,4.2,35.0,214,0.003943282
14868,4.2,73.0,366,0.002184946
14869,4.2,8.9,238,0.043652352
14870,4.2,54.0,315,0.00325684
14872,4.2,73.0,709,0.000652531
14873,4.2,119.0,441,0.000882884
14875,4.2,158.0,558,0.000189753
14876,4.2,180.0,207,0.000388275
14877,4.2,181.0,328,0.000406292
14885,5.0,87.0,630,0.000273072
14888,5.0,138.0,873,0.00084111
14891,5.0,76.0,732,0.000193642
14893,5.0,175.0,236,0.00714622
14894,5.0,160.0,1010,0.00033579
14895,5.0,108.0,219,0.001246757
14896,5.0,224.0,599,0.001032476
14897,5.0,148.0,234,0.001750476
14908,4.2,88.0,301,0.000251753
14912,4.2,77.0,462,0.00039911
14916,4.2,35.0,567,0.000826228
14918,4.2,55.0,697,0.000329511
14919,4.2,38.0,873,0.001493254
14922,4.2,42.0,236,0.000830185
14923,4.2,46.0,1010,0.000589095
14926,4.2,27.0,234,0.002574667
14928,4.2,75.0,560,0.000277715
14938,5.0,35.0,485,0.013436761
14939,5.0,75.0,439,0.006096991
14943,5.0,349.0,660,0.000125876
14945,5.0,217.0,758,0.00256597
14946,5.0,154.0,720,0.003176488
14950,5.0,108.0,868,0.004092312
14952,5.0,106.0,310,0.011912696
14953,5.0,105.0,374,0.005462756
14956,5.0,110.0,470,0.006557338
14958,5.0,107.0,448,0.009949268
14959,5.0,108.0,404,0.019274958
14960,5.0,110.0,329,0.009149597
14963,5.0,111.0,567,0.00217126
14965,5.0,145.0,377,0.004635442
14966,5.0,112.0,374,0.005602476
14969,5.0,134.0,688,0.00294409
14970,5.0,138.0,618,0.005273335
14971,5.0,100.0,210,0.005640114
14973,5.0,44.0,367,0.018562147
14977,5.0,140.0,490,0.001898768
14978,5.0,253.0,305,0.000389042
14979,5.0,138.0,458,0.00373692
14981,5.0,211.0,246,0.001024527
14982,5.0,229.0,541,0.000617773
14983,5.0,212.0,484,0.000596592
14984,5.0,188.0,390,0.001344036
14985,5.0,200.0,574,0.000238438
14986,5.0,204.0,715,0.000508352
14987,5.0,202.0,545,0.000330096
14988,5.0,207.0,714,0.000687203
14989,5.0,210.0,440,0.000617423
14991,5.0,203.0,280,0.000996657
14992,5.0,208.0,346,0.000772712
14993,5.0,205.0,317,0.000979515
14994,5.0,161.0,678,0.001583272
14995,5.0,188.0,402,0.001048436
14996,5.0,190.0,463,0.001907783
15001,5.0,170.0,599,0.001382879
15002,5.0,172.0,538,0.000689774
15120,4.0,18.0,271,0.001724054
15128,5.0,124.0,285,0.001205019
15131,5.0,217.0,1007,0.000152857
15133,5.0,239.0,286,0.000564965
15134,5.0,211.0,599,0.000174607
15147,4.0,105.0,612,0.000256899
15148,4.0,89.0,246,0.000519602
15151,4.0,101.0,390,0.000103808
15153,4.0,103.0,715,0.000142107
15156,4.0,112.0,440,0.000126103
15159,4.0,106.0,317,0.000278883
15160,4.0,105.0,678,0.000297434
15161,4.0,83.0,430,7.5665e-05
15163,4.0,70.0,273,0.000845745
15182,4.0,120.0,439,0.000409126
15183,4.0,103.0,501,0.000360067
15187,4.0,80.0,721,0.001624003
15190,4.0,108.0,221,0.000561272
15191,4.0,109.0,215,0.000478105
15192,4.0,101.0,868,0.000414979
15193,4.0,105.0,310,0.001301535
15195,4.0,104.0,455,0.000757161
15196,4.0,97.0,271,0.001367578
15198,4.0,139.0,448,0.000221369
15199,4.0,141.0,404,0.000455008
15200,4.0,141.0,329,0.000306813
15201,4.0,143.0,447,0.000195609
15202,4.0,144.0,447,0.00029602
15203,4.0,140.0,377,0.000201587
15204,4.0,86.0,374,0.001095594
15205,4.0,146.0,344,0.000253128
15206,4.0,79.0,688,0.000762853
15207,4.0,68.0,618,0.001098319
15208,4.0,122.0,338,0.000398797
15209,4.0,103.0,539,0.000314019
15210,4.0,139.0,305,0.000467845
15211,4.0,120.0,654,0.000264354
15215,4.0,15.0,390,0.006836091
15216,4.0,35.0,574,0.001806699
15221,4.0,28.0,346,0.001402331
15223,4.0,66.0,463,0.003808231
15225,4.0,67.0,350,0.000701893
15276,4.1,151.0,251,0.000271274
15281,4.1,80.0,313,0.002214557
15282,4.1,77.0,629,0.000311659
15284,4.1,83.0,462,0.000374963
15342,4.5,109.0,407,0.000645061
15343,4.5,101.0,907,0.000143335
15346,4.5,116.0,450,0.000194811
15347,4.5,117.0,416,0.000409426
15349,4.5,95.0,541,0.0002676
15350,4.5,91.0,284,0.000372137
15351,4.5,90.0,365,0.000542586
15352,4.5,125.0,303,0.000243165
15353,4.5,78.0,373,0.000832419
15364,4.0,19.0,271,0.001187515
15388,4.9,134.0,369,0.001221166
15389,4.9,167.0,894,0.000206729
15390,4.9,162.0,460,0.001989775
15392,4.9,216.0,562,0.000139377
15393,4.9,215.0,330,0.00058198
15394,4.9,105.0,223,0.003565662
15396,4.9,217.0,555,0.000261394
15397,4.9,95.0,444,0.004261341
15400,4.9,107.0,403,0.00281712
15401,4.9,148.0,324,0.001405164
15403,4.9,150.0,483,0.001199401
15404,4.9,145.0,429,0.001563509
15408,4.9,96.0,558,0.003250941
15410,4.9,77.0,313,0.004287005
15412,4.9,85.0,468,0.002256511
15414,4.9,82.0,836,0.001718042
15416,4.9,86.0,875,0.001602489
15419,4.9,77.0,459,0.003734734
15420,4.9,84.0,745,0.002558568
15421,4.9,63.0,205,0.00425683
15424,4.9,88.0,271,0.001698396
15425,4.9,133.0,271,0.001083625
15426,4.9,116.0,328,0.003840739
15427,4.9,94.0,415,0.001966356
15428,4.9,41.0,328,0.007751978
15429,4.9,56.0,361,0.001528919
15430,4.9,82.0,1141,0.00227157
15431,4.9,80.0,608,0.001651291
15432,4.9,95.0,340,0.001664963
15433,4.9,170.0,629,0.000872535
15435,4.9,107.0,229,0.003862683
15436,4.9,157.0,403,0.001540244
15444,4.4,150.0,630,0.000233939
15445,4.4,109.0,986,0.000370902
15448,4.4,80.0,206,0.000407616
15449,4.4,76.0,462,0.000791058
15450,4.4,38.0,344,0.001361187
15455,4.4,57.0,873,0.002382274
15456,4.4,25.0,372,0.030942868
15457,4.4,118.0,732,0.000288281
15459,4.4,90.0,278,0.00035164
15460,4.4,38.0,236,0.006545144
15461,4.4,63.0,1010,0.001177041
15462,4.4,85.0,219,0.00201282
15467,3.8,74.0,375,0.000831245
15471,3.8,26.0,645,0.001895905
15472,3.8,82.0,432,0.000114854
15473,3.8,68.0,270,0.000316254
15481,5.0,206.0,873,0.00020155
15484,5.0,154.0,732,0.000232904
15510,4.0,26.0,264,0.000946271
15512,4.0,44.0,407,0.000301546
15532,4.1,181.0,555,0.000121282
15533,4.1,133.0,929,0.000154865
15536,4.1,117.0,265,0.000847283
15537,4.1,143.0,348,0.000204704
15541,4.1,133.0,348,0.000565809
15547,4.1,14.0,259,0.023760011
15549,4.1,81.0,313,0.001968708
15551,4.1,58.0,286,0.002335757
15552,4.1,83.0,462,0.00050757
15614,4.1,69.0,907,0.000125731
15617,4.1,130.0,875,0.000135487
15618,4.1,56.0,481,0.00116016
15620,4.1,113.0,579,9.41301e-05
15622,4.1,90.0,735,0.000117078
15633,5.1,108.0,920,0.002485121
15634,5.1,70.0,507,0.001274653
15638,5.1,110.0,584,0.001086794
15641,5.1,28.0,299,0.029591883
15644,5.1,305.0,369,0.000373155
15645,5.1,269.0,271,0.000613008
15646,5.1,232.0,390,0.000629531
15651,5.1,179.0,294,0.000314905
15653,5.1,121.0,337,0.001000323
15654,5.1,155.0,359,0.000839572
15655,5.1,202.0,356,0.00123666
15656,5.1,199.0,462,0.001387216
15659,5.1,155.0,549,0.001582437
15660,5.1,176.0,567,0.001300403
15661,5.1,179.0,477,0.001283036
15668,5.1,223.0,406,0.000799242
15670,5.1,357.0,340,0.000110987
15673,5.1,91.0,248,0.013189083
15676,5.1,185.0,873,0.001816464
15679,5.1,210.0,732,0.000393316
15681,5.1,124.0,236,0.004434807
15685,5.1,289.0,286,0.000208588
15688,5.1,281.0,408,0.000126596
15703,5.0,113.0,246,0.002853369
15707,5.0,111.0,660,0.00200124
15710,5.0,44.0,324,0.012096053
15713,5.0,24.0,417,0.028755218
15714,5.0,63.0,313,0.004021608
15719,5.0,79.0,420,0.003682941
15723,4.0,127.0,363,0.000139021
15725,4.0,91.0,404,0.000133774
15727,4.0,63.0,377,0.000479569
15730,4.0,39.0,248,0.003326371
15731,4.0,32.0,373,0.002143353
15752,4.2,83.0,300,0.001077337
15754,4.2,166.0,330,0.000311635
15756,4.2,75.0,312,0.000765593
15757,4.2,176.0,555,0.000150809
15759,4.2,114.0,293,0.001392893
15760,4.2,136.0,929,0.000151321
15761,4.2,121.0,401,0.000385535
15763,4.2,143.0,348,0.000418583
15766,4.2,116.0,448,0.000399128
15767,4.2,124.0,377,0.000655885
15770,4.2,135.0,301,0.00146474
15775,4.2,144.0,298,0.000309588
15776,4.2,139.0,348,0.000417769
15779,4.2,146.0,407,8.56221e-05
15780,4.2,88.0,266,0.001058935
15783,4.2,8.3,259,0.041943437
15784,4.2,58.0,593,0.000642352
15785,4.2,88.0,313,0.001256627
15787,4.2,99.0,359,0.000712663
15788,4.2,69.0,629,0.000929444
15825,3.9,56.0,307,0.000778947
15826,3.9,77.0,630,0.000527707
15827,3.9,67.0,894,0.000477114
15830,3.9,57.0,468,0.001645721
15831,3.9,63.0,196,0.000753368
15832,3.9,65.0,836,0.000628527
15833,3.9,61.0,171,0.000621596
15836,3.9,67.0,875,0.000507075
15843,3.9,65.0,271,0.00152053
15844,3.9,53.0,328,0.001063908
15846,3.9,78.0,328,0.001384682
15847,3.9,93.0,361,0.000207123
15870,3.6,86.0,407,0.000716323
15878,3.6,91.0,654,0.000190911
15886,4.2,135.0,460,0.000440893
15887,4.2,64.0,387,0.001162512
15888,4.2,157.0,321,0.00039685
15889,4.2,146.0,330,0.000457289
15890,4.2,67.0,223,0.00062357
15892,4.2,68.0,444,0.001184197
15893,4.2,38.0,192,0.001607828
15894,4.2,5.5,403,0.017574582
15895,4.2,84.0,324,0.000577304
15896,4.2,109.0,683,0.001089389
15897,4.2,40.0,483,0.00136692
15899,4.2,70.0,214,0.000453629
15902,4.2,121.0,709,0.000545172
15903,4.2,122.0,558,0.000192855
15904,4.2,126.0,361,0.000178612
15905,4.2,196.0,629,8.89539e-05
15906,4.2,114.0,225,0.001382796
15907,4.2,53.0,403,0.001076531
15920,4.4,129.0,460,0.000593807
15921,4.4,57.0,321,0.001810201
15923,4.4,156.0,562,0.000305171
15924,4.4,54.0,330,0.001962915
15925,4.4,78.0,397,0.001275089
15926,4.4,178.0,312,0.000315757
15927,4.4,159.0,430,0.000323552
15930,4.4,105.0,293,0.001903979
15932,4.4,111.0,314,0.000811143
15933,4.4,136.0,348,0.00039702
15935,4.4,122.0,396,0.000422572
15937,4.4,128.0,488,0.000392303
15939,4.4,125.0,301,0.000725645
15940,4.4,135.0,410,0.000429561
15941,4.4,84.0,375,0.001123749
15942,4.4,166.0,403,0.000245563
15943,4.4,107.0,324,0.000848914
15948,4.4,177.0,366,0.000455358
15952,4.4,95.0,709,0.000392832
15953,4.4,104.0,441,0.000646985
15956,4.4,51.0,639,0.000680743
15957,4.4,105.0,323,0.00077005
15959,4.4,105.0,452,0.000443339
15960,4.4,87.0,283,0.002514244
15961,4.4,92.0,420,0.000353717
15962,4.4,127.0,1747,0.00026714
15965,4.4,71.0,317,0.000569862
15967,4.4,142.0,701,0.00023533
15969,4.4,155.0,300,0.000303476
15972,4.4,58.0,225,0.002182081
15977,4.4,30.0,484,0.004740899
15979,4.4,113.0,312,0.000600026
15980,4.4,126.0,196,0.000386065
15982,4.4,129.0,358,0.00031764
15984,4.4,128.0,366,0.000268018
15988,4.4,170.0,253,0.000195574
15989,4.4,171.0,403,0.000254795
16011,4.8,57.0,271,0.001580606
16068,4.0,95.0,330,0.000598969
16071,4.0,64.0,348,0.000490352
16079,4.0,50.0,639,0.000170828
16086,4.0,72.0,224,0.000709027
16087,4.0,104.0,538,0.000448734
16088,4.0,109.0,484,0.00099941
16089,4.0,37.0,277,0.003768857
16091,4.0,55.0,382,0.000624666
16092,4.0,50.0,358,0.000488239
16144,4.1,73.0,198,0.000641032
16148,4.1,23.0,356,0.003646465
16150,4.1,27.0,462,0.010104311
16152,4.1,83.0,344,0.000466863
16155,4.1,78.0,549,0.000661008
16164,4.1,99.0,1010,0.000250092
16166,4.1,74.0,462,0.000801838
16200,5.1,232.0,501,0.000123378
16203,5.1,126.0,863,0.000575569
16206,5.1,261.0,284,0.000117393
16209,5.1,178.0,489,0.000168038
16211,5.1,137.0,450,0.000580777
16213,5.1,177.0,315,0.000300615
16214,5.1,144.0,567,0.000360618
16215,5.1,246.0,320,0.000150447
16216,5.1,135.0,416,0.000923498
16218,5.1,228.0,284,0.000144059
16221,5.1,226.0,720,0.000213858
16223,5.1,251.0,618,0.000131898
16225,5.1,118.0,305,0.001193443
16227,5.1,116.0,1380,0.000570619
16228,5.1,11.0,579,0.257555371
16235,5.1,181.0,390,0.000414371
16239,5.1,158.0,484,0.000339763
16240,5.1,156.0,714,0.000408879
16242,5.1,158.0,561,0.000477741
16243,5.1,159.0,346,0.000651999
16244,5.1,158.0,317,0.000874494
16246,5.1,148.0,414,0.000151579
16247,5.1,115.0,282,0.001347545
16249,5.1,151.0,392,0.000462068
16251,5.1,152.0,691,0.000222182
16253,5.1,131.0,207,0.001048241
16257,5.1,224.0,313,0.000217143
16258,5.1,185.0,248,0.000803884
16260,5.1,178.0,986,0.000261783
16261,5.1,174.0,376,0.001118326
16262,5.1,238.0,361,0.00026553
16264,5.1,211.0,430,0.000201324
16266,5.1,160.0,320,0.000393713
16269,5.1,204.0,599,0.000258994
16329,4.0,63.0,460,0.0013613
16332,4.0,29.0,300,0.004357042
16335,4.0,51.0,430,0.000411479
16337,4.0,145.0,555,9.90912e-05
16339,4.0,126.0,411,0.000404219
16340,4.0,140.0,396,0.000172629
16341,4.0,150.0,488,0.000212544
16345,4.0,132.0,328,0.00030485
16347,4.0,109.0,343,0.00018001
16350,4.0,108.0,462,7.45963e-05
16352,5.4,238.0,390,0.000646249
16353,5.4,215.0,660,0.0007653
16356,5.4,278.0,469,0.000193376
16358,5.4,43.0,528,0.005673226
16360,5.4,111.0,407,0.004488445
16361,5.4,107.0,907,0.00086411
16365,5.4,67.0,329,0.006159708
16367,5.4,146.0,567,0.001135207
16368,5.4,55.0,320,0.00408138
16369,5.4,111.0,416,0.003152373
16370,5.4,151.0,875,0.001997172
16371,5.4,79.0,284,0.003057809
16372,5.4,108.0,375,0.001040355
16373,5.4,78.0,365,0.001691316
16374,5.4,103.0,495,0.000719782
16375,5.4,179.0,280,0.000502075
16376,5.4,121.0,303,0.001468234
16377,5.4,69.0,373,0.003000498
16378,5.4,202.0,480,0.000218111
16382,5.4,167.0,1380,0.000474137
16383,5.4,205.0,579,0.000362498
16385,5.4,179.0,735,0.001044389
16388,5.4,225.0,282,0.000525169
16389,5.4,283.0,660,0.000182726
16391,5.4,183.0,528,0.002280236
16394,5.4,108.0,518,0.000487851
16395,5.4,170.0,450,0.000490505
16411,5.4,237.0,320,0.000225113
16412,5.4,246.0,340,0.000929558
16425,4.0,48.0,528,0.000376879
16427,4.0,68.0,489,0.00064678
16429,4.0,37.0,663,0.001130966
16430,4.0,68.0,329,0.000522079
16437,4.0,129.0,303,0.00010147
16440,4.0,181.0,528,0.000150367
16457,4.0,71.0,489,0.00108109
16460,4.0,147.0,875,0.00013192
16466,4.4,48.0,528,0.000643813
16470,4.4,68.0,329,0.000321042
16474,4.4,80.0,284,0.000277457
16480,4.0,50.0,528,0.000453698
16481,4.0,68.0,489,0.000862696
16483,4.0,38.0,663,0.002117425
16489,4.0,79.0,284,0.000211518
16550,4.5,114.0,407,0.000317048
16554,4.5,69.0,329,0.000861826
16555,4.5,122.0,450,0.000122422
16556,4.5,85.0,315,0.00033969
16557,4.5,59.0,320,0.000478313
16558,4.5,90.0,541,0.000205464
16560,4.5,124.0,303,0.000220742
16590,4.5,69.0,481,0.003059517
16593,4.5,55.0,815,0.004471122
16595,4.5,82.0,654,0.001070721
16599,4.5,164.0,574,9.38572e-05
16605,4.5,53.0,445,0.004747989
16607,4.5,60.0,340,0.002817417
16732,4.0,80.0,558,0.000310727
16733,4.0,41.0,313,0.000664545
16734,4.0,56.0,827,0.000313438
16735,4.0,49.0,468,0.000784761
16738,4.0,50.0,875,0.000483114
16741,4.0,48.0,745,0.000572442
16743,4.0,9.1,328,0.017866292
16822,5.2,202.0,873,0.000521343
16823,5.2,142.0,732,0.000634007
16825,5.2,192.0,236,0.002054668
16826,5.2,182.0,219,0.00323055
16851,4.2,46.0,401,0.002233786
16860,4.2,36.0,348,0.0023364
16861,4.2,44.0,264,0.000892555
16863,4.2,69.0,407,0.000363079
16866,4.2,106.0,914,0.000183804
16889,4.4,99.0,295,0.000502819
16890,4.4,116.0,273,0.000560096
16891,4.4,88.0,311,0.000879849
16892,4.4,47.0,364,0.001111903
16901,4.0,90.0,311,0.000278842
16902,4.0,47.0,364,0.000596842
16904,4.0,22.0,293,0.002208309
16958,5.0,134.0,372,0.001765432
16962,5.0,142.0,265,0.00222691
16968,5.0,169.0,1076,0.000288524
16970,5.0,118.0,193,0.00217893
16971,5.0,162.0,362,0.000829919
16976,5.0,107.0,366,0.002008773
16980,5.0,190.0,404,0.000487206
16981,5.0,291.0,282,0.00082593
16984,5.0,193.0,691,0.000570735
16985,5.0,178.0,207,0.002494685
16998,5.0,140.0,214,0.004231664
17004,5.0,212.0,373,0.000299619
17005,5.0,242.0,458,0.000151402
17006,5.0,262.0,340,0.000377216
17198,4.1,56.0,815,0.001209796
17200,4.1,63.0,528,0.006935791
17274,4.0,50.0,507,0.001530437
17277,4.0,24.0,337,0.004376999
17279,4.0,16.0,344,0.004549474
17380,4.1,22.0,392,0.006965738
17443,4.2,42.0,732,0.008426663
17445,4.2,76.0,236,0.00188259
17448,4.2,119.0,599,0.000705203
17487,4.3,104.0,350,8.80084e-05
17489,4.3,55.0,299,0.001177567
17542,4.1,44.0,946,0.001035897
17543,4.1,62.0,485,0.000217319
17545,4.1,47.0,501,0.001128672
17548,4.1,71.0,720,0.000672989
17551,4.1,60.0,424,0.000608555
17556,4.1,91.0,283,0.000304256
17557,4.1,90.0,448,0.00037647
17558,4.1,92.0,350,0.000736728
17559,4.1,93.0,404,0.001035934
17560,4.1,95.0,447,0.000478906
17561,4.1,97.0,447,0.000437446
17562,4.1,96.0,567,0.000105616
17564,4.1,109.0,377,0.000145463
17566,4.1,67.0,460,0.000472365
17570,4.1,75.0,539,0.000377508
17572,4.1,109.0,612,0.000184111
17574,4.1,99.0,390,0.000423536
17575,4.1,110.0,574,9.3882e-05
17577,4.1,117.0,561,0.000191359
17579,4.1,116.0,317,0.000291267
17582,4.1,41.0,350,0.000310767
17584,4.1,84.0,599,0.000357995
17585,4.1,114.0,715,0.00011892
17596,4.0,82.0,558,0.000143482
17598,4.0,38.0,468,0.002615217
17603,4.0,41.0,875,0.000758267
17604,4.0,23.0,414,0.004044781
17606,4.0,36.0,745,0.001677618
17607,4.0,21.0,205,0.00790904
17679,4.0,47.0,364,0.000365791
17680,4.0,21.0,293,0.003656943
17709,4.0,74.0,439,0.000307517
17718,4.0,47.0,868,0.000832794
17723,4.0,86.0,470,0.000496785
17725,4.0,85.0,448,0.000513042
17727,4.0,87.0,404,0.000874074
17728,4.0,87.0,329,0.000892863
17730,4.0,90.0,447,0.000956864
17731,4.0,88.0,567,0.000220773
17735,4.0,84.0,460,0.000581105
17742,4.0,50.0,539,0.000850277
17747,4.0,83.0,440,0.000170412
17749,4.0,80.0,317,0.000516259
17752,4.0,81.0,715,0.000115997
17885,4.1,51.0,320,0.00043718
17886,4.1,137.0,875,9.09565e-05
17887,4.1,37.0,541,0.000952838
17962,5.7,312.0,248,0.000859192
17963,5.7,267.0,393,0.000319506
17964,5.7,225.0,732,0.000197939
17965,5.7,243.0,278,0.000278013
17966,5.7,325.0,1010,0.000165088
17967,5.7,268.0,219,0.000724114
17968,5.7,299.0,234,0.000925805
18018,4.2,79.0,558,0.00089029
18021,4.2,43.0,468,0.002022348
18022,4.2,42.0,196,0.001287328
18028,4.2,34.0,145,0.001506478
18034,4.2,46.0,271,0.00102232
18035,4.2,74.0,328,0.002072302
18036,4.2,51.0,415,0.004425989
18040,4.2,141.0,629,0.000231193
18041,4.2,74.0,229,0.001016784
18049,4.3,98.0,321,0.001791818
18051,4.3,109.0,330,0.001442656
18052,4.3,129.0,397,0.000560243
18054,4.3,162.0,430,0.001127932
18056,4.3,116.0,555,0.000773528
18057,4.3,92.0,293,0.003128691
18060,4.3,39.0,252,0.005981399
18061,4.3,69.0,265,0.002931923
18063,4.3,21.0,348,0.015577898
18073,4.3,67.0,375,0.002862824
18074,4.3,128.0,215,0.000475015
18075,4.3,126.0,348,0.000758358
18077,4.3,193.0,482,9.55838e-05
18078,4.3,71.0,1236,0.001739967
18079,4.3,88.0,595,0.001323834
18080,4.3,107.0,587,0.001100622
18081,4.3,83.0,323,0.002765226
18082,4.3,96.0,247,0.003082911
18083,4.3,90.0,283,0.004476053
18087,4.3,94.0,999,0.000209337
18090,4.3,62.0,701,0.000646384
18091,4.3,86.0,305,0.000421252
18093,4.3,79.0,181,0.001849985
18094,4.3,87.0,282,0.001062053
18095,4.3,93.0,190,0.00185894
18098,4.3,91.0,303,0.000876199
18099,4.3,85.0,188,0.001402282
18100,4.3,90.0,258,0.001072105
18101,4.3,144.0,343,0.000352083
18102,4.3,105.0,304,0.000574283
18103,4.3,106.0,215,0.000817923
18104,4.3,101.0,381,0.000646116
18105,4.3,146.0,401,0.000165936
18106,4.3,175.0,225,0.000781158
18107,4.3,129.0,224,0.001112765
18109,4.3,41.0,312,0.003224683
18110,4.3,43.0,196,0.002135948
18112,4.3,46.0,199,0.00237425
18114,4.3,183.0,914,0.00021871
18115,4.3,168.0,183,0.000358642
18121,4.3,69.0,906,0.000624031
18178,4.5,60.0,907,0.004096495
18180,4.5,77.0,329,0.000607646
18183,4.5,94.0,303,0.000468262
18184,4.5,73.0,373,0.0010559
18190,4.5,129.0,450,0.00026313
18236,4.1,59.0,528,0.001865669
18240,4.1,85.0,303,0.001012097
18241,4.1,33.0,373,0.006142514
18269,4.2,126.0,555,0.000310804
18273,4.2,33.0,348,0.003198062
18275,4.2,58.0,396,0.000376321
18276,4.2,56.0,448,0.001686156
18277,4.2,56.0,249,0.003223405
18278,4.2,50.0,488,0.003093989
18279,4.2,32.0,229,0.006296448
18281,4.2,25.0,410,0.003455439
18286,4.2,43.0,595,0.003644338
18287,4.2,91.0,639,0.000211083
18288,4.2,60.0,587,0.00209371
18289,4.2,40.0,323,0.002905663
18291,4.2,49.0,452,0.001307425
18292,4.2,53.0,283,0.002541829
18296,4.2,20.0,701,0.002015212
18305,4.2,68.0,214,0.000848839
18309,4.2,58.0,188,0.003036656
18311,4.2,97.0,412,0.000268873
18312,4.2,88.0,215,0.000936869
18313,4.2,92.0,381,0.000927654
18315,4.2,113.0,224,0.000557195
18316,4.2,41.0,277,0.00271255
18317,4.2,15.0,312,0.012118682
18318,4.2,6.3,196,0.059025694
18322,4.2,163.0,914,0.00041392
18326,4.2,14.0,484,0.016267212
18327,4.2,34.0,366,0.007414018
18380,4.0,80.0,336,0.00056492
18381,4.0,46.0,629,0.000687935
18401,4.5,76.0,359,0.000507755
18484,4.0,56.0,390,0.001437147
18492,4.0,48.0,345,0.00066422
18496,4.0,97.0,549,0.000160271
18501,4.0,107.0,313,0.000257339
18502,4.0,110.0,1010,0.000126936
18674,4.2,39.0,510,0.001059147
18676,4.2,38.0,885,0.000968229
18677,4.2,58.0,1076,0.00016122
18678,4.2,55.0,421,0.000500489
18798,4.1,95.0,407,0.000360413
18799,4.1,109.0,450,9.605e-05
18800,4.1,56.0,860,0.000373306
18801,4.1,129.0,416,0.000114916
18802,4.1,73.0,875,0.000310468
18803,4.1,45.0,481,0.000532293
18804,4.1,88.0,1380,6.63857e-05
18806,4.1,41.0,815,0.0005257
18808,4.1,70.0,654,0.000189867
18810,4.1,74.0,528,0.000399419
18811,4.1,85.0,340,0.000169783
18915,5.2,135.0,390,0.0006367
18918,5.2,147.0,580,0.000464107
18919,5.2,175.0,630,0.000196813
18920,5.2,149.0,986,0.000498132
18921,5.2,152.0,894,0.000197328
18923,5.2,102.0,387,0.002101589
18925,5.2,107.0,562,0.001181414
18926,5.2,160.0,330,0.000914845
18929,5.2,168.0,555,0.000422161
18933,5.2,215.0,348,0.000600242
18935,5.2,181.0,396,0.000519179
18937,5.2,191.0,488,0.000688128
18938,5.2,209.0,229,0.001169134
18943,5.2,81.0,771,0.001245563
18946,5.2,76.0,468,0.00247801
18948,5.2,70.0,836,0.001624859
18949,5.2,75.0,171,0.001801797
18950,5.2,95.0,460,0.001998528
18951,5.2,74.0,298,0.002744333
18952,5.2,74.0,131,0.004368073
18954,5.2,76.0,145,0.00291231
18958,5.2,81.0,745,0.001638871
18962,5.2,67.0,271,0.002608506
18963,5.2,89.0,328,0.001829861
18965,5.2,90.0,328,0.003865933
18969,5.2,138.0,304,0.001741994
18970,5.2,108.0,259,0.002512862
18974,5.2,79.0,336,0.004763409
18976,5.2,57.0,273,0.002697183
18977,5.2,44.0,341,0.003830366
18983,4.7,120.0,271,0.000900022
18984,4.7,133.0,307,0.000493628
18985,4.7,137.0,390,0.000458877
18987,4.7,122.0,371,0.000665665
18989,4.7,178.0,630,0.000116531
18990,4.7,152.0,986,0.000295886
18991,4.7,155.0,894,9.48207e-05
19000,4.7,165.0,555,0.000271462
19002,4.7,116.0,293,0.002875504
19003,4.7,213.0,348,0.000410942
19004,4.7,179.0,396,0.000338074
19006,4.7,206.0,229,0.000699828
19009,4.7,136.0,345,0.000252815
19010,4.7,151.0,232,0.000521793
19012,4.7,82.0,771,0.000819818
19014,4.7,84.0,313,0.003205822
19021,4.7,76.0,298,0.001624958
19022,4.7,76.0,131,0.002508812
19023,4.7,68.0,875,0.001080931
19024,4.7,77.0,145,0.001889706
19027,4.7,83.0,745,0.001171998
19031,4.7,69.0,271,0.0013232
19033,4.7,92.0,328,0.00105569
19034,4.7,92.0,415,0.000788025
19035,4.7,90.0,328,0.002249948
19036,4.7,69.0,361,0.001032605
19037,4.7,113.0,1141,0.000670458
19040,4.7,138.0,304,0.001127047
19042,4.7,108.0,259,0.001488398
19050,4.7,47.0,341,0.002101764
19051,4.7,27.0,229,0.008846608
19078,4.0,163.0,660,0.000126778
19079,4.0,91.0,469,0.001589443
19082,4.0,69.0,688,0.000306817
19083,4.0,58.0,618,0.000424708
19085,4.0,68.0,731,0.001050088
19086,4.0,99.0,246,0.000579338
19087,4.0,43.0,574,0.000262697
19088,4.0,44.0,715,0.000525541
19089,4.0,43.0,545,0.000359354
19090,4.0,41.0,561,0.000404475
19091,4.0,38.0,346,0.001160109
19092,4.0,41.0,317,0.000587018
19285,4.0,69.0,269,0.000902609
19289,4.0,121.0,986,0.000126248
19293,4.0,18.0,232,0.008457432
19296,4.0,81.0,549,0.000184812
19297,4.0,61.0,567,0.000451971
19298,4.0,41.0,477,0.001187948
19300,4.0,126.0,313,9.53645e-05
19303,4.0,87.0,1010,0.000182679
19309,5.2,209.0,507,0.000589608
19313,5.2,227.0,299,0.002496816
19315,5.2,277.0,596,0.000353626
19317,5.2,161.0,271,0.002065193
19320,5.2,184.0,301,0.001123021
19322,5.2,172.0,354,0.00093613
19324,5.2,140.0,580,0.003207552
19325,5.2,112.0,630,0.001256858
19326,5.2,130.0,986,0.001499284
19327,5.2,331.0,430,0.000142061
19331,5.2,209.0,206,0.00250085
19333,5.2,200.0,462,0.000625066
19336,5.2,212.0,805,0.000305396
19337,5.2,192.0,303,0.00158334
19338,5.2,147.0,549,0.002155144
19339,5.2,159.0,567,0.001009563
19343,5.2,227.0,827,0.000167174
19350,5.2,263.0,328,0.0003176
19353,5.2,231.0,359,0.000436753
19354,5.2,288.0,629,0.00025376
19357,5.2,112.0,1024,0.004801912
19359,5.2,101.0,324,0.003198712
19360,5.2,114.0,697,0.002420236
19361,5.2,72.0,747,0.001896885
19365,5.2,111.0,694,0.001338077
19366,5.2,50.0,278,0.012288636
19367,5.2,113.0,236,0.009399027
19369,5.2,133.0,1010,0.002296006
19370,5.2,77.0,219,0.018858755
19371,5.2,106.0,234,0.005849997
19372,5.2,253.0,462,0.000325477
19386,4.0,32.0,390,0.003664252
19389,4.0,27.0,345,0.001650477
19390,4.0,19.0,805,0.001107224
19391,4.0,41.0,477,0.002208694
19488,4.0,44.0,312,0.00067706
19491,4.0,35.0,558,0.001193106
19492,4.0,82.0,205,0.000206249
19496,4.0,95.0,328,0.000358507
19497,4.0,73.0,361,0.000356156
19498,4.0,53.0,608,0.00021475
19500,4.0,11.0,292,0.002505649
19522,4.1,99.0,387,0.000388372
19523,4.1,60.0,300,0.001238813
19526,4.1,49.0,312,0.00082865
19529,4.1,75.0,193,0.000637785
19534,4.1,74.0,196,0.0003217
19544,4.1,82.0,271,0.000230533
19546,4.1,94.0,415,0.000247314
19547,4.1,91.0,328,0.0006159
19548,4.1,69.0,361,0.000308359
19555,4.1,29.0,229,0.001367307
19558,4.2,132.0,307,0.000337603
19559,4.2,150.0,580,0.000139214
19561,4.2,152.0,986,0.000184728
19562,4.2,82.0,460,0.000438063
19566,4.2,51.0,430,0.000807552
19567,4.2,170.0,411,0.000289606
19571,4.2,81.0,771,0.000391658
19572,4.2,82.0,313,0.001288636
19575,4.2,70.0,836,0.000470212
19576,4.2,75.0,171,0.000694567
19579,4.2,136.0,532,0.000187425
19581,4.2,145.0,343,0.000248508
19582,4.2,139.0,304,0.000327058
19584,4.2,46.0,340,0.000829874
19587,4.2,81.0,336,0.001184394
19616,5.1,237.0,639,0.000414523
19617,5.1,193.0,323,0.000621944
19620,5.1,206.0,283,0.003098316
19634,5.1,173.0,303,0.001169093
19638,5.1,155.0,401,0.001217147
19639,5.1,169.0,272,0.001286293
19649,5.1,171.0,188,0.001484546
19650,5.1,178.0,769,0.000326859
19701,4.4,71.0,271,0.002233347
19703,4.4,154.0,390,0.000353796
19705,4.4,102.0,354,0.001362405
19706,4.4,93.0,371,0.000941626
19707,4.4,85.0,986,0.001495537
19708,4.4,155.0,387,0.000511559
19709,4.4,170.0,430,0.000359145
19710,4.4,127.0,193,0.002163855
19712,4.4,132.0,558,0.000601192
19716,4.4,60.0,196,0.005495397
19720,4.4,58.0,131,0.004463533
19723,4.4,58.0,249,0.003202168
19733,4.4,96.0,361,0.001470587
19735,4.4,131.0,608,0.000396731
19736,4.4,82.0,340,0.001339955
19737,4.4,189.0,336,0.000790174
19738,4.4,158.0,629,0.000664473
19741,4.4,108.0,747,0.000589587
19765,4.6,57.0,350,0.002942859
19766,4.6,34.0,285,0.004267698
19863,4.5,56.0,510,0.001230345
19864,4.5,115.0,348,0.000360786
19866,4.5,57.0,885,0.001214485
19867,4.5,84.0,1076,0.000203146
19869,4.5,53.0,255,0.003832986
19872,4.5,84.0,514,0.000537056
19923,4.0,53.0,416,0.000636632
19925,4.0,77.0,541,0.000359567
19932,4.0,72.0,282,0.00099116
19934,4.0,77.0,320,0.000438492
19936,4.0,75.0,528,0.000546755
19958,4.4,52.0,293,0.001289727
20030,4.4,116.0,271,8.3089e-05
20046,4.1,101.0,390,0.000386834
20048,4.1,79.0,580,0.000685751
20049,4.1,126.0,630,0.000140481
20051,4.1,124.0,894,0.000112727
20055,4.1,29.0,549,0.001960975
20056,4.1,45.0,567,0.001293534
20060,4.1,32.0,873,0.003535642
20061,4.1,43.0,393,0.001015122
20063,4.1,93.0,732,0.000140907
20065,4.1,67.0,278,0.000219965
20066,4.1,36.0,236,0.001758112
20068,4.1,49.0,1010,0.000838543
20070,4.1,20.0,234,0.009159964
20093,4.4,63.0,320,0.000811031
20101,4.4,109.0,373,0.000275197
20112,4.4,138.0,528,0.001058265
20116,4.4,156.0,573,0.000444735
20117,4.4,87.0,518,0.000328635
20125,4.4,178.0,320,7.7304e-05
20128,4.4,203.0,340,0.000262643
20155,5.4,147.0,580,0.000576385
20156,5.4,88.0,630,0.000425453
20157,5.4,111.0,894,0.000382024
20160,5.4,191.0,567,0.001049031
20164,5.4,132.0,873,0.000960879
20167,5.4,159.0,372,0.003759385
20168,5.4,66.0,732,0.000324526
20170,5.4,165.0,236,0.010006597
20172,5.4,155.0,1010,0.000585275
20173,5.4,102.0,219,0.001941368
20174,5.4,141.0,234,0.003225934
20293,4.4,146.0,460,0.001427896
20294,4.4,51.0,387,0.003962461
20295,4.4,179.0,321,0.000497159
20297,4.4,170.0,330,0.000645739
20298,4.4,175.0,312,0.000300468
20299,4.4,169.0,555,0.000436147
20300,4.4,69.0,444,0.005240277
20302,4.4,198.0,265,0.000654737
20303,4.4,31.0,403,0.008595116
20304,4.4,103.0,324,0.001175239
20305,4.4,73.0,483,0.00227469
20306,4.4,68.0,429,0.002120047
20307,4.4,102.0,214,0.001624976
20309,4.4,73.0,238,0.001914054
20311,4.4,80.0,193,0.004067095
20312,4.4,148.0,771,0.000185884
20313,4.4,115.0,558,0.000952705
20319,4.4,147.0,875,0.000213543
20323,4.4,150.0,271,0.000350972
20324,4.4,108.0,328,0.002458567
20325,4.4,106.0,361,0.000461689
20326,4.4,158.0,1141,0.000229369
20328,4.4,146.0,340,0.000249283
20329,4.4,158.0,292,0.000976815
20331,4.4,194.0,629,0.000287568
20332,4.4,149.0,229,0.000380143
20333,4.4,145.0,225,0.002056371
20336,4.4,75.0,403,0.002206385
20372,4.3,53.0,387,0.001120128
20373,4.3,71.0,444,0.001374159
20374,4.3,30.0,403,0.004300687
20375,4.3,104.0,324,0.000390666
20376,4.3,71.0,483,0.00105637
20377,4.3,66.0,429,0.000953099
20378,4.3,101.0,214,0.000557494
20380,4.3,72.0,238,0.000788688
20381,4.3,111.0,328,0.000893663
20382,4.3,109.0,361,0.000148062
20386,4.3,73.0,403,0.00113516
20441,4.3,128.0,371,0.000192569
20442,4.3,102.0,580,0.000383144
20443,4.3,79.0,630,0.000351066
20444,4.3,95.0,894,0.000159975
20445,4.3,121.0,549,0.000127896
20446,4.3,130.0,567,0.000196803
20449,4.3,63.0,324,0.000762769
20450,4.3,78.0,697,0.000588046
20451,4.3,69.0,873,0.000890404
20457,4.3,100.0,236,0.000403601
20458,4.3,56.0,948,0.000623375
20459,4.3,99.0,1010,0.000417782
20460,4.3,41.0,219,0.003244728
20461,4.3,77.0,234,0.001222001
20498,4.8,131.0,299,0.000345984
20499,4.8,72.0,813,0.000506717
20503,4.8,218.0,630,0.000167036
20504,4.8,209.0,986,0.000189438
20509,4.8,215.0,462,0.000292585
20510,4.8,144.0,344,0.000470471
20512,4.8,154.0,549,0.000485225
20513,4.8,177.0,567,0.000246736
20517,4.8,176.0,697,0.000224763
20518,4.8,150.0,873,0.000443287
20521,4.8,138.0,732,0.000299786
20523,4.8,115.0,278,0.000545499
20524,4.8,102.0,236,0.004060092
20525,4.8,188.0,948,0.000161623
20526,4.8,181.0,1010,0.000303017
20527,4.8,151.0,219,0.001182228
20529,4.8,144.0,234,0.001611275
20681,4.0,44.0,481,0.000911116
20687,4.0,76.0,528,0.000604271
20689,4.0,85.0,340,0.000266936
20728,5.4,222.0,307,0.000543079
20729,5.4,144.0,460,0.002743583
20730,5.4,50.0,387,0.007515876
20731,5.4,178.0,321,0.001903051
20732,5.4,167.0,300,0.002528389
20734,5.4,168.0,330,0.002164077
20735,5.4,140.0,397,0.001215105
20736,5.4,174.0,312,0.001117917
20740,5.4,196.0,265,0.001977802
20744,5.4,200.0,375,0.00140448
20745,5.4,67.0,192,0.007654568
20747,5.4,29.0,403,0.021365202
20748,5.4,135.0,683,0.003583003
20749,5.4,69.0,483,0.004506671
20750,5.4,65.0,429,0.005049036
20754,5.4,150.0,709,0.00193612
20755,5.4,340.0,264,0.000584056
20759,5.4,80.0,193,0.011180725
20760,5.4,148.0,771,0.000873513
20761,5.4,114.0,558,0.002327127
20763,5.4,154.0,827,0.000833654
20777,5.4,102.0,207,0.002807098
20780,5.4,183.0,328,0.001205462
20781,5.4,163.0,415,0.001014246
20782,5.4,108.0,328,0.006656719
20783,5.4,106.0,361,0.001828853
20784,5.4,158.0,1141,0.000913699
20785,5.4,97.0,608,0.002346959
20789,5.4,146.0,340,0.001051305
20790,5.4,157.0,292,0.001282893
20792,5.4,193.0,629,0.001321383
20794,5.4,217.0,224,0.00188314
20817,4.0,58.0,387,0.001048536
20818,4.0,78.0,444,0.00177597
20819,4.0,73.0,192,0.000661103
20820,4.0,36.0,403,0.001199341
20822,4.0,30.0,366,0.006592502
20825,4.0,138.0,532,0.000141705
20828,4.0,74.0,403,0.000644461
20864,5.2,144.0,460,0.002605096
20865,5.2,49.0,387,0.008730999
20866,5.2,178.0,321,0.0012478
20867,5.2,167.0,300,0.001296872
20869,5.2,169.0,330,0.001120728
20870,5.2,140.0,397,0.001237959
20872,5.2,68.0,444,0.009767034
20873,5.2,175.0,293,0.003067791
20875,5.2,197.0,265,0.002416171
20876,5.2,282.0,348,0.000434996
20880,5.2,262.0,488,0.000387722
20882,5.2,70.0,192,0.006952276
20883,5.2,121.0,304,0.003121411
20884,5.2,30.0,403,0.01524958
20885,5.2,102.0,324,0.003134022
20886,5.2,136.0,683,0.003605408
20887,5.2,73.0,483,0.003868382
20888,5.2,68.0,429,0.004626789
20890,5.2,20.0,366,0.089671842
20891,5.2,131.0,315,0.003984396
20893,5.2,153.0,709,0.001808766
20894,5.2,200.0,441,0.001093708
20896,5.2,274.0,283,0.000761534
20898,5.2,78.0,193,0.008614292
20899,5.2,146.0,771,0.000650667
20900,5.2,113.0,558,0.002186324
20902,5.2,152.0,827,0.000757415
20905,5.2,140.0,171,0.001159901
20914,5.2,100.0,207,0.002729664
20915,5.2,134.0,532,0.001645547
20918,5.2,106.0,328,0.004018465
20922,5.2,260.0,500,0.000429983
20925,5.2,144.0,340,0.000919489
20927,5.2,192.0,629,0.000690672
20929,5.2,218.0,224,0.001667709
20931,5.2,199.0,538,0.001112535
20972,4.3,51.0,387,0.002835764
20973,4.3,71.0,444,0.003185155
20974,4.3,73.0,192,0.003053478
20975,4.3,106.0,324,0.000849936
20976,4.3,140.0,683,0.001356985
20977,4.3,75.0,483,0.002664951
20978,4.3,71.0,429,0.002694754
20979,4.3,105.0,214,0.001765864
20980,4.3,24.0,366,0.015883476
20981,4.3,79.0,193,0.002492371
20982,4.3,115.0,558,0.000573603
20984,4.3,107.0,328,0.001789174
20985,4.3,105.0,361,0.000565873
20988,4.3,78.0,403,0.001510321
21009,3.7,74.0,444,0.000938334
21010,3.7,35.0,403,0.00276125
21016,3.7,77.0,403,0.000334895
21063,3.9,33.0,403,0.001253993
21069,3.9,72.0,403,0.000577263
21072,5.4,47.0,387,0.009720354
21073,5.4,179.0,321,0.001399097
21074,5.4,166.0,300,0.001290488
21076,5.4,169.0,330,0.001428025
21077,5.4,141.0,397,0.00106901
21078,5.4,172.0,312,0.000727059
21081,5.4,174.0,293,0.00356611
21084,5.4,197.0,265,0.001589827
21088,5.4,72.0,192,0.00665472
21089,5.4,122.0,304,0.004291313
21090,5.4,32.0,403,0.010841584
21091,5.4,102.0,324,0.003570992
21092,5.4,109.0,286,0.012796445
21093,5.4,137.0,683,0.00408128
21094,5.4,74.0,483,0.006466795
21095,5.4,69.0,429,0.006432895
21096,5.4,104.0,214,0.004307225
21103,5.4,263.0,247,0.000574853
21104,5.4,275.0,283,0.000825857
21106,5.4,76.0,193,0.008313686
21107,5.4,143.0,771,0.001203013
21108,5.4,112.0,558,0.002127052
21112,5.4,142.0,196,0.000193112
21124,5.4,97.0,207,0.005261976
21125,5.4,189.0,271,0.000629749
21126,5.4,179.0,328,0.001449666
21127,5.4,159.0,415,0.001237074
21128,5.4,103.0,328,0.007849824
21130,5.4,153.0,1141,0.001368458
21134,5.4,283.0,593,0.00017866
21136,5.4,141.0,340,0.001035446
21137,5.4,155.0,292,0.001102105
21140,5.4,191.0,629,0.000759973
21143,5.4,145.0,229,0.001174805
21146,5.4,200.0,538,0.001357758
21147,5.4,249.0,361,0.000613049
21148,5.4,197.0,484,0.002557996
21155,5.4,144.0,460,0.001969137
21178,4.3,51.0,387,0.001659411
21179,4.3,70.0,444,0.002690348
21180,4.3,32.0,403,0.003854973
21181,4.3,104.0,324,0.000593499
21182,4.3,74.0,483,0.001016391
21183,4.3,69.0,429,0.000988975
21184,4.3,103.0,214,0.000746206
21185,4.3,23.0,366,0.025285049
21188,4.3,76.0,403,0.000815104
21189,4.5,48.0,387,0.001927526
21191,4.5,34.0,403,0.006195809
21192,4.5,104.0,324,0.000831613
21193,4.5,76.0,483,0.001604775
21195,4.5,106.0,214,0.001094648
21196,4.5,22.0,366,0.026767912
21199,4.5,79.0,403,0.001208783
21275,4.4,145.0,460,0.001279822
21276,4.4,180.0,321,0.000409765
21277,4.4,168.0,300,0.000514598
21278,4.4,170.0,330,0.000451412
21279,4.4,174.0,312,0.000270242
21281,4.4,170.0,555,0.000298299
21282,4.4,69.0,444,0.002340715
21284,4.4,198.0,265,0.000682128
21285,4.4,72.0,192,0.001623586
21286,4.4,32.0,403,0.004154486
21287,4.4,104.0,324,0.00102289
21288,4.4,109.0,286,0.001167868
21289,4.4,138.0,683,0.000865936
21290,4.4,74.0,483,0.000908298
21291,4.4,69.0,429,0.001083829
21292,4.4,104.0,214,0.000895497
21295,4.4,155.0,709,0.000273102
21296,4.4,79.0,193,0.001020283
21297,4.4,114.0,558,0.000395611
21306,4.4,101.0,207,0.000393667
21307,4.4,134.0,532,0.000262237
21310,4.4,107.0,328,0.000687331
21311,4.4,105.0,361,0.000270707
21313,4.4,97.0,608,0.000543932
21314,4.4,193.0,629,0.000191102
21315,4.4,148.0,229,0.000174818
21316,4.4,200.0,538,0.000295442
21317,4.4,197.0,484,0.000423657
21328,4.3,146.0,460,0.000406212
21329,4.3,51.0,387,0.00128613
21330,4.3,129.0,430,0.000212783
21331,4.3,169.0,555,0.000260042
21333,4.3,70.0,192,0.001285164
21334,4.3,30.0,403,0.005305866
21335,4.3,107.0,286,0.000903845
21336,4.3,137.0,683,0.001015225
21338,4.3,67.0,429,0.001072003
21339,4.3,102.0,214,0.000650135
21340,4.3,22.0,366,0.012754279
21342,4.3,115.0,558,0.000245339
21345,4.3,138.0,532,0.000140068
21346,4.3,110.0,328,0.000833375
21347,4.3,107.0,361,0.000197874
21348,4.3,98.0,608,0.000282443
21349,4.3,149.0,229,9.84524e-05
21350,4.3,145.0,225,0.000875767
21361,4.5,144.0,460,0.000489068
21362,4.5,49.0,387,0.002050357
21363,4.5,179.0,321,0.000318356
21367,4.5,197.0,265,0.000329653
21368,4.5,70.0,192,0.002356546
21369,4.5,31.0,403,0.006532227
21370,4.5,102.0,324,0.000593204
21371,4.5,108.0,286,0.001546461
21372,4.5,137.0,683,0.000701316
21373,4.5,73.0,483,0.001448819
21374,4.5,68.0,429,0.002087414
21375,4.5,103.0,214,0.001041573
21376,4.5,21.0,366,0.017516274
21377,4.5,78.0,193,0.001241962
21378,4.5,147.0,771,0.00013046
21379,4.5,113.0,558,0.000395537
21380,4.5,143.0,313,0.000348447
21383,4.5,143.0,836,0.00014679
21389,4.5,138.0,459,0.000273392
21391,4.5,104.0,361,0.000330067
21392,4.5,96.0,608,0.000345069
21393,4.5,144.0,340,0.000122421
21395,4.5,192.0,629,0.000136772
21396,4.5,147.0,229,0.000182441
21409,3.9,146.0,460,0.000449167
21410,3.9,51.0,387,0.00093382
21411,3.9,180.0,321,0.000350506
21413,3.9,69.0,444,0.001812307
21414,3.9,198.0,265,0.000349526
21415,3.9,71.0,192,0.001394601
21416,3.9,31.0,403,0.004374979
21417,3.9,103.0,324,0.001050176
21418,3.9,108.0,286,0.001012475
21419,3.9,137.0,683,0.001106736
21421,3.9,68.0,429,0.001434222
21422,3.9,103.0,214,0.000635996
21424,3.9,80.0,193,0.000723149
21425,3.9,109.0,328,0.000428584
21426,3.9,107.0,361,0.000126725
21428,3.9,145.0,225,0.001172723
21431,3.9,76.0,403,0.00039848
21490,4.0,34.0,403,0.00265474
21494,4.0,69.0,429,0.000539074
21495,4.0,29.0,366,0.023993826
21499,4.0,73.0,403,0.000514235
21543,5.0,144.0,460,0.001368136
21544,5.0,48.0,387,0.003733859
21545,5.0,167.0,300,0.000838124
21547,5.0,170.0,330,0.000638993
21548,5.0,141.0,397,0.00064577
21551,5.0,169.0,555,0.000496521
21552,5.0,67.0,444,0.005423651
21556,5.0,70.0,192,0.002277572
21557,5.0,31.0,403,0.013106952
21558,5.0,103.0,324,0.00141846
21559,5.0,108.0,286,0.002169453
21560,5.0,137.0,683,0.001245478
21562,5.0,68.0,429,0.001929003
21564,5.0,21.0,366,0.040427446
21566,5.0,153.0,709,0.00042406
21569,5.0,77.0,193,0.005755533
21571,5.0,112.0,558,0.001153018
21578,5.0,100.0,207,0.001624222
21580,5.0,106.0,328,0.002886713
21581,5.0,104.0,361,0.000779551
21582,5.0,155.0,1141,0.000376578
21586,5.0,191.0,629,0.000486422
21590,5.0,76.0,403,0.00138031
21615,4.2,71.0,311,0.001878769
21621,4.2,102.0,270,0.000290307
21712,5.3,144.0,460,0.002511072
21713,5.3,48.0,387,0.008976595
21714,5.3,167.0,300,0.001282392
21716,5.3,169.0,330,0.001327895
21717,5.3,141.0,397,0.001002962
21718,5.3,173.0,312,0.000774015
21720,5.3,168.0,555,0.000989087
21721,5.3,67.0,444,0.010964352
21722,5.3,174.0,293,0.00467608
21724,5.3,197.0,265,0.002319576
21726,5.3,250.0,396,0.000624184
21728,5.3,262.0,488,0.000413951
21730,5.3,69.0,192,0.007066037
21731,5.3,30.0,403,0.022407589
21732,5.3,102.0,324,0.003352332
21733,5.3,107.0,286,0.006555768
21734,5.3,137.0,683,0.002846092
21735,5.3,71.0,483,0.004702284
21740,5.3,152.0,709,0.001632035
21741,5.3,199.0,441,0.000963891
21744,5.3,292.0,452,0.00018017
21745,5.3,275.0,283,0.000969561
21746,5.3,277.0,420,0.000255083
21747,5.3,299.0,1182,0.000145594
21748,5.3,77.0,193,0.007116397
21749,5.3,146.0,771,0.000410519
21750,5.3,112.0,558,0.001534905
21757,5.3,149.0,745,0.001080589
21760,5.3,106.0,328,0.004782581
21761,5.3,104.0,361,0.001367779
21762,5.3,156.0,1141,0.000477886
21763,5.3,96.0,608,0.002094652
21765,5.3,224.0,317,0.000946505
21769,5.3,144.0,340,0.000691663
21770,5.3,218.0,336,0.001059256
21771,5.3,191.0,629,0.000561118
21772,5.3,146.0,229,0.00080899
21773,5.3,219.0,224,0.001389421
21775,5.3,199.0,538,0.00147551
21776,5.3,195.0,484,0.002232409
21779,5.3,289.0,196,0.000479356
21780,5.3,290.0,382,0.00044348
21799,5.3,273.0,366,0.000522088
21885,4.9,221.0,307,0.000221531
21887,4.9,150.0,460,0.000836486
21888,4.9,53.0,387,0.00306781
21889,4.9,185.0,321,0.000634621
21890,4.9,173.0,300,0.000416925
21892,4.9,175.0,330,0.000709592
21893,4.9,147.0,397,0.000496559
21894,4.9,179.0,312,0.000201403
21898,4.9,181.0,293,0.001076366
21900,4.9,207.0,375,0.000351174
21901,4.9,75.0,192,0.002955381
21902,4.9,36.0,403,0.006533457
21903,4.9,109.0,324,0.001824155
21904,4.9,142.0,683,0.002044069
21906,4.9,73.0,429,0.001896945
21907,4.9,108.0,214,0.001857991
21908,4.9,27.0,366,0.029908473
21911,4.9,158.0,709,0.000600753
21912,4.9,205.0,441,0.000496296
21913,4.9,81.0,193,0.00252711
21914,4.9,147.0,771,0.00043956
21915,4.9,117.0,558,0.00066129
21916,4.9,213.0,286,0.000229539
21930,4.9,99.0,207,0.000890594
21932,4.9,193.0,271,0.000262727
21933,4.9,106.0,328,0.002295237
21934,4.9,106.0,361,0.000691238
21935,4.9,156.0,1141,0.000331944
21936,4.9,100.0,608,0.000789497
21937,4.9,230.0,317,0.00042931
21938,4.9,146.0,340,0.00032767
21940,4.9,197.0,629,0.000256315
21941,4.9,175.0,341,0.000165207
21942,4.9,150.0,229,0.00040112
21943,4.9,150.0,225,0.002631608
21944,4.9,225.0,224,0.000531373
21945,4.9,230.0,313,0.000245513
21946,4.9,205.0,538,0.000529256
21947,4.9,201.0,484,0.001048725
22013,3.6,57.0,387,0.000455902
22015,3.6,69.0,192,0.000332526
22016,3.6,32.0,403,0.001029367
22017,3.6,72.0,483,0.000293267
22018,3.6,67.0,429,0.000220586
22020,3.6,87.0,193,0.000214262
22025,4.2,149.0,460,0.000420516
22026,4.2,55.0,387,0.002665923
22027,4.2,181.0,321,0.00032236
22028,4.2,173.0,300,0.000219205
22029,4.2,171.0,330,0.000294713
22031,4.2,144.0,397,0.000254975
22032,4.2,133.0,430,0.00025354
22033,4.2,170.0,555,0.000304714
22034,4.2,73.0,444,0.004120991
22036,4.2,69.0,192,0.001126671
22037,4.2,31.0,403,0.003595158
22038,4.2,105.0,324,0.000665135
22040,4.2,138.0,683,0.000976565
22041,4.2,71.0,483,0.001378865
22042,4.2,67.0,429,0.000880315
22043,4.2,102.0,214,0.000777957
22046,4.2,152.0,709,0.00025139
22047,4.2,84.0,193,0.001387713
22048,4.2,119.0,558,0.000353927
22056,4.2,145.0,459,0.000411463
22058,4.2,140.0,532,0.000440874
22059,4.2,155.0,271,0.000260889
22060,4.2,113.0,328,0.001843362
22061,4.2,111.0,361,0.000458653
22062,4.2,103.0,608,0.00044713
22063,4.2,151.0,340,0.000192164
22065,4.2,145.0,225,0.001755762
22080,4.6,48.0,233,0.001122573
22087,4.6,89.0,470,0.001439405
22088,4.6,87.0,283,0.000883255
22089,4.6,86.0,448,0.001814921
22090,4.6,88.0,350,0.003379941
22091,4.6,90.0,404,0.003508905
22092,4.6,90.0,329,0.002016655
22094,4.6,93.0,447,0.001716165
22095,4.6,90.0,377,0.001316012
22096,4.6,98.0,377,0.001159226
22098,4.6,69.0,460,0.002101057
22099,4.6,101.0,344,0.001740053
22100,4.6,53.0,688,0.001596009
22102,4.6,58.0,272,0.00265859
22104,4.6,73.0,338,0.003299199
22112,4.6,123.0,541,0.00128179
22113,4.6,106.0,484,0.000935371
22114,4.6,81.0,390,0.001260242
22115,4.6,94.0,574,0.000317895
22116,4.6,98.0,715,0.000539983
22117,4.6,97.0,545,0.000541607
22118,4.6,104.0,440,0.000958371
22119,4.6,100.0,561,0.000722748
22120,4.6,102.0,346,0.001193654
22121,4.6,99.0,317,0.00123659
22123,4.6,77.0,347,0.001243919
22138,4.8,149.0,460,0.001851009
22139,4.8,51.0,387,0.005798436
22140,4.8,171.0,300,0.000938207
22141,4.8,175.0,330,0.001047325
22143,4.8,174.0,555,0.000907962
22144,4.8,72.0,444,0.008827142
22145,4.8,180.0,293,0.002627058
22147,4.8,76.0,192,0.003012707
22148,4.8,127.0,304,0.003429384
22149,4.8,37.0,403,0.004715428
22150,4.8,108.0,324,0.0024705
22151,4.8,143.0,683,0.003232361
22152,4.8,79.0,483,0.002454526
22153,4.8,74.0,429,0.002271331
22154,4.8,109.0,214,0.002454526
22157,4.8,160.0,709,0.000856744
22158,4.8,144.0,771,0.000599604
22159,4.8,115.0,558,0.001809789
22168,4.8,148.0,745,0.001138552
22169,4.8,147.0,271,0.000722532
22170,4.8,191.0,271,0.000344107
22171,4.8,104.0,328,0.002403802
22172,4.8,103.0,361,0.001138552
22175,4.8,158.0,292,0.000889511
22177,4.8,194.0,629,0.000867739
22179,4.8,173.0,341,0.000316085
22180,4.8,147.0,229,0.000823101
22185,4.8,79.0,403,0.001861114
22187,4.8,114.0,286,0.004899734
22224,4.0,39.0,403,0.000911474
22225,4.0,31.0,366,0.00781078
22232,5.6,249.0,439,0.000467697
22233,5.6,227.0,501,0.00053838
22234,5.6,217.0,583,0.000618497
22235,5.6,202.0,965,0.000541757
22236,5.6,70.0,555,0.008324047
22237,5.6,25.0,660,0.029169129
22238,5.6,66.0,469,0.004785133
22239,5.6,230.0,528,0.001181651
22240,5.6,273.0,463,0.00076041
22241,5.6,158.0,519,0.005447652
22242,5.6,133.0,407,0.001363895
22243,5.6,139.0,907,0.002029547
22244,5.6,175.0,489,0.000783841
22245,5.6,205.0,663,0.000419402
22246,5.6,178.0,329,0.001416499
22247,5.6,120.0,450,0.004703466
22248,5.6,131.0,860,0.001083138
22249,5.6,252.0,315,0.000246065
22250,5.6,224.0,416,0.000416237
22251,5.6,182.0,875,0.000785175
22252,5.6,294.0,284,0.000103739
22253,5.6,244.0,955,0.000108278
22254,5.6,279.0,435,0.000240993
22255,5.6,345.0,303,0.000353089
22256,5.6,313.0,373,0.000143784
22257,5.6,111.0,758,0.007028694
22258,5.6,85.0,721,0.014502777
22259,5.6,170.0,720,0.002705575
22260,5.6,164.0,523,0.002814065
22261,5.6,305.0,367,0.000177232
22262,5.6,289.0,521,0.000147033
22263,5.6,230.0,221,0.002058154
22264,5.6,231.0,424,0.0023163
22265,5.6,223.0,868,0.00097384
22266,5.6,227.0,310,0.002824333
22267,5.6,229.0,374,0.001111763
22268,5.6,225.0,455,0.001747943
22269,5.6,220.0,271,0.003428509
22270,5.6,253.0,470,0.001204237
22271,5.6,250.0,283,0.001659229
22272,5.6,253.0,448,0.001169269
22273,5.6,254.0,350,0.001916166
22274,5.6,255.0,404,0.001988407
22275,5.6,254.0,329,0.00157969
22276,5.6,256.0,447,0.000955989
22277,5.6,254.0,567,0.000551441
22278,5.6,252.0,377,0.000984112
22279,5.6,223.0,377,0.001450695
22280,5.6,212.0,374,0.001651985
22281,5.6,260.0,460,0.001133486
22282,5.6,254.0,344,0.001767649
22283,5.6,198.0,688,0.001481357
22284,5.6,189.0,618,0.001255833
22285,5.6,210.0,272,0.002726954
22286,5.6,238.0,338,0.001783498
22287,5.6,219.0,539,0.001117856
22288,5.6,183.0,445,0.00136862
22289,5.6,194.0,485,0.002300043
22290,5.6,207.0,533,0.001780134
22291,5.6,189.0,305,0.001886562
22292,5.6,78.0,481,0.00207223
22293,5.6,74.0,1380,0.002730624
22294,5.6,135.0,579,0.000707422
22295,5.6,86.0,815,0.002689731
22296,5.6,126.0,735,0.001291502
22297,5.6,67.0,654,0.002266523
22298,5.6,121.0,315,0.003660322
22299,5.6,97.0,731,0.00537602
22300,5.6,172.0,246,0.002633638
22301,5.6,97.0,541,0.011384756
22302,5.6,113.0,484,0.003207776
22303,5.6,139.0,390,0.002992556
22304,5.6,136.0,574,0.001526117
22305,5.6,133.0,715,0.001840171
22306,5.6,133.0,545,0.002805867
22307,5.6,130.0,484,0.002599045
22308,5.6,127.0,561,0.002216412
22309,5.6,129.0,280,0.005085203
22310,5.6,123.0,346,0.003764373
22311,5.6,129.0,317,0.003828287
22312,5.6,144.0,186,0.002244734
22313,5.6,145.0,382,0.002529012
22314,5.6,142.0,347,0.002578873
22315,5.6,91.0,543,0.006061374
22316,5.6,148.0,428,0.004222726
22317,5.6,203.0,709,0.002446364
22318,5.6,296.0,314,0.000960657
22319,5.6,264.0,392,0.000466567
22320,5.6,156.0,445,0.000806762
22321,5.6,257.0,207,0.000338084
22322,5.6,271.0,426,0.000170322
22323,5.6,329.0,248,0.00029387
22324,5.6,56.0,652,0.020264434
22325,5.6,121.0,936,0.016607565
22326,5.6,79.0,986,0.007214643
22327,5.6,25.0,376,0.057684355
22328,5.6,239.0,450,0.002204003
22329,5.6,168.0,430,0.001911128
22330,5.6,196.0,350,0.001685881
22350,4.2,54.0,660,0.000413799
22353,4.2,122.0,450,8.39976e-05
22356,4.2,194.0,618,5.15861e-05
22358,4.2,77.0,654,9.29104e-05
22359,4.2,145.0,390,0.000121752
22361,4.2,101.0,543,0.000209074
22375,4.4,75.0,469,0.000541111
22385,4.4,105.0,731,0.000457637
22387,4.4,101.0,543,0.000616122
22454,4.0,76.0,469,0.000253964
22465,4.0,107.0,731,0.000414975
22467,4.0,200.0,709,0.000102016
22601,4.1,112.0,387,0.000661365
22606,4.1,71.0,223,0.000843129
22612,4.1,133.0,411,0.000806464
22615,4.1,146.0,348,0.000239716
22616,4.1,126.0,459,0.000264858
22617,4.1,114.0,396,0.000478478
22620,4.1,125.0,488,0.000450234
22624,4.1,64.0,375,0.000851362
22627,4.1,116.0,403,0.000257454
22628,4.1,36.0,324,0.002230335
22629,4.1,110.0,483,0.000279935
22630,4.1,108.0,429,0.000136607
22631,4.1,94.0,214,0.000350855
22633,4.1,133.0,709,0.0003931
22634,4.1,168.0,441,0.00029751
22637,4.1,164.0,452,0.000138533
22638,4.1,148.0,283,0.000930992
22640,4.1,172.0,1747,9.68015e-05
22642,4.1,102.0,558,0.000338493
22643,4.1,166.0,328,0.000332075
22644,4.1,145.0,361,0.000159575
22646,4.1,156.0,317,0.000188784
22648,4.1,139.0,229,0.000170399
22649,4.1,113.0,224,0.000361878
22651,4.1,112.0,538,0.000421672
22653,4.1,113.0,484,0.001268813
22654,4.1,114.0,277,0.000785054
22670,4.1,137.0,366,0.00038951
22673,4.1,151.0,358,0.000346276
22731,4.5,167.0,1024,0.000546092
22733,4.5,156.0,873,0.000441462
22736,4.5,98.0,732,0.000670803
22737,4.5,102.0,278,0.001688981
22738,4.5,148.0,236,0.000793979
22739,4.5,157.0,948,0.000223991
22740,4.5,137.0,219,0.001284284
22741,4.5,158.0,234,0.000983953
22810,4.3,31.0,403,0.001251975
22811,4.3,104.0,324,0.000357165
22813,4.3,23.0,366,0.01178396
22827,4.0,86.0,519,0.001009482
22837,4.0,92.0,1380,9.34187e-05
22855,4.1,49.0,375,0.004618172
22858,4.1,60.0,480,0.000929762
22867,4.1,95.0,270,0.000445512
22869,4.2,150.0,662,0.000388332
22872,4.2,32.0,403,0.009531161
22873,4.2,107.0,324,0.000834207
22876,4.2,67.0,429,0.000698947
22877,4.2,103.0,214,0.000633
22878,4.2,26.0,366,0.027561316
22880,4.2,86.0,193,0.001742251
22881,4.2,121.0,558,0.000357637
22889,4.2,114.0,328,0.002008584
22890,4.2,112.0,361,0.00044651
22958,4.0,92.0,541,0.000637126
22962,4.0,134.0,207,0.000294568
22964,4.0,105.0,340,0.001730937
22972,4.0,75.0,357,0.001924744
22973,4.0,38.0,368,0.000888879
22975,4.0,34.0,363,0.000600991
23041,4.2,51.0,771,0.001005573
23042,4.2,55.0,558,0.001420698
23043,4.2,56.0,286,0.000671835
23049,4.2,46.0,171,0.000940762
23052,4.2,45.0,131,0.00250595
23061,4.2,57.0,415,0.00089658
23062,4.2,58.0,361,0.000608076
23065,4.2,16.0,341,0.004642878
23085,4.0,117.0,445,6.74208e-05
23088,4.0,38.0,363,0.002072936
23089,4.0,118.0,406,0.000134792
23288,5.0,76.0,580,0.001211663
23290,5.0,88.0,986,0.000461274
23291,5.0,124.0,894,0.000350407
23293,5.0,103.0,206,0.000565674
23296,5.0,61.0,344,0.001074118
23298,5.0,24.0,549,0.010798848
23299,5.0,40.0,567,0.002152067
23303,5.0,191.0,827,0.000171745
23316,5.0,34.0,873,0.002945304
23320,5.0,98.0,732,0.000314592
23321,5.0,73.0,278,0.00030547
23322,5.0,40.0,236,0.002528386
23324,5.0,46.0,1010,0.001503779
23325,5.0,62.0,219,0.002460842
23326,5.0,22.0,234,0.010134992
23422,4.0,179.0,709,5.84677e-05
23473,4.2,113.0,387,0.00052906
23477,4.2,84.0,430,0.000570693
23480,4.2,56.0,558,0.00115712
23482,4.2,41.0,827,0.00152891
23487,4.2,48.0,695,0.000455458
23499,4.2,61.0,415,0.000660203
23500,4.2,77.0,328,0.00100062
23501,4.2,85.0,1141,0.000638417
23505,4.2,81.0,359,0.000317239
23506,4.2,98.0,336,0.001091711
23575,4.2,28.0,300,0.008400517
23576,4.2,115.0,330,0.000514052
23577,4.2,31.0,312,0.002628663
23578,4.2,69.0,430,0.000455922
23579,4.2,58.0,662,0.000862858
23580,4.2,125.0,555,0.000384113
23581,4.2,62.0,293,0.001859904
23584,4.2,103.0,448,0.000343224
23589,4.2,165.0,313,0.00030428
23615,5.1,180.0,449,0.000269111
23616,5.1,95.0,390,0.002482062
23617,5.1,110.0,301,0.00259504
23620,5.1,135.0,371,0.00103062
23622,5.1,200.0,894,0.000143919
23626,5.1,100.0,300,0.00553179
23628,5.1,195.0,330,0.001027833
23629,5.1,87.0,312,0.006458483
23632,5.1,206.0,555,0.000440388
23634,5.1,142.0,293,0.004206801
23636,5.1,228.0,471,0.000199474
23642,5.1,178.0,348,0.001417235
23643,5.1,150.0,459,0.000871806
23645,5.1,151.0,448,0.001468684
23649,5.1,160.0,488,0.000594567
23651,5.1,170.0,301,0.002746329
23654,5.1,180.0,570,0.000440715
23659,5.1,114.0,462,0.001692952
23660,5.1,85.0,345,0.002514641
23665,5.1,151.0,567,0.000414327
23666,5.1,136.0,477,0.000627278
23668,5.1,162.0,328,0.000533859
23672,5.1,150.0,445,0.000446374
23673,5.1,245.0,283,0.000690045
23675,5.1,236.0,1747,8.99325e-05
23677,5.1,146.0,558,0.00111284
23678,5.1,113.0,286,0.001380024
23691,5.1,176.0,415,0.000311732
23692,5.1,197.0,328,0.000392239
23693,5.1,179.0,361,0.000344656
23705,5.1,30.0,259,0.009555317
23707,5.1,78.0,313,0.006703924
23714,5.1,128.0,229,0.001389686
23715,5.1,196.0,873,0.000145223
23717,5.1,214.0,948,0.000117833
23718,5.1,161.0,1010,0.000266915
23720,5.1,196.0,234,0.000909422
23726,5.1,188.0,277,0.001043965
23727,5.1,201.0,312,0.000747755
23728,5.1,203.0,196,0.000748204
23730,5.1,204.0,199,0.000842343
23774,5.1,196.0,358,0.000767479
23792,5.1,119.0,390,0.000843377
23793,5.1,105.0,301,0.001181859
23795,5.1,92.0,354,0.003659639
23796,5.1,91.0,371,0.001895234
23798,5.1,142.0,630,0.00054018
23799,5.1,118.0,986,0.001291769
23800,5.1,119.0,894,0.000560913
23801,5.1,112.0,460,0.003384808
23802,5.1,109.0,387,0.003572013
23804,5.1,93.0,300,0.006112327
23806,5.1,187.0,330,0.001457986
23808,5.1,79.0,312,0.005418082
23810,5.1,113.0,662,0.002503398
23811,5.1,195.0,555,0.000426476
23812,5.1,109.0,444,0.004974306
23819,5.1,166.0,403,0.003379592
23820,5.1,145.0,324,0.003081791
23822,5.1,197.0,483,0.002036996
23824,5.1,148.0,366,0.002243206
23825,5.1,156.0,462,0.000357496
23826,5.1,120.0,345,0.000483796
23830,5.1,52.0,558,0.007249893
23843,5.1,42.0,249,0.010637197
23847,5.1,114.0,532,0.001644568
23849,5.1,44.0,271,0.004992914
23850,5.1,57.0,328,0.00506185
23851,5.1,59.0,415,0.003083786
23852,5.1,74.0,328,0.00580374
23853,5.1,59.0,361,0.003885609
23854,5.1,83.0,1141,0.003055664
23867,5.1,173.0,873,0.00017878
23868,5.1,135.0,694,0.000417034
23869,5.1,153.0,948,0.000286284
23870,5.1,144.0,1010,0.000393907
23872,5.1,116.0,462,0.000633078
24066,4.5,73.0,273,0.002278666
24067,4.5,173.0,303,0.000134855
24207,4.9,140.0,663,0.000321879
24212,4.9,46.0,320,0.014409637
24213,4.9,154.0,416,0.000561294
24223,4.9,117.0,303,0.000688482
24224,4.9,58.0,373,0.00575397
24230,4.9,91.0,367,0.002208172
24279,4.2,56.0,630,0.000717006
24281,4.2,39.0,894,0.00069371
24284,4.2,62.0,313,0.001242576
24285,4.2,60.0,468,0.001869362
24295,4.2,60.0,271,0.001828079
24296,4.2,38.0,328,0.002671739
24297,4.2,44.0,415,0.001230751
24298,4.2,95.0,328,0.001104688
24299,4.2,46.0,1141,0.002660306
24450,5.0,172.0,813,0.000670912
24453,5.0,153.0,630,0.000507108
24454,5.0,176.0,986,0.000467678
24455,5.0,174.0,894,0.000240198
24457,5.0,184.0,549,0.001282624
24458,5.0,199.0,567,0.000968977
24460,5.0,147.0,324,0.001253042
24462,5.0,144.0,873,0.00104054
24463,5.0,115.0,747,0.000677194
24466,5.0,81.0,732,0.0024506
24468,5.0,90.0,278,0.005659242
24469,5.0,143.0,236,0.003985072
24470,5.0,138.0,948,0.000730684
24471,5.0,177.0,1010,0.000613177
24472,5.0,122.0,219,0.003836541
24474,5.0,147.0,234,0.003692766
24509,4.1,46.0,416,0.000778923
24513,4.1,46.0,435,0.001111648
24515,4.1,89.0,444,0.000229694
24516,4.1,87.0,309,0.000228457
24517,4.1,37.0,594,0.001716783
24518,4.1,47.0,367,0.000724514
24519,4.1,54.0,521,0.000403174
24520,4.1,79.0,518,0.000199525
24563,5.2,114.0,390,0.002030913
24564,5.2,105.0,301,0.002798553
24565,5.2,99.0,269,0.006283617
24567,5.2,98.0,371,0.003295766
24569,5.2,159.0,630,0.000704041
24571,5.2,136.0,894,0.000466725
24573,5.2,115.0,387,0.001258646
24574,5.2,74.0,300,0.005739248
24576,5.2,173.0,330,0.001192743
24584,5.2,130.0,293,0.005509196
24585,5.2,237.0,929,0.000397907
24588,5.2,222.0,348,0.001241901
24590,5.2,189.0,396,0.00097491
24594,5.2,216.0,229,0.002370862
24599,5.2,169.0,403,0.000551804
24603,5.2,202.0,214,0.001386569
24605,5.2,150.0,462,0.000655107
24609,5.2,166.0,567,0.000656697
24613,5.2,255.0,407,0.000249889
24615,5.2,75.0,771,0.002431752
24616,5.2,53.0,558,0.002751886
24617,5.2,57.0,286,0.005480498
24619,5.2,69.0,468,0.003547984
24632,5.2,59.0,271,0.003723606
24633,5.2,76.0,328,0.005142186
24634,5.2,81.0,415,0.003470738
24635,5.2,92.0,328,0.00448696
24636,5.2,74.0,361,0.003374538
24637,5.2,105.0,1141,0.002712712
24638,5.2,68.0,608,0.001263761
24648,5.2,198.0,438,0.000590324
24649,5.2,102.0,259,0.004455546
24654,5.2,73.0,336,0.010885975
24657,5.2,28.0,341,0.037175575
24660,5.2,181.0,873,0.000276519
24666,5.2,149.0,1010,0.000568197
24668,5.2,266.0,599,6.34409e-05
24673,5.2,233.0,312,0.000881037
24674,5.2,235.0,382,0.000721384
24675,5.2,245.0,199,0.001014408
24702,5.2,215.0,366,0.000870648
24704,5.2,228.0,403,0.000435955
24707,5.2,236.0,358,0.000755778
24748,4.4,98.0,271,0.001240904
24749,4.4,114.0,307,0.000698849
24752,4.4,99.0,371,0.000555029
24753,4.4,127.0,580,0.000311498
24754,4.4,130.0,986,0.000328696
24755,4.4,136.0,894,0.000111185
24756,4.4,103.0,460,0.00046315
24758,4.4,79.0,300,0.000583119
24760,4.4,65.0,312,0.000648203
24761,4.4,74.0,430,0.000555764
24763,4.4,112.0,444,0.000273632
24765,4.4,153.0,265,0.000555514
24766,4.4,117.0,345,0.000169586
24768,4.4,55.0,558,0.000734217
24769,4.4,59.0,286,0.00072756
24773,4.4,63.0,836,0.000565185
24785,4.4,58.0,271,0.000848536
24786,4.4,75.0,328,0.001020136
24787,4.4,79.0,415,0.000457555
24788,4.4,92.0,328,0.000665459
24789,4.4,74.0,361,0.000742093
24790,4.4,103.0,1141,0.0004815
24791,4.4,70.0,608,0.00020631
24794,4.4,109.0,259,0.000476186
24818,4.0,128.0,580,0.000109687
24819,4.0,131.0,986,0.000132562
24825,4.0,62.0,312,0.000441668
24827,4.0,102.0,662,0.0001961
24830,4.0,151.0,265,0.00052249
24833,4.0,77.0,771,0.000272697
24834,4.0,57.0,558,0.000500234
24839,4.0,67.0,836,0.000349429
24840,4.0,73.0,171,0.000262343
24841,4.0,93.0,460,0.000514008
24843,4.0,72.0,131,0.000527247
24852,4.0,61.0,271,0.000424671
24853,4.0,78.0,328,0.00064315
24854,4.0,83.0,415,0.000317846
24855,4.0,95.0,328,0.000564889
24856,4.0,77.0,361,0.000513186
24857,4.0,107.0,1141,0.000319541
24858,4.0,72.0,608,0.000167426
24886,4.7,107.0,369,0.000963502
24888,4.7,113.0,307,0.000775123
24889,4.7,115.0,390,0.000301891
24890,4.7,105.0,301,0.000603065
24891,4.7,100.0,269,0.001272978
24892,4.7,96.0,354,0.001281062
24894,4.7,125.0,580,0.00041614
24895,4.7,157.0,630,0.000118148
24896,4.7,128.0,986,0.000396534
24897,4.7,134.0,894,0.000119389
24899,4.7,80.0,300,0.001299285
24901,4.7,180.0,330,0.000464588
24903,4.7,66.0,312,0.001113536
24904,4.7,76.0,430,0.001366244
24905,4.7,188.0,555,0.000272783
24906,4.7,114.0,444,0.000468248
24907,4.7,137.0,293,0.002057974
24909,4.7,180.0,411,0.000723823
24911,4.7,205.0,314,0.00022943
24913,4.7,195.0,396,0.000210009
24917,4.7,144.0,324,0.000753221
24918,4.7,193.0,683,0.000160403
24920,4.7,197.0,429,0.000121903
24922,4.7,152.0,462,0.000119935
24923,4.7,115.0,345,0.000305851
24924,4.7,167.0,567,0.000123755
24927,4.7,57.0,558,0.000797042
24929,4.7,76.0,313,0.001165847
24946,4.7,74.0,328,0.001430244
24947,4.7,79.0,415,0.000517988
24948,4.7,93.0,328,0.000720963
24949,4.7,76.0,361,0.000594831
24950,4.7,104.0,1141,0.000901336
24951,4.7,72.0,608,0.000342657
24955,4.7,108.0,259,0.001109809
24957,4.7,187.0,313,0.000137206
24961,4.7,72.0,359,0.000302575
24965,4.7,24.0,229,0.006196993
24968,4.7,149.0,1010,0.000125895
24970,4.7,186.0,234,0.000269204
24997,4.8,100.0,354,0.001325392
24998,4.8,101.0,371,0.000683517
25000,4.8,76.0,300,0.000704544
25004,4.8,62.0,312,0.00072062
25008,4.8,177.0,411,0.00050114
25009,4.8,151.0,265,0.000854607
25010,4.8,201.0,314,0.000168869
25016,4.8,76.0,771,0.000522881
25017,4.8,55.0,558,0.001740258
25018,4.8,61.0,286,0.001115997
25024,4.8,72.0,171,0.001039976
25036,4.8,61.0,271,0.00094507
25037,4.8,78.0,328,0.001154332
25038,4.8,82.0,415,0.000711265
25039,4.8,94.0,328,0.001234456
25040,4.8,75.0,361,0.000767664
25041,4.8,70.0,608,0.000344288
25045,4.8,168.0,593,0.000173422
25053,4.8,24.0,229,0.009304546
25063,4.8,101.0,662,0.000383391
25105,4.6,116.0,307,0.000706957
25106,4.6,118.0,390,0.000230504
25107,4.6,108.0,301,0.000367857
25110,4.6,128.0,580,0.000312509
25112,4.6,132.0,986,0.000441132
25113,4.6,137.0,894,9.78859e-05
25116,4.6,77.0,300,0.001181186
25118,4.6,177.0,330,0.000241202
25122,4.6,185.0,555,0.000103603
25123,4.6,111.0,444,0.000649503
25127,4.6,192.0,396,0.000172081
25129,4.6,140.0,324,0.000367518
25130,4.6,194.0,429,0.000109077
25132,4.6,170.0,567,6.98e-05
25135,4.6,54.0,558,0.001086264
25142,4.6,68.0,695,0.000363262
25148,4.6,103.0,414,0.000672042
25153,4.6,60.0,271,0.001063327
25154,4.6,77.0,328,0.001005702
25155,4.6,81.0,415,0.000719374
25156,4.6,93.0,328,0.00119683
25157,4.6,75.0,361,0.00080748
25158,4.6,105.0,1141,0.000705323
25159,4.6,69.0,608,0.000424301
25163,4.6,187.0,313,9.60585e-05
25173,4.6,152.0,1010,0.000131746
25178,4.6,60.0,286,0.001205429
25205,4.1,131.0,986,0.000165372
25212,4.1,52.0,558,0.000807363
25213,4.1,56.0,827,0.000258207
25217,4.1,77.0,415,0.000231415
25218,4.1,88.0,328,0.000670173
25220,4.1,100.0,1141,0.00033135
25248,4.1,101.0,271,0.000665486
25250,4.1,119.0,390,0.000194109
25252,4.1,133.0,986,0.000257988
25254,4.1,100.0,460,0.000882858
25255,4.1,76.0,300,0.001515703
25260,4.1,132.0,293,0.001223216
25261,4.1,139.0,324,0.000311729
25264,4.1,53.0,558,0.00094963
25278,4.1,61.0,271,0.000854056
25279,4.1,77.0,328,0.000723911
25280,4.1,81.0,415,0.000629964
25281,4.1,92.0,328,0.000916501
25282,4.1,74.0,361,0.000521814
25283,4.1,105.0,1141,0.000605157
25288,4.1,17.0,292,0.006048955
25321,4.9,129.0,580,0.000435321
25322,4.9,161.0,630,0.000224342
25323,4.9,132.0,986,0.000536375
25324,4.9,138.0,894,0.000181368
25327,4.9,77.0,300,0.001083
25331,4.9,63.0,312,0.00120445
25334,4.9,185.0,555,0.000161111
25335,4.9,133.0,293,0.001270607
25337,4.9,192.0,396,0.000230693
25340,4.9,140.0,324,0.000654259
25344,4.9,119.0,345,0.000593025
25348,4.9,53.0,558,0.001710024
25349,4.9,61.0,286,0.001364759
25352,4.9,69.0,468,0.001406524
25367,4.9,81.0,415,0.000883893
25368,4.9,92.0,328,0.001570228
25369,4.9,74.0,361,0.001654658
25374,4.9,108.0,259,0.001223977
25383,4.9,22.0,229,0.015961191
25385,4.9,184.0,873,8.48e-05
25387,4.9,153.0,1010,0.000201278
25548,6.3,353.0,226,0.000957582
25549,6.3,334.0,198,0.001863496
25550,6.3,128.0,369,0.010584173
25551,6.3,161.0,271,0.007262748
25552,6.3,144.0,307,0.009797284
25553,6.3,223.0,390,0.003514213
25554,6.3,205.0,301,0.003670763
25555,6.3,195.0,269,0.005847887
25556,6.3,183.0,354,0.004268327
25557,6.3,178.0,371,0.003287946
25558,6.3,196.0,580,0.002486183
25559,6.3,176.0,630,0.0042235
25560,6.3,186.0,986,0.001818457
25561,6.3,162.0,894,0.002066084
25562,6.3,150.0,460,0.016967293
25563,6.3,53.0,387,0.037630787
25564,6.3,210.0,321,0.007357616
25565,6.3,156.0,300,0.008603379
25566,6.3,203.0,330,0.006530734
25567,6.3,172.0,397,0.003967467
25568,6.3,154.0,312,0.00884624
25569,6.3,118.0,430,0.01645802
25570,6.3,150.0,662,0.013158582
25571,6.3,206.0,555,0.003157619
25572,6.3,84.0,444,0.032317476
25573,6.3,188.0,293,0.011934906
25574,6.3,334.0,929,0.000722776
25575,6.3,358.0,206,0.001360338
25576,6.3,266.0,411,0.003470859
25577,6.3,211.0,265,0.006186046
25578,6.3,269.0,314,0.001777731
25579,6.3,298.0,348,0.005555633
25580,6.3,272.0,459,0.002348494
25581,6.3,264.0,396,0.003113449
25582,6.3,267.0,448,0.004231818
25583,6.3,265.0,448,0.00610844
25584,6.3,271.0,249,0.005349794
25585,6.3,283.0,301,0.00364097
25586,6.3,303.0,410,0.00164828
25587,6.3,222.0,375,0.004940044
25588,6.3,298.0,570,0.000966731
25589,6.3,133.0,192,0.031159986
25590,6.3,166.0,304,0.008886771
25591,6.3,92.0,403,0.031804719
25592,6.3,137.0,324,0.023930188
25593,6.3,167.0,286,0.012529521
25594,6.3,184.0,683,0.007409975
25595,6.3,135.0,483,0.016021108
25596,6.3,130.0,429,0.017624961
25597,6.3,161.0,214,0.018201011
25598,6.3,73.0,366,0.052797227
25599,6.3,259.0,356,0.002355739
25600,6.3,259.0,462,0.00161177
25601,6.3,226.0,345,0.003563023
25602,6.3,321.0,344,0.000745526
25603,6.3,299.0,303,0.001793925
25604,6.3,279.0,549,0.001351535
25605,6.3,261.0,567,0.001191337
25606,6.3,198.0,315,0.006942079
25607,6.3,303.0,322,0.001582349
25608,6.3,215.0,709,0.002195543
25609,6.3,263.0,441,0.002728393
25610,6.3,324.0,1236,0.000771761
25611,6.3,333.0,436,0.001826578
25612,6.3,290.0,639,0.001824786
25613,6.3,321.0,323,0.001264677
25614,6.3,300.0,247,0.003874272
25615,6.3,326.0,452,0.000806203
25616,6.3,310.0,283,0.003894389
25617,6.3,310.0,420,0.00255962
25618,6.3,333.0,1747,0.000548107
25619,6.3,44.0,193,0.051867827
25620,6.3,83.0,558,0.02137077
25621,6.3,150.0,286,0.014536553
25622,6.3,70.0,313,0.030299046
25623,6.3,85.0,827,0.009980637
25624,6.3,78.0,468,0.013357794
25625,6.3,76.0,196,0.018693862
25626,6.3,74.0,836,0.011593208
25627,6.3,70.0,171,0.020431062
25628,6.3,63.0,460,0.023302381
25629,6.3,83.0,695,0.006913843
25630,6.3,76.0,298,0.018570014
25631,6.3,78.0,875,0.011186574
25632,6.3,80.0,249,0.021778092
25633,6.3,61.0,414,0.031206907
25634,6.3,69.0,459,0.024194281
25635,6.3,77.0,745,0.016967255
25636,6.3,20.0,207,0.045998825
25637,6.3,55.0,532,0.037987141
25638,6.3,81.0,271,0.016059308
25639,6.3,126.0,271,0.010187346
25640,6.3,109.0,328,0.022927651
25641,6.3,87.0,415,0.019627983
25642,6.3,34.0,328,0.05182369
25643,6.3,44.0,361,0.013731617
25644,6.3,77.0,1141,0.018429784
25645,6.3,67.0,608,0.008805096
25646,6.3,320.0,500,0.000841853
25647,6.3,282.0,317,0.002845461
25648,6.3,356.0,515,0.001193667
25649,6.3,361.0,290,0.00174606
25650,6.3,333.0,701,0.000997966
25651,6.3,364.0,305,0.002595364
25652,6.3,399.0,380,0.000350984
25653,6.3,336.0,300,0.002281295
25654,6.3,355.0,352,0.003957755
25655,6.3,352.0,253,0.001888238
25656,6.3,365.0,282,0.001820241
25657,6.3,372.0,190,0.003602051
25658,6.3,337.0,884,0.000626672
25659,6.3,371.0,214,0.00181206
25660,6.3,364.0,303,0.002772286
25661,6.3,370.0,303,0.002327527
25662,6.3,343.0,906,0.000708515
25663,6.3,368.0,258,0.003069529
25664,6.3,374.0,203,0.002887826
25665,6.3,311.0,266,0.002579739
25666,6.3,255.0,343,0.002521109
25667,6.3,247.0,304,0.003554811
25668,6.3,313.0,438,0.00119709
25669,6.3,219.0,259,0.004994492
25670,6.3,272.0,593,0.001738866
25671,6.3,305.0,313,0.001379288
25672,6.3,276.0,391,0.001934036
25673,6.3,85.0,340,0.01739207
25674,6.3,118.0,292,0.013930875
25675,6.3,187.0,359,0.004032711
25676,6.3,190.0,336,0.015750983
25677,6.3,158.0,629,0.010161597
25678,6.3,151.0,273,0.007704445
25679,6.3,115.0,341,0.012471038
25680,6.3,96.0,229,0.025364225
25681,6.3,245.0,1024,0.000996702
25682,6.3,205.0,324,0.003007295
25683,6.3,248.0,873,0.000783281
25684,6.3,216.0,747,0.000992983
25685,6.3,271.0,393,0.000728317
25686,6.3,285.0,372,0.001261924
25687,6.3,258.0,732,0.000469628
25688,6.3,190.0,694,0.000953827
25689,6.3,275.0,278,0.000524004
25690,6.3,308.0,236,0.002027368
25691,6.3,202.0,948,0.001360469
25692,6.3,228.0,1010,0.001194432
25693,6.3,240.0,219,0.003751746
25694,6.3,353.0,599,0.00030686
25695,6.3,258.0,234,0.004008205
25696,6.3,395.0,412,0.000612577
25697,6.3,384.0,215,0.002669978
25698,6.3,376.0,381,0.00304914
25699,6.3,199.0,225,0.01701544
25700,6.3,265.0,224,0.005755442
25701,6.3,275.0,313,0.003492579
25702,6.3,250.0,538,0.003177414
25703,6.3,298.0,361,0.002866669
25704,6.3,248.0,484,0.004401013
25705,6.3,256.0,286,0.001755604
25706,6.3,225.0,462,0.001253791
25707,6.3,273.0,277,0.00411556
25708,6.3,299.0,312,0.003083403
25709,6.3,311.0,196,0.004184235
25710,6.3,308.0,382,0.001931572
25711,6.3,316.0,199,0.003634838
25712,6.3,331.0,280,0.002013108
25715,6.3,275.0,488,0.002556899
25716,6.3,290.0,229,0.006496341
25730,6.3,141.0,403,0.016034866
25748,6.3,290.0,366,0.002940654
25751,6.3,308.0,358,0.002089271
25859,4.3,87.0,875,0.000209231
25864,4.3,63.0,532,0.000421705
25865,4.3,89.0,271,0.000288977
25866,4.3,54.0,361,0.000294108
25878,4.0,85.0,875,0.000176256
25882,4.0,40.0,328,0.001641117
25883,4.0,52.0,361,0.000290463
25884,4.0,85.0,1141,0.000397236
25897,4.0,68.0,414,0.001085448
25904,4.0,91.0,340,0.00016405
25914,4.0,88.0,131,0.001344812
25915,4.0,85.0,459,0.001232019
25988,4.0,102.0,403,0.000409441
25989,4.0,141.0,324,0.000120875
25990,4.0,145.0,483,0.000155946
25991,4.0,140.0,429,0.000154449
25992,4.0,83.0,366,0.000957456
25998,4.0,84.0,468,0.000391304
26000,4.0,75.0,171,0.000312374
26001,4.0,70.0,460,0.000461898
26003,4.0,83.0,875,0.000172213
26011,4.0,51.0,361,0.000217828
26012,4.0,83.0,1141,0.000250698
26015,4.0,103.0,229,0.00020852
26024,4.0,154.0,403,0.00023001
26106,4.4,102.0,403,0.000909483
26107,4.4,139.0,324,0.000428996
26109,4.4,139.0,429,0.000414718
26110,4.4,82.0,366,0.002948784
26112,4.4,86.0,558,0.001079223
26125,4.4,91.0,415,0.001268406
26126,4.4,37.0,328,0.003204171
26127,4.4,48.0,361,0.001060236
26129,4.4,71.0,608,0.001375096
26130,4.4,88.0,340,0.000775477
26154,4.1,98.0,403,0.000635091
26157,4.1,100.0,558,0.000415466
26160,4.1,79.0,414,0.000972544
26167,4.1,105.0,415,0.000496273
26169,4.1,64.0,361,0.000342395
26260,3.9,49.0,415,0.000641441
26261,3.9,45.0,328,0.00152233
26262,3.9,67.0,361,0.000297885
26276,4.2,108.0,403,0.000694415
26277,4.2,143.0,324,0.000370119
26278,4.2,145.0,429,0.000393689
26279,4.2,88.0,366,0.001899014
26285,4.2,85.0,415,0.000363682
26287,4.2,76.0,1141,0.000274992
26328,4.8,161.0,307,0.00061029
26329,4.8,192.0,630,0.000186084
26330,4.8,178.0,894,0.00012182
26333,4.8,220.0,321,0.000385481
26334,4.8,173.0,300,0.000442615
26337,4.8,93.0,444,0.004273584
26341,4.8,99.0,403,0.003384772
26342,4.8,145.0,324,0.0009899
26344,4.8,192.0,683,0.000672285
26345,4.8,142.0,483,0.000975151
26346,4.8,137.0,429,0.001141755
26347,4.8,80.0,366,0.006265492
26350,4.8,101.0,558,0.001577334
26351,4.8,168.0,286,0.001005219
26357,4.8,89.0,171,0.002284959
26360,4.8,91.0,131,0.005400994
26365,4.8,96.0,745,0.001925067
26369,4.8,144.0,271,0.000964794
26370,4.8,127.0,328,0.001921362
26371,4.8,105.0,415,0.001652632
26372,4.8,52.0,328,0.005259813
26373,4.8,64.0,361,0.00098366
26374,4.8,93.0,1141,0.001355867
26375,4.8,85.0,608,0.001218622
26380,4.8,116.0,229,0.001647247
26389,4.8,147.0,403,0.001045637
26399,4.2,152.0,460,0.00033503
26402,4.2,87.0,444,0.001446693
26404,4.2,107.0,403,0.000889996
26406,4.2,149.0,483,0.000343372
26407,4.2,144.0,429,0.00039304
26410,4.2,84.0,558,0.000727137
26415,4.2,71.0,836,0.000658575
26416,4.2,67.0,171,0.000623474
26417,4.2,62.0,460,0.001076542
26420,4.2,75.0,875,0.000729336
26428,4.2,107.0,328,0.002296942
26429,4.2,85.0,415,0.001117893
26431,4.2,76.0,1141,0.000784246
26433,4.2,82.0,340,0.000481453
26435,4.2,95.0,229,0.000882914
26450,5.3,141.0,307,0.004124273
26451,5.3,189.0,269,0.001820422
26453,5.3,172.0,371,0.00096849
26455,5.3,175.0,630,0.00079434
26456,5.3,160.0,894,0.000538218
26460,5.3,152.0,300,0.001550705
26462,5.3,170.0,397,0.000908327
26463,5.3,149.0,312,0.001306106
26469,5.3,141.0,192,0.007676919
26471,5.3,101.0,403,0.005915072
26474,5.3,184.0,683,0.001364483
26475,5.3,144.0,483,0.002962991
26476,5.3,138.0,429,0.003590063
26482,5.3,79.0,558,0.006599714
26483,5.3,143.0,286,0.006442232
26486,5.3,73.0,468,0.007888662
26494,5.3,63.0,145,0.013020287
26501,5.3,119.0,271,0.008330243
26502,5.3,105.0,328,0.021813668
26503,5.3,83.0,415,0.010481368
26512,5.3,109.0,341,0.003982584
26513,5.3,90.0,229,0.005323664
26516,5.3,188.0,694,0.000312743
26530,5.3,155.0,403,0.006948417
26594,3.8,82.0,366,0.001035787
26596,3.8,85.0,558,0.000375716
26603,3.8,91.0,415,0.000274314
26604,3.8,36.0,328,0.00123181
26605,3.8,47.0,361,0.000245687
26618,3.7,56.0,328,0.000399701
26619,3.7,65.0,361,0.000124774
26648,5.0,136.0,307,0.001377211
26649,5.0,167.0,371,0.000431114
26650,5.0,169.0,630,0.000319923
26651,5.0,177.0,986,0.000247066
26652,5.0,154.0,894,0.000240151
26655,5.0,152.0,300,0.000769444
26660,5.0,187.0,293,0.001349522
26664,5.0,108.0,403,0.003054582
26665,5.0,140.0,324,0.00154785
26667,5.0,190.0,683,0.000892712
26668,5.0,150.0,483,0.001613032
26669,5.0,145.0,429,0.001791701
26672,5.0,43.0,193,0.005864301
26674,5.0,79.0,558,0.002572157
26675,5.0,139.0,286,0.002251602
26683,5.0,73.0,695,0.001308614
26696,5.0,115.0,271,0.002661992
26697,5.0,99.0,328,0.007209992
26698,5.0,78.0,415,0.004939751
26701,5.0,64.0,608,0.001080684
26707,5.0,106.0,341,0.001774251
26708,5.0,88.0,229,0.002299846
26724,5.0,162.0,403,0.002043685
26754,4.0,100.0,307,0.000538887
26756,4.0,115.0,460,0.000279054
26761,4.0,51.0,558,0.000883073
26763,4.0,35.0,827,0.002434402
26770,4.0,43.0,131,0.001961072
26772,4.0,45.0,145,0.00142296
26777,4.0,49.0,271,0.000983985
26778,4.0,57.0,328,0.00075334
26779,4.0,56.0,415,0.00083316
26780,4.0,67.0,328,0.000921293
26781,4.0,52.0,361,0.000375234
26949,4.1,141.0,307,0.00021945
26950,4.1,59.0,387,0.001065985
26951,4.1,88.0,444,0.000824153
26952,4.1,108.0,403,0.000456647
26977,4.1,105.0,328,0.001275326
26978,4.1,83.0,415,0.000979582
26979,4.1,29.0,328,0.004961488
26980,4.1,42.0,361,0.000340987
26981,4.1,75.0,1141,0.000465815
26984,4.1,94.0,229,0.000551347
27150,4.1,120.0,894,5.53397e-05
27154,4.1,54.0,558,0.000790007
27157,4.1,36.0,827,0.001141852
27158,4.1,45.0,468,0.000988046
27163,4.1,44.0,695,0.000261604
27166,4.1,47.0,145,0.002150111
27171,4.1,56.0,328,0.000690221
27172,4.1,57.0,415,0.000417519
27173,4.1,71.0,328,0.000656121
27174,4.1,57.0,361,0.00047441
27175,4.1,81.0,1141,0.000555737
27179,4.1,17.0,341,0.015244267
27180,4.1,12.0,229,0.021632565
27281,4.0,104.0,271,0.000799856
27283,4.0,58.0,312,0.000497497
27285,4.0,54.0,558,0.000587177
27288,4.0,66.0,875,0.000271168
27294,4.0,27.0,229,0.004207444
27295,4.0,106.0,462,0.000201543
27383,6.6,325.0,226,0.001309126
27384,6.6,254.0,198,0.003146933
27385,6.6,283.0,357,0.001304162
27386,6.6,384.0,449,0.000242501
27387,6.6,208.0,507,0.001543878
27388,6.6,267.0,350,0.001727034
27389,6.6,250.0,285,0.003741477
27390,6.6,277.0,584,0.001175111
27391,6.6,310.0,534,0.000849077
27392,6.6,239.0,299,0.004563664
27393,6.6,395.0,540,0.00083274
27394,6.6,393.0,607,0.000349942
27395,6.6,178.0,813,0.002537774
27396,6.6,270.0,596,0.000964819
27397,6.6,91.0,369,0.007152501
27398,6.6,96.0,271,0.02028289
27399,6.6,80.0,307,0.010478087
27400,6.6,149.0,390,0.006694944
27401,6.6,127.0,301,0.009141519
27402,6.6,121.0,269,0.014086839
27403,6.6,110.0,354,0.010298149
27404,6.6,104.0,371,0.009141126
27405,6.6,79.0,580,0.03487606
27406,6.6,36.0,630,0.028591378
27407,6.6,66.0,986,0.027986503
27408,6.6,57.0,894,0.010656501
27409,6.6,294.0,460,0.000725517
27410,6.6,258.0,387,0.000738482
27411,6.6,370.0,321,0.000854321
27412,6.6,271.0,300,0.000988523
27413,6.6,342.0,397,0.000465754
27414,6.6,255.0,312,0.002073689
27415,6.6,261.0,430,0.001334719
27416,6.6,294.0,662,0.00067187
27417,6.6,376.0,555,0.000233357
27418,6.6,274.0,444,0.000640883
27419,6.6,328.0,293,0.000955371
27420,6.6,196.0,367,0.002498868
27421,6.6,170.0,337,0.004188824
27422,6.6,231.0,359,0.002984576
27423,6.6,197.0,206,0.006549462
27424,6.6,355.0,411,0.000747209
27425,6.6,345.0,265,0.000802736
27426,6.6,391.0,314,0.000449324
27427,6.6,379.0,459,0.000673815
27428,6.6,379.0,396,0.001019637
27429,6.6,378.0,448,0.000848104
27430,6.6,382.0,249,0.001937286
27431,6.6,364.0,375,0.000738775
27432,6.6,353.0,192,0.001383273
27433,6.6,354.0,304,0.001241815
27434,6.6,315.0,403,0.000605788
27435,6.6,321.0,324,0.001288265
27436,6.6,380.0,286,0.001119816
27437,6.6,355.0,483,0.000751641
27438,6.6,350.0,429,0.000648592
27439,6.6,373.0,214,0.001907441
27440,6.6,295.0,366,0.000659787
27441,6.6,161.0,356,0.00849726
27442,6.6,156.0,462,0.006202897
27443,6.6,160.0,345,0.004794392
27444,6.6,155.0,344,0.007854838
27445,6.6,170.0,805,0.00448181
27446,6.6,162.0,303,0.008703989
27447,6.6,118.0,549,0.010190663
27448,6.6,121.0,567,0.013506881
27449,6.6,145.0,477,0.00325856
27450,6.6,384.0,407,0.000262595
27451,6.6,229.0,193,0.002700049
27452,6.6,151.0,771,0.002118643
27453,6.6,227.0,558,0.001014748
27454,6.6,140.0,286,0.00752142
27455,6.6,153.0,313,0.003264928
27456,6.6,153.0,827,0.002039982
27457,6.6,151.0,468,0.002035322
27458,6.6,158.0,196,0.006952085
27459,6.6,160.0,836,0.002031281
27460,6.6,159.0,171,0.00448167
27461,6.6,152.0,460,0.003108814
27462,6.6,148.0,695,0.002232925
27463,6.6,155.0,298,0.005029679
27464,6.6,157.0,131,0.007568108
27465,6.6,159.0,875,0.002141078
27466,6.6,159.0,145,0.009669089
27467,6.6,155.0,249,0.004260476
27468,6.6,150.0,414,0.002675301
27469,6.6,162.0,459,0.001541597
27470,6.6,149.0,745,0.002286641
27471,6.6,173.0,205,0.003666235
27472,6.6,191.0,207,0.00159857
27473,6.6,163.0,532,0.002251114
27474,6.6,124.0,328,0.008158186
27475,6.6,136.0,415,0.004258406
27476,6.6,186.0,328,0.002166476
27477,6.6,197.0,361,0.001907048
27478,6.6,135.0,1141,0.0024413
27479,6.6,230.0,608,0.00114585
27480,6.6,367.0,363,0.000407852
27481,6.6,374.0,286,0.000666324
27482,6.6,342.0,266,0.001424101
27483,6.6,273.0,343,0.001237218
27484,6.6,298.0,304,0.001287628
27485,6.6,341.0,438,0.000605586
27486,6.6,263.0,259,0.001067147
27487,6.6,294.0,313,0.000933454
27488,6.6,302.0,391,0.000900817
27489,6.6,174.0,340,0.001836818
27490,6.6,171.0,359,0.003884621
27491,6.6,245.0,336,0.002643211
27492,6.6,225.0,629,0.002633801
27493,6.6,172.0,273,0.006722799
27494,6.6,166.0,341,0.003467662
27495,6.6,189.0,229,0.004044492
27496,6.6,71.0,1024,0.023822862
27497,6.6,141.0,248,0.025291845
27498,6.6,38.0,324,0.05901537
27499,6.6,61.0,697,0.022878693
27500,6.6,62.0,873,0.022799715
27501,6.6,1.1,747,0.135533118
27502,6.6,59.0,393,0.035787846
27503,6.6,96.0,372,0.012168558
27504,6.6,22.0,732,0.03932758
27505,6.6,45.0,694,0.024806502
27506,6.6,48.0,278,0.036981513
27507,6.6,109.0,236,0.018132099
27508,6.6,27.0,948,0.071658785
27509,6.6,84.0,1010,0.012986749
27510,6.6,33.0,219,0.079906582
27511,6.6,161.0,599,0.004924089
27512,6.6,73.0,234,0.047195211
27513,6.6,397.0,225,0.001013651
27514,6.6,198.0,462,0.002107354
27522,6.6,415.0,458,0.000278842
27561,6.6,370.0,403,0.000376982
27805,4.7,96.0,307,0.0008992
27806,4.7,171.0,390,0.000524356
27808,4.7,122.0,371,0.000881241
27809,4.7,99.0,580,0.001704099
27810,4.7,53.0,630,0.001225544
27811,4.7,84.0,986,0.003167167
27812,4.7,73.0,894,0.000706832
27815,4.7,180.0,462,0.000550501
27816,4.7,177.0,344,0.00057326
27817,4.7,186.0,303,0.000483943
27818,4.7,141.0,549,0.000699627
27819,4.7,144.0,567,0.001024696
27820,4.7,168.0,477,0.000270134
27822,4.7,170.0,313,0.00017236
27824,4.7,176.0,836,8.03e-05
27831,4.7,140.0,328,0.000551285
27832,4.7,152.0,415,0.000161203
27835,4.7,190.0,340,0.000137014
27840,4.7,58.0,324,0.005317609
27841,4.7,84.0,697,0.001969943
27842,4.7,86.0,873,0.003364458
27847,4.7,65.0,278,0.003682488
27848,4.7,128.0,236,0.001267725
27849,4.7,43.0,948,0.00880742
27850,4.7,107.0,1010,0.001175266
27851,4.7,56.0,219,0.011548572
27853,4.7,96.0,234,0.005938441
27989,4.1,90.0,307,0.000376353
27990,4.1,144.0,301,0.000195479
27992,4.1,117.0,371,0.000235681
27993,4.1,95.0,580,0.000520762
27994,4.1,47.0,630,0.000755291
27995,4.1,79.0,986,0.001581771
27996,4.1,67.0,894,0.000312714
28011,4.1,134.0,328,0.000189263
28013,4.1,146.0,1141,5.89733e-05
28017,4.1,54.0,324,0.002155809
28019,4.1,84.0,873,0.000530881
28022,4.1,118.0,372,0.000256798
28027,4.1,38.0,948,0.005766946
28028,4.1,104.0,1010,0.000285199
28029,4.1,55.0,219,0.00280854
28030,4.1,95.0,234,0.000800361
28078,4.2,120.0,371,0.000211038
28079,4.2,97.0,580,0.00043202
28080,4.2,53.0,630,0.000990011
28081,4.2,82.0,986,0.001371009
28083,4.2,147.0,271,0.000104689
28086,4.2,82.0,873,0.000473613
28088,4.2,62.0,278,0.001031446
28091,4.2,52.0,219,0.001568398
28096,4.3,101.0,307,0.0001843
28098,4.3,79.0,986,0.000418525
28103,4.3,66.0,873,0.000669093
28104,4.3,56.0,393,0.001003615
28107,4.3,43.0,278,0.001202883
28108,4.3,91.0,1010,0.00019231
28109,4.3,36.0,219,0.0029759
28110,4.3,75.0,234,0.000738788
28154,4.3,96.0,307,0.000468323
28155,4.3,112.0,371,0.000346302
28156,4.3,87.0,580,0.000798317
28157,4.3,58.0,630,0.000846039
28158,4.3,75.0,986,0.001049905
28159,4.3,74.0,894,0.0005858
28160,4.3,121.0,549,0.00012492
28161,4.3,125.0,567,0.000184958
28166,4.3,166.0,695,9.14e-05
28175,4.3,66.0,873,0.000746628
28178,4.3,24.0,732,0.001610045
28179,4.3,54.0,694,0.001027382
28180,4.3,48.0,278,0.001924882
28181,4.3,109.0,236,0.000327131
28183,4.3,90.0,1010,0.000386916
28184,4.3,36.0,219,0.002343913
28185,4.3,76.0,234,0.001152975
28195,4.2,101.0,307,0.00065861
28197,4.2,137.0,301,0.00064339
28198,4.2,121.0,354,0.000577834
28199,4.2,115.0,371,0.000629113
28200,4.2,90.0,580,0.001159035
28201,4.2,78.0,986,0.001811063
28202,4.2,80.0,894,0.00053613
28206,4.2,168.0,345,0.000255815
28207,4.2,154.0,344,0.000354755
28208,4.2,164.0,303,0.000330184
28209,4.2,119.0,549,0.000386509
28210,4.2,124.0,567,0.000545842
28221,4.2,150.0,271,0.000256626
28222,4.2,145.0,328,0.000351955
28223,4.2,160.0,415,0.000136868
28224,4.2,163.0,1141,6.40784e-05
28229,4.2,65.0,873,0.001480814
28233,4.2,19.0,732,0.004823557
28234,4.2,104.0,236,0.000874707
28235,4.2,41.0,948,0.003276864
28236,4.2,90.0,1010,0.000795642
28237,4.2,35.0,219,0.007250496
28238,4.2,155.0,599,0.000544999
28239,4.2,74.0,234,0.00362084
28240,4.2,42.0,278,0.008495662
28294,4.7,105.0,307,0.00111462
28299,4.7,106.0,580,0.001163874
28300,4.7,63.0,630,0.001263702
28301,4.7,91.0,986,0.002286561
28302,4.7,83.0,894,0.000922165
28303,4.7,176.0,344,0.000234677
28306,4.7,170.0,477,0.000114986
28307,4.7,164.0,286,0.000487548
28308,4.7,158.0,271,0.000254957
28311,4.7,161.0,1141,0.0001806
28315,4.7,88.0,697,0.000862471
28316,4.7,86.0,873,0.000783318
28317,4.7,24.0,747,0.006789275
28320,4.7,60.0,278,0.00189179
28321,4.7,125.0,236,0.000822245
28323,4.7,110.0,1010,0.000415633
28324,4.7,56.0,219,0.003208388
28325,4.7,176.0,599,0.000204952
28326,4.7,96.0,234,0.001948571
28389,4.4,91.0,580,0.000336223
28390,4.4,61.0,630,0.000290234
28391,4.4,78.0,986,0.000514518
28392,4.4,78.0,894,0.000216893
28393,4.4,128.0,567,0.000115955
28395,4.4,71.0,697,0.000492489
28397,4.4,59.0,393,0.000990372
28399,4.4,21.0,732,0.001564945
28401,4.4,46.0,278,0.00121423
28402,4.4,40.0,948,0.001923239
28403,4.4,93.0,1010,0.00023523
28404,4.4,38.0,219,0.002683139
28405,4.4,78.0,234,0.00078215
28465,4.5,104.0,307,0.001077279
28468,4.5,92.0,580,0.000787231
28469,4.5,67.0,630,0.001433745
28470,4.5,81.0,986,0.001434581
28471,4.5,82.0,894,0.001256663
28475,4.5,52.0,324,0.002900095
28477,4.5,65.0,873,0.001545857
28478,4.5,27.0,747,0.003858606
28481,4.5,40.0,278,0.001993795
28483,4.5,44.0,948,0.003765112
28484,4.5,92.0,1010,0.000556843
28485,4.5,35.0,219,0.006911157
28486,4.5,154.0,599,0.000157175
28508,4.2,90.0,580,0.000509173
28509,4.2,61.0,630,0.000464666
28511,4.2,77.0,894,0.000333996
28512,4.2,49.0,324,0.002394202
28514,4.2,67.0,873,0.00095044
28515,4.2,21.0,747,0.002314593
28516,4.2,58.0,393,0.000962108
28518,4.2,57.0,694,0.001032498
28519,4.2,46.0,278,0.001837326
28520,4.2,108.0,236,0.00026839
28521,4.2,39.0,948,0.003198441
28522,4.2,92.0,1010,0.000379077
28523,4.2,37.0,219,0.00376807
28551,4.1,89.0,307,0.000669436
28553,4.1,46.0,630,0.00152268
28554,4.1,79.0,986,0.001689209
28555,4.1,67.0,894,0.000633494
28560,4.1,85.0,873,0.000300511
28565,4.1,69.0,278,0.000439119
28566,4.1,104.0,1010,0.00025285
28567,4.1,56.0,219,0.00114645
28724,4.2,65.0,630,0.000627371
28725,4.2,75.0,986,0.000617694
28726,4.2,79.0,894,0.000350703
28728,4.2,59.0,873,0.001001541
28732,4.2,39.0,278,0.002525172
28733,4.2,39.0,948,0.002591436
28734,4.2,85.0,1010,0.000340044
28735,4.2,29.0,219,0.003526958
28784,5.0,99.0,307,0.001348286
28788,5.0,134.0,354,0.001054175
28791,5.0,55.0,630,0.002159283
28792,5.0,89.0,986,0.004842743
28793,5.0,77.0,894,0.000948976
28801,5.0,145.0,549,0.000947215
28804,5.0,171.0,460,0.000265941
28808,5.0,155.0,415,0.000307559
28809,5.0,153.0,1141,0.000222407
28812,5.0,99.0,1024,0.002816733
28814,5.0,63.0,324,0.006773859
28816,5.0,90.0,873,0.002983315
28821,5.0,68.0,278,0.00344694
28822,5.0,132.0,236,0.001770599
28823,5.0,48.0,948,0.01487202
28824,5.0,112.0,1010,0.001181089
28825,5.0,60.0,219,0.014092417
28826,5.0,183.0,599,0.000415477
28842,4.0,95.0,307,0.000164122
28843,4.0,88.0,580,0.000230581
28844,4.0,56.0,630,0.00027205
28848,4.0,68.0,873,0.000258485
28849,4.0,17.0,747,0.001274272
28851,4.0,26.0,732,0.000648446
28852,4.0,50.0,278,0.000505089
28853,4.0,35.0,948,0.001621607
28854,4.0,91.0,1010,0.000115245
28855,4.0,38.0,219,0.001570456
28856,4.0,78.0,234,0.000470525
28866,4.0,60.0,630,0.00020464
28867,4.0,76.0,986,0.000488653
28871,4.0,58.0,393,0.000430858
28873,4.0,46.0,278,0.00065457
28876,4.0,36.0,219,0.001537775
28946,4.6,53.0,630,0.001400488
28947,4.6,83.0,986,0.00126912
28948,4.6,73.0,894,0.000487164
28950,4.6,83.0,873,0.000504639
28956,4.6,53.0,219,0.002636415
28957,4.6,94.0,234,0.001320553
28976,4.0,75.0,662,0.001191016
28978,4.0,60.0,444,0.002683527
28981,4.0,158.0,314,0.001070453
28983,4.0,108.0,375,0.001785527
28988,4.0,58.0,286,0.00294915
28990,4.0,62.0,483,0.000803083
28991,4.0,60.0,429,0.000519041
28992,4.0,52.0,214,0.001676367
28993,4.0,77.0,366,0.001373557
28994,4.0,102.0,709,0.000573986
28995,4.0,145.0,441,0.00049685
28997,4.0,107.0,558,0.000374745
28998,4.0,155.0,328,0.000361196
28999,4.0,137.0,361,0.000166621
29000,4.0,149.0,317,0.000260755
29004,4.0,126.0,224,0.000816381
29005,4.0,136.0,313,0.000257879
29006,4.0,158.0,361,0.000327097
29007,4.0,111.0,484,0.001432955
29008,4.0,155.0,277,0.000998095
29433,4.3,80.0,580,0.000729074
29434,4.3,53.0,630,0.000502369
29435,4.3,68.0,986,0.001135972
29436,4.3,67.0,894,0.000249663
29438,4.3,72.0,1024,0.001191693
29441,4.3,63.0,873,0.001430445
29445,4.3,51.0,278,0.001151557
29446,4.3,29.0,948,0.003988681
29447,4.3,85.0,1010,0.000483004
29448,4.3,33.0,219,0.00632067
29449,4.3,74.0,234,0.001410544
29469,4.0,53.0,630,0.000383366
29470,4.0,68.0,986,0.000629664
29471,4.0,68.0,894,0.000406237
29475,4.0,63.0,873,0.000892294
29477,4.0,59.0,393,0.00043479
29479,4.0,47.0,694,0.000791859
29481,4.0,84.0,1010,0.000290757
29482,4.0,33.0,219,0.002270258
29510,4.8,57.0,630,0.001668278
29511,4.8,71.0,894,0.000993258
29515,4.8,40.0,324,0.004118891
29516,4.8,61.0,697,0.002402946
29517,4.8,60.0,873,0.001770981
29518,4.8,20.0,747,0.015322563
29519,4.8,55.0,393,0.001229128
29521,4.8,49.0,694,0.002593961
29522,4.8,46.0,278,0.001590095
29523,4.8,32.0,948,0.00831957
29524,4.8,83.0,1010,0.001164962
29525,4.8,30.0,219,0.007798359
29526,4.8,70.0,234,0.00174226
29640,4.2,133.0,369,0.000340285
29643,4.2,69.0,444,0.00062671
29646,4.2,95.0,403,0.00077449
29648,4.2,67.0,558,0.000478073
29650,4.2,76.0,468,0.000887632
29660,4.2,108.0,328,0.000765807
29661,4.2,88.0,415,0.000752815
29662,4.2,33.0,328,0.003605617
29664,4.2,85.0,1141,0.000442057
29666,4.2,75.0,340,0.000463867
29667,4.2,84.0,229,0.000459016
29735,4.6,104.0,369,0.000409946
29737,4.6,90.0,307,0.000628964
29739,4.6,106.0,371,0.000473329
29741,4.6,55.0,630,0.001202079
29742,4.6,68.0,986,0.003023401
29743,4.6,69.0,894,0.000601001
29748,4.6,116.0,549,0.000558462
29749,4.6,120.0,567,0.000672836
29754,4.6,153.0,1141,9.86416e-05
29758,4.6,39.0,324,0.005175483
29759,4.6,61.0,697,0.002191517
29760,4.6,61.0,873,0.003595355
29765,4.6,49.0,278,0.00279001
29766,4.6,107.0,236,0.00076297
29768,4.6,84.0,1010,0.001295525
29769,4.6,31.0,219,0.015056057
29781,4.1,55.0,630,0.00025773
29782,4.1,69.0,986,0.000963924
29787,4.1,62.0,873,0.000925877
29791,4.1,49.0,694,0.000831509
29792,4.1,49.0,278,0.0008818
29794,4.1,85.0,1010,0.00033866
29795,4.1,32.0,219,0.004223945
29831,4.1,54.0,630,0.00100789
29832,4.1,67.0,986,0.0012579
29833,4.1,68.0,894,0.000474228
29840,4.1,60.0,873,0.000775131
29847,4.1,29.0,948,0.003589138
29848,4.1,82.0,1010,0.00035399
29849,4.1,30.0,219,0.002571322
29850,4.1,70.0,234,0.000451077
29923,4.3,91.0,307,0.000327893
29925,4.3,128.0,301,0.000213213
29927,4.3,80.0,580,0.000597678
29928,4.3,55.0,630,0.000737423
29930,4.3,69.0,894,0.000372632
29932,4.3,116.0,549,0.000158175
29946,4.3,139.0,271,0.000131166
29947,4.3,134.0,328,0.00021105
29950,4.3,139.0,248,0.000322791
29951,4.3,39.0,324,0.002278471
29952,4.3,61.0,697,0.000929585
29953,4.3,61.0,873,0.000963902
29958,4.3,48.0,694,0.001249709
29960,4.3,107.0,236,0.000209121
29962,4.3,83.0,1010,0.000418287
29963,4.3,31.0,219,0.003749077
29964,4.3,71.0,234,0.000859797
29975,5.3,89.0,307,0.001772847
29976,5.3,102.0,371,0.001062514
29978,5.3,53.0,630,0.007370131
29980,5.3,68.0,894,0.002340938
29982,5.3,152.0,462,0.000416771
29984,5.3,112.0,549,0.000661536
29985,5.3,116.0,567,0.000858372
29995,5.3,151.0,1141,0.000608807
29997,5.3,36.0,324,0.008329864
29998,5.3,57.0,697,0.00278078
29999,5.3,57.0,873,0.003205788
30004,5.3,44.0,278,0.003031332
30005,5.3,102.0,236,0.000979399
30007,5.3,79.0,1010,0.001741066
30008,5.3,27.0,219,0.014221773
30009,5.3,153.0,599,0.000507049
30010,5.3,68.0,234,0.004284536
30057,4.0,40.0,955,0.000638983
30058,4.0,40.0,435,0.001145772
30059,4.0,24.0,372,0.002444497
30062,4.0,29.0,367,0.00244168
30063,4.0,50.0,521,0.004023637
30064,4.0,87.0,804,0.000591632
30224,5.0,132.0,390,0.000667947
30225,5.0,111.0,301,0.001173641
30226,5.0,106.0,269,0.00201945
30227,5.0,89.0,371,0.001347126
30228,5.0,64.0,580,0.003577233
30229,5.0,52.0,630,0.003083555
30230,5.0,53.0,986,0.005960586
30231,5.0,61.0,894,0.001862189
30234,5.0,140.0,462,0.000653604
30235,5.0,143.0,345,0.000520415
30237,5.0,103.0,549,0.000889103
30238,5.0,105.0,567,0.001658426
30242,5.0,161.0,131,0.000498366
30244,5.0,123.0,328,0.000636772
30245,5.0,146.0,1141,0.000206962
30247,5.0,56.0,1024,0.004236284
30249,5.0,24.0,324,0.010569707
30251,5.0,48.0,873,0.00821779
30256,5.0,52.0,278,0.00230742
30257,5.0,100.0,236,0.00078377
30259,5.0,67.0,1010,0.003288725
30260,5.0,21.0,219,0.015882053
30261,5.0,152.0,599,0.000311816
30262,5.0,60.0,234,0.003420796
30263,5.0,182.0,462,0.000243806
30341,4.1,79.0,307,0.000437011
30344,4.1,95.0,354,0.000477232
30345,4.1,89.0,371,0.000554705
30346,4.1,64.0,580,0.002439325
30347,4.1,50.0,630,0.000597101
30352,4.1,23.0,324,0.005502803
30353,4.1,46.0,697,0.003196117
30354,4.1,51.0,873,0.00514798
30358,4.1,55.0,278,0.0013499
30360,4.1,69.0,1010,0.00160285
30525,4.5,50.0,630,0.001339573
30527,4.5,59.0,894,0.000930183
30530,4.5,22.0,324,0.005982717
30531,4.5,44.0,697,0.002863044
30532,4.5,49.0,873,0.002087254
30533,4.5,27.0,747,0.005014024
30534,4.5,55.0,393,0.000575747
30535,4.5,44.0,732,0.000659514
30537,4.5,55.0,278,0.000843213
30539,4.5,67.0,1010,0.000802486
30540,4.5,23.0,219,0.003972298
30625,5.0,80.0,307,0.001860463
30626,5.0,132.0,390,0.000982756
30627,5.0,111.0,301,0.001429647
30628,5.0,105.0,269,0.002231053
30629,5.0,89.0,371,0.001218747
30630,5.0,63.0,580,0.004705202
30631,5.0,52.0,630,0.002460466
30633,5.0,61.0,894,0.001548071
30637,5.0,140.0,462,0.000674091
30638,5.0,143.0,345,0.000536518
30639,5.0,142.0,344,0.000481581
30642,5.0,103.0,549,0.00124345
30643,5.0,105.0,567,0.001508277
30644,5.0,129.0,477,0.000592532
30646,5.0,126.0,286,0.000736427
30662,5.0,125.0,271,0.000534864
30663,5.0,123.0,328,0.00084558
30664,5.0,201.0,361,0.000166057
30665,5.0,146.0,1141,0.000220423
30668,5.0,158.0,273,0.000603092
30669,5.0,157.0,341,0.000310608
30674,5.0,44.0,697,0.010934149
30675,5.0,48.0,873,0.010887729
30676,5.0,28.0,747,0.009372996
30678,5.0,43.0,732,0.001316636
30680,5.0,53.0,278,0.002698037
30681,5.0,101.0,236,0.000959442
30683,5.0,67.0,1010,0.004015295
30685,5.0,60.0,234,0.004539273
30686,5.0,182.0,462,0.000237413
30859,4.3,144.0,965,0.000450665
30869,4.3,106.0,720,0.001928998
30870,4.3,114.0,558,0.001058661
30871,4.3,98.0,523,0.005137188
30873,4.3,168.0,233,0.000471259
30880,4.3,121.0,445,0.001334488
30892,4.3,45.0,484,0.002394527
30897,4.3,59.0,714,0.002345238
30899,4.3,58.0,561,0.001653683
30900,4.3,54.0,346,0.002447886
30901,4.3,60.0,317,0.00186247
30903,4.3,77.0,382,0.001685936
30904,4.3,74.0,347,0.002085451
30906,4.3,80.0,428,0.001938878
30912,4.3,87.0,599,0.001180061
30915,4.2,90.0,580,0.000445109
30916,4.2,63.0,630,0.000349708
30917,4.2,78.0,986,0.000476855
30918,4.2,79.0,894,0.000277254
30921,4.2,66.0,873,0.001198308
30926,4.2,43.0,278,0.004693795
30928,4.2,91.0,1010,0.000302133
30929,4.2,36.0,219,0.005717763
30930,4.2,75.0,234,0.002480671
30934,4.6,86.0,580,0.000711231
30936,4.6,75.0,986,0.001208429
30938,4.6,63.0,873,0.002193173
30943,4.6,44.0,278,0.003698284
30944,4.6,37.0,948,0.001997845
30945,4.6,88.0,1010,0.001037521
30946,4.6,33.0,219,0.010791504
31133,4.0,78.0,307,0.000376913
31135,4.0,62.0,580,0.000817849
31136,4.0,50.0,630,0.001443787
31138,4.0,59.0,894,0.00040493
31139,4.0,105.0,549,9.87921e-05
31141,4.0,121.0,328,0.000191232
31142,4.0,138.0,415,9.0137e-05
31143,4.0,144.0,1141,4.72634e-05
31145,4.0,22.0,324,0.005966438
31146,4.0,44.0,697,0.000778625
31147,4.0,50.0,873,0.001694533
31150,4.0,45.0,732,0.000542222
31152,4.0,55.0,278,0.000371206
31153,4.0,103.0,236,0.000115488
31155,4.0,67.0,1010,0.000419579
31156,4.0,24.0,219,0.003364515
31157,4.0,61.0,234,0.000641262
31229,4.1,94.0,324,0.000514522
31230,4.1,19.0,366,0.011005846
31232,4.1,94.0,558,0.000442371
31236,4.1,92.0,328,0.000918767
31237,4.1,87.0,361,0.000183415
31241,4.1,93.0,403,0.000587259
31249,4.2,62.0,580,0.001269534
31250,4.2,49.0,630,0.001242274
31251,4.2,50.0,986,0.003441286
31252,4.2,58.0,894,0.000664118
31253,4.2,105.0,549,0.000218883
31254,4.2,57.0,1024,0.00128441
31255,4.2,21.0,324,0.008612111
31256,4.2,45.0,697,0.001567531
31257,4.2,50.0,873,0.003696137
31259,4.2,56.0,393,0.000896835
31260,4.2,45.0,732,0.00050738
31262,4.2,56.0,278,0.000705531
31264,4.2,24.0,219,0.007307898
31369,4.1,73.0,366,0.001726499
31371,4.1,53.0,328,0.000630996
31395,4.3,103.0,369,0.000974112
31397,4.3,92.0,307,0.001521174
31400,4.3,120.0,371,0.000602809
31402,4.3,49.0,630,0.002870939
31403,4.3,82.0,986,0.002594803
31404,4.3,70.0,894,0.001104844
31414,4.3,148.0,415,0.00040007
31416,4.3,57.0,324,0.002480755
31418,4.3,87.0,873,0.000625544
31420,4.3,81.0,393,0.00068213
31424,4.3,131.0,236,0.000544588
31426,4.3,107.0,1010,0.000437241
31427,4.3,57.0,219,0.002422064
31471,4.4,36.0,534,0.001357745
31473,4.4,144.0,248,0.002675732
31496,4.0,63.0,345,0.000766804
31498,4.0,24.0,805,0.002878645
31592,5.2,193.0,403,0.000298912
31594,5.2,215.0,429,0.000163772
31595,5.2,191.0,366,0.000352384
31598,5.2,221.0,328,0.000357048
31602,5.2,184.0,403,0.000431162
31737,4.8,93.0,580,0.000684925
31738,4.8,52.0,630,0.002110531
31739,4.8,79.0,986,0.001543702
31740,4.8,71.0,894,0.000526117
31742,4.8,174.0,875,0.000103427
31750,4.8,56.0,694,0.001422941
31751,4.8,60.0,278,0.001657591
31753,4.8,100.0,1010,0.000465578
31754,4.8,49.0,219,0.002811063
31755,4.8,89.0,234,0.001184865
31857,4.3,163.0,369,0.000493687
31859,4.3,110.0,580,0.000878763
31860,4.3,121.0,630,0.000300978
31861,4.3,110.0,986,0.001234668
31862,4.3,87.0,549,0.000428492
31865,4.3,86.0,324,0.004779963
31866,4.3,80.0,697,0.001409755
31867,4.3,56.0,873,0.002485965
31868,4.3,86.0,747,0.001167472
31873,4.3,50.0,236,0.004300897
31874,4.3,91.0,1010,0.0006211
31875,4.3,52.0,219,0.006100045
31917,4.9,149.0,299,0.001261153
31919,4.9,152.0,580,0.000729847
31920,4.9,163.0,630,0.000199892
31921,4.9,153.0,986,0.00123768
31922,4.9,173.0,894,0.000253426
31924,4.9,132.0,337,0.000902859
31925,4.9,146.0,206,0.000715884
31926,4.9,117.0,344,0.003003008
31927,4.9,149.0,303,0.000891806
31928,4.9,112.0,549,0.001295867
31929,4.9,133.0,567,0.001268396
31930,4.9,152.0,477,0.002088737
31933,4.9,122.0,697,0.00097001
31934,4.9,96.0,873,0.00208664
31935,4.9,125.0,747,0.000256408
31938,4.9,86.0,732,0.001093052
31941,4.9,61.0,236,0.006112923
31942,4.9,133.0,948,0.000549535
31943,4.9,130.0,1010,0.001295808
31944,4.9,95.0,219,0.001797608
31945,4.9,92.0,234,0.006573605
31968,4.4,85.0,387,0.001515572
31969,4.4,82.0,300,0.001571523
31973,4.4,60.0,430,0.001196849
31975,4.4,83.0,444,0.002131363
31979,4.4,83.0,286,0.00066236
31981,4.4,52.0,827,0.000889461
31995,4.4,74.0,415,0.000956385
32102,4.2,71.0,459,0.000401819
32121,5.1,126.0,307,0.000808481
32122,5.1,92.0,390,0.000983589
32123,5.1,85.0,301,0.001131148
32125,5.1,90.0,354,0.000873292
32127,5.1,69.0,580,0.00167563
32128,5.1,119.0,630,0.000571122
32130,5.1,116.0,894,0.000402027
32132,5.1,77.0,337,0.000477247
32136,5.1,80.0,462,0.001150283
32137,5.1,101.0,345,0.000772937
32138,5.1,63.0,344,0.001178255
32140,5.1,71.0,303,0.001409119
32141,5.1,25.0,549,0.005246145
32142,5.1,38.0,567,0.002012484
32151,5.1,73.0,324,0.001366369
32152,5.1,45.0,697,0.00160549
32153,5.1,26.0,873,0.007704776
32154,5.1,102.0,747,0.000714843
32155,5.1,45.0,393,0.001908164
32156,5.1,92.0,732,0.000376944
32157,5.1,87.0,694,0.000448803
32158,5.1,69.0,278,0.00050414
32159,5.1,41.0,236,0.004139573
32160,5.1,87.0,948,0.000447667
32161,5.1,38.0,1010,0.002115505
32162,5.1,55.0,219,0.003951578
32163,5.1,83.0,599,0.000274382
32165,5.1,143.0,462,0.00028196
32220,5.3,135.0,1113,0.000473518
32222,5.3,141.0,369,0.001014077
32224,5.3,126.0,307,0.001108388
32225,5.3,94.0,390,0.00120428
32226,5.3,86.0,301,0.001525472
32227,5.3,93.0,371,0.001155835
32228,5.3,70.0,580,0.003512745
32229,5.3,120.0,630,0.000973339
32230,5.3,81.0,986,0.00095615
32231,5.3,117.0,894,0.000621254
32233,5.3,76.0,337,0.000427948
32236,5.3,81.0,462,0.001128865
32237,5.3,103.0,345,0.001051356
32238,5.3,62.0,344,0.001063453
32239,5.3,91.0,805,0.000673301
32240,5.3,71.0,303,0.001526724
32241,5.3,25.0,549,0.006553763
32242,5.3,39.0,567,0.003027833
32243,5.3,62.0,477,0.001382009
32244,5.3,132.0,286,0.000806672
32251,5.3,199.0,459,0.000181456
32253,5.3,234.0,532,0.000190118
32262,5.3,74.0,324,0.002582412
32263,5.3,46.0,697,0.002654858
32264,5.3,26.0,873,0.018530335
32267,5.3,91.0,732,0.000799932
32268,5.3,87.0,694,0.000828351
32269,5.3,67.0,278,0.000984124
32270,5.3,39.0,236,0.003488397
32271,5.3,88.0,948,0.000832787
32272,5.3,39.0,1010,0.003581903
32273,5.3,55.0,219,0.007196099
32274,5.3,81.0,599,0.000371862
32276,5.3,145.0,462,0.000364027
32607,4.9,105.0,444,0.002925478
32610,4.9,78.0,558,0.002016115
32611,4.9,111.0,286,0.002460727
32619,4.9,42.0,695,0.00123977
32630,4.9,68.0,328,0.003381624
32636,4.9,71.0,229,0.004026258
32768,4.0,75.0,293,0.001160915
32771,4.0,56.0,375,0.001747952
32772,4.0,87.0,324,0.000745943
32776,4.0,111.0,595,0.000520162
32778,4.0,100.0,317,0.000235001
32779,4.0,47.0,224,0.001024875
32780,4.0,81.0,277,0.001953398
32781,4.0,103.0,312,0.000560863
32841,4.0,33.0,460,0.002493653
32842,4.0,6.5,300,0.018119483
32843,4.0,20.0,312,0.002157964
32844,4.0,34.0,662,0.00195565
32847,4.0,90.0,324,0.000238728
32850,4.0,125.0,875,0.000174909
32876,4.2,79.0,580,0.000395072
32880,4.2,88.0,462,0.000440941
32884,4.2,30.0,549,0.001787841
32888,4.2,32.0,873,0.001970517
32889,4.2,43.0,393,0.000540422
32891,4.2,49.0,1010,0.000549496
32892,4.2,59.0,219,0.000693243
32893,4.2,78.0,599,0.000100191
32901,4.0,42.0,1024,0.001500343
32905,4.0,50.0,313,0.00038542
32906,4.0,35.0,248,0.003099285
32963,4.1,63.0,387,0.001017481
32965,4.1,39.0,403,0.001336536
33032,4.1,78.0,907,0.000225421
33038,4.1,98.0,579,0.000130555
33039,4.1,73.0,815,0.000484001
33041,4.1,81.0,654,0.000180578
33340,4.4,98.0,328,0.001094035
33381,4.2,54.0,315,0.000349147
33389,4.2,131.0,368,8.65245e-05
33390,4.2,98.0,398,0.000292272
33393,4.2,40.0,367,0.002234394
33394,4.2,82.0,521,0.000561368
33396,4.2,123.0,804,0.000185494
33404,4.2,115.0,309,0.00049278
33448,4.2,111.0,372,0.000307318
33450,4.2,126.0,303,0.000285385
33451,4.2,85.0,373,0.000970498
33454,4.2,190.0,528,0.000399158
33464,4.2,124.0,416,0.000526629
33483,4.1,63.0,435,0.000773499
33484,4.1,93.0,372,0.000246818
33485,4.1,125.0,303,0.000138523
33486,4.1,73.0,373,0.00035098
33495,4.0,77.0,444,0.001552478
33500,4.0,28.0,366,0.004321365
33897,4.6,141.0,265,0.000376015
33901,4.6,89.0,471,0.002097911
33904,4.6,38.0,362,0.013306565
33905,4.6,33.0,338,0.004095274
33906,4.6,20.0,229,0.031413444
33911,4.6,226.0,488,0.000227602
33912,4.6,216.0,229,0.000567731
33917,4.6,165.0,335,0.000196192
33919,4.6,135.0,1076,0.00013538
33921,4.6,160.0,348,0.000422507
33922,4.6,154.0,482,0.000289995
33925,4.6,175.0,587,0.000547469
33926,4.6,229.0,452,0.000134478
33927,4.6,244.0,283,0.000525682
33928,4.6,202.0,1747,0.000147974
33936,4.6,152.0,181,0.001130805
33937,4.6,139.0,282,0.000987779
33948,4.6,118.0,215,0.001295401
33949,4.6,121.0,381,0.001337378
33950,4.6,78.0,401,0.00152771
33951,4.6,90.0,272,0.001027365
33953,4.6,242.0,277,0.000295403
33956,4.6,201.0,382,0.000399685
33957,4.6,198.0,199,0.000360913
33959,4.6,74.0,393,0.001397764
33966,4.6,55.0,183,0.007105594
33967,4.6,50.0,407,0.004719151
34007,4.6,204.0,358,0.000291347
34116,4.9,98.0,344,0.00161805
34118,4.9,169.0,445,0.000205993
34122,4.9,138.0,490,0.001893029
34140,4.2,100.0,344,0.00076013
34141,4.2,168.0,445,8.07295e-05
34143,4.2,96.0,321,0.000780256
34144,4.2,36.0,406,0.006504252
34145,4.2,65.0,286,0.007282266
34254,5.2,236.0,501,0.000422698
34275,5.2,133.0,860,0.000805721
34284,5.2,339.0,303,0.00012085
34288,5.2,177.0,720,0.001632277
34292,5.2,291.0,594,9.1993e-05
34293,5.2,305.0,367,0.000127897
34304,5.2,256.0,470,0.000794071
34305,5.2,257.0,448,0.00075338
34306,5.2,258.0,404,0.001100611
34307,5.2,258.0,329,0.000927274
34308,5.2,258.0,567,0.000343408
34310,5.2,226.0,377,0.000858374
34311,5.2,219.0,374,0.00117526
34312,5.2,265.0,460,0.000661762
34314,5.2,195.0,618,0.00102512
34315,5.2,280.0,210,0.00122967
34316,5.2,242.0,338,0.001213321
34320,5.2,201.0,305,0.001575173
34332,5.2,105.0,541,0.005347707
34333,5.2,121.0,484,0.002214816
34334,5.2,147.0,390,0.002909391
34335,5.2,146.0,574,0.001369314
34336,5.2,142.0,715,0.001753032
34337,5.2,143.0,545,0.002108923
34338,5.2,140.0,484,0.00166219
34339,5.2,137.0,714,0.002045024
34340,5.2,133.0,440,0.002022393
34341,5.2,137.0,561,0.00212757
34342,5.2,138.0,280,0.005395304
34343,5.2,133.0,346,0.002863489
34344,5.2,139.0,317,0.003646954
34354,5.2,262.0,282,0.000211324
34356,5.2,275.0,392,0.000462206
34357,5.2,166.0,445,0.000676609
34358,5.2,199.0,528,0.00055336
34370,5.2,204.0,350,0.001141124
34383,5.2,226.0,416,0.000552274
34387,5.2,281.0,384,0.000218396
34389,5.2,301.0,691,4.33401e-05
34390,5.2,305.0,320,8.26e-05
34430,4.0,108.0,732,0.000363796
34444,4.2,53.0,390,0.000997442
34449,4.2,81.0,359,0.00040622
34452,4.2,49.0,345,0.000765929
34457,4.2,75.0,549,0.000762131
34458,4.2,59.0,567,0.001564069
34459,4.2,114.0,445,0.000330601
34461,4.2,94.0,1010,0.000580466
34464,4.2,72.0,462,0.001849039
34533,4.2,103.0,307,0.000206537
34535,4.2,119.0,371,0.000176895
34537,4.2,64.0,630,0.000290833
34538,4.2,82.0,986,0.000619169
34539,4.2,81.0,894,0.00016047
34542,4.2,53.0,324,0.001512731
34543,4.2,24.0,747,0.001902327
34544,4.2,59.0,393,0.000705004
34549,4.2,95.0,1010,0.000430472
34550,4.2,40.0,219,0.003373818
34551,4.2,79.0,234,0.001167915
34606,4.4,107.0,813,0.000713924
34608,4.4,184.0,337,0.00029807
34609,4.4,191.0,206,0.000282093
34610,4.4,169.0,344,0.000781049
34611,4.4,170.0,549,0.000371891
34612,4.4,192.0,567,0.000208595
34615,4.4,125.0,732,0.000220622
34617,4.4,118.0,236,0.000852497
34618,4.4,180.0,948,0.000125166
34619,4.4,188.0,1010,0.000638906
34620,4.4,147.0,219,0.000674017
34621,4.4,131.0,599,0.000619445
34622,4.4,150.0,234,0.000882736
34629,4.1,89.0,330,0.001180822
34635,4.1,87.0,555,0.001348922
34636,4.1,54.0,444,0.004262862
34637,4.1,106.0,293,0.002336255
34639,4.1,176.0,396,0.000218633
34640,4.1,125.0,375,0.00079135
34646,4.1,57.0,683,0.002490407
34648,4.1,45.0,429,0.001060457
34649,4.1,47.0,214,0.005461169
34650,4.1,62.0,366,0.003356044
34653,4.1,102.0,709,0.000686135
34654,4.1,147.0,441,0.000678739
34657,4.1,107.0,558,0.000478678
34671,4.1,172.0,271,0.000513691
34672,4.1,147.0,328,0.000743712
34673,4.1,132.0,361,0.000575901
34676,4.1,157.0,317,0.000257877
34680,4.1,139.0,224,0.000801662
34681,4.1,148.0,313,0.000233383
34682,4.1,123.0,538,0.000671639
34683,4.1,121.0,484,0.001910401
34684,4.1,172.0,277,0.000461996
34730,4.0,14.0,294,0.03316785
34731,4.0,90.0,471,0.000350266
34734,4.0,38.0,362,0.004738949
34735,4.0,33.0,338,0.001529142
34738,4.0,166.0,885,2.76028e-05
34739,4.0,146.0,299,9.53185e-05
34741,4.0,139.0,282,0.000122363
34744,4.0,119.0,215,0.000160355
34745,4.0,122.0,381,0.000161503
34746,4.0,78.0,401,0.000170334
34749,4.0,74.0,393,0.000362706
34751,4.0,40.0,398,0.000699336
34752,4.0,43.0,914,0.001001467
34756,4.0,55.0,183,0.000918749
34757,4.0,50.0,407,0.000620137
34777,4.0,171.0,373,6.82775e-05
34870,4.2,147.0,303,0.000247949
34871,4.2,29.0,555,0.001359104
34877,4.2,79.0,270,0.00027776
35006,4.1,37.0,372,0.001888668
35008,4.1,18.0,368,0.003518984
35009,4.1,69.0,373,0.00073489
35010,4.1,41.0,415,0.003647557
35011,4.1,162.0,885,0.000197505
35016,4.1,140.0,466,0.000228617
35017,4.1,127.0,1024,0.000147886
35019,4.1,46.0,246,0.005882793
35020,4.1,31.0,404,0.003379935
35023,4.1,103.0,555,0.000365513
35027,4.1,73.0,361,0.000515916
35077,4.0,148.0,860,0.000187611
35080,4.0,183.0,720,0.000114438
35081,4.0,200.0,618,7.81707e-05
35084,4.0,160.0,579,7.43407e-05
35087,4.0,94.0,654,0.000263474
35089,4.0,116.0,541,0.001090469
35090,4.0,130.0,484,0.000292213
35091,4.0,157.0,390,0.000239935
35092,4.0,158.0,574,0.000141204
35093,4.0,154.0,715,0.000183345
35094,4.0,154.0,545,0.000262712
35095,4.0,149.0,714,0.000316888
35096,4.0,145.0,440,0.000379268
35097,4.0,148.0,561,0.000303497
35098,4.0,150.0,280,0.000844918
35099,4.0,144.0,346,0.000437421
35100,4.0,150.0,317,0.000393096
35102,4.0,162.0,382,0.000273707
35104,4.0,118.0,543,0.000629486
35146,4.1,74.0,483,0.000906916
35147,4.1,70.0,429,0.000929743
35148,4.1,106.0,214,0.000533558
35149,4.1,37.0,366,0.003559066
35150,4.1,74.0,238,0.000634887
35151,4.1,133.0,558,0.000178735
35153,4.1,123.0,328,0.000413021
35246,4.1,100.0,307,0.000317378
35247,4.1,90.0,580,0.000315809
35248,4.1,62.0,630,0.000355933
35249,4.1,78.0,986,0.00051844
35250,4.1,78.0,894,0.00024637
35252,4.1,76.0,1024,0.00036081
35258,4.1,58.0,694,0.000496903
35261,4.1,91.0,1010,0.000204488
35262,4.1,36.0,219,0.002493139
35263,4.1,76.0,234,0.000681318
35303,4.5,43.0,364,0.002323827
35388,4.9,111.0,271,0.000669748
35430,4.2,174.0,304,0.000130484
35431,4.2,108.0,403,0.000735996
35432,4.2,144.0,324,0.000318623
35433,4.2,151.0,483,0.000411109
35434,4.2,145.0,429,0.000445232
35435,4.2,88.0,366,0.001917639
35438,4.2,88.0,558,0.000287793
35451,4.2,69.0,459,0.00048014
35457,4.2,125.0,271,0.000380617
35458,4.2,109.0,328,0.000943333
35459,4.2,87.0,415,0.000445097
35461,4.2,47.0,361,0.000286662
35462,4.2,77.0,1141,0.000285226
35463,4.2,73.0,608,0.00021734
35464,4.2,86.0,340,0.000249781
35465,4.2,116.0,341,0.000271226
35536,4.1,132.0,583,0.000200239
35537,4.1,123.0,965,0.000154115
35540,4.1,103.0,720,0.000912495
35542,4.1,94.0,523,0.001701316
35549,4.1,127.0,618,0.000373648
35550,4.1,120.0,445,0.000565896
35552,4.1,118.0,305,0.000252831
35556,4.1,25.0,541,0.004040109
35557,4.1,41.0,484,0.000601447
35558,4.1,61.0,390,0.000625969
35559,4.1,52.0,574,0.000630666
35561,4.1,49.0,545,0.001247831
35563,4.1,44.0,714,0.001528637
35566,4.1,45.0,317,0.00117287
35569,4.1,65.0,347,0.001055088
35570,4.1,31.0,543,0.001098876
35571,4.1,74.0,428,0.000595594
35666,4.1,136.0,732,6.56834e-05
35667,4.1,133.0,278,0.000182236
35669,4.1,117.0,732,4.74509e-05
35670,4.1,105.0,278,0.000114154
35829,4.7,60.0,271,0.001100062
35865,4.9,104.0,357,0.000869668
35866,4.9,160.0,368,0.000144988
35867,4.9,124.0,245,0.000728485
35870,4.9,112.0,390,0.000613289
35871,4.9,133.0,301,0.000558934
35874,4.9,56.0,337,0.001208612
35875,4.9,57.0,206,0.001021889
35877,4.9,109.0,345,0.000728188
35878,4.9,71.0,344,0.001058486
35880,4.9,65.0,805,0.002396794
35881,4.9,50.0,303,0.004036195
35882,4.9,95.0,549,0.000667509
35883,4.9,94.0,567,0.000776159
35884,4.9,73.0,477,0.001341496
35885,4.9,85.0,445,0.000878844
35888,4.9,146.0,313,0.000377074
35892,4.9,150.0,873,0.000227726
35894,4.9,130.0,236,0.000908207
35895,4.9,136.0,1010,0.000184046
35896,4.9,111.0,599,0.00026679
35897,4.9,140.0,234,0.001434434
35898,4.9,126.0,462,0.001112788
35956,4.5,61.0,307,0.003883103
35957,4.5,129.0,354,0.000634563
35960,4.5,100.0,986,0.000932981
35961,4.5,60.0,894,0.001240369
35962,4.5,86.0,771,0.00136391
35967,4.5,78.0,460,0.001153701
35968,4.5,92.0,298,0.001887958
35977,4.5,75.0,532,0.002506909
35981,4.5,74.0,415,0.001848255
35982,4.5,109.0,328,0.001197158
35983,4.5,126.0,361,0.000341899
35984,4.5,59.0,1141,0.001598476
35987,4.5,138.0,732,6.43759e-05
36053,4.1,79.0,521,0.00015383
36054,4.1,83.0,583,0.000113152
36055,4.1,161.0,469,0.000332479
36056,4.1,50.0,720,0.004176602
36058,4.1,52.0,523,0.006794767
36060,4.1,55.0,233,0.000658548
36061,4.1,56.0,221,0.001874694
36063,4.1,60.0,424,0.001194802
36064,4.1,59.0,597,0.002560304
36067,4.1,56.0,455,0.003480705
36069,4.1,97.0,470,0.000641972
36073,4.1,97.0,404,0.00172506
36074,4.1,98.0,329,0.000989624
36075,4.1,100.0,447,0.000927707
36076,4.1,99.0,567,0.000215369
36078,4.1,104.0,377,0.000591261
36079,4.1,31.0,374,0.013211429
36080,4.1,76.0,460,0.000834707
36083,4.1,64.0,272,0.00223849
36084,4.1,80.0,338,0.001527134
36092,4.1,118.0,541,0.001302745
36094,4.1,76.0,390,0.001363027
36095,4.1,88.0,574,0.000362337
36096,4.1,92.0,715,0.000628999
36097,4.1,91.0,545,0.000796004
36098,4.1,93.0,484,0.001095447
36099,4.1,96.0,714,0.001279023
36100,4.1,99.0,440,0.000876189
36101,4.1,94.0,561,0.001230219
36102,4.1,91.0,280,0.001613533
36103,4.1,93.0,317,0.001516546
36104,4.1,150.0,186,0.000262313
36105,4.1,68.0,382,0.001271293
36106,4.1,72.0,347,0.001525931
36107,4.1,156.0,543,0.00034559
36111,4.1,18.0,350,0.004352597
36112,4.1,34.0,426,0.001991438
36153,4.3,80.0,521,0.000388518
36155,4.3,89.0,965,0.000372046
36157,4.3,103.0,758,0.001234741
36159,4.3,64.0,558,0.000641107
36170,4.3,72.0,445,0.000511507
36175,4.3,102.0,186,0.000711007
36176,4.3,48.0,382,0.002549514
36177,4.3,47.0,347,0.00167007
36178,4.3,114.0,543,0.000585105
36309,4.8,68.0,583,0.001215133
36310,4.8,118.0,494,0.000218387
36321,4.8,34.0,523,0.013000296
36324,4.8,87.0,221,0.00209284
36331,4.8,126.0,470,0.001805326
36332,4.8,123.0,283,0.001674197
36333,4.8,124.0,448,0.001473035
36334,4.8,127.0,329,0.002154558
36335,4.8,130.0,447,0.001867924
36336,4.8,129.0,567,0.000793462
36337,4.8,122.0,377,0.001307861
36338,4.8,59.0,374,0.003692567
36339,4.8,112.0,460,0.001001009
36341,4.8,108.0,338,0.0024948
36342,4.8,56.0,445,0.002606961
36346,4.8,160.0,612,0.00037676
36347,4.8,128.0,305,0.001724611
36348,4.8,143.0,499,0.000342108
36349,4.8,155.0,637,0.000330208
36355,4.8,156.0,654,0.000300848
36361,4.8,50.0,545,0.004055254
36366,4.8,111.0,186,0.001873274
36367,4.8,35.0,382,0.010450197
36369,4.8,115.0,543,0.00177177
36373,4.8,30.0,350,0.008796754
36542,4.4,95.0,307,0.000509154
36545,4.4,107.0,354,0.000263132
36552,4.4,37.0,324,0.002200126
36554,4.4,49.0,873,0.002260773
36557,4.4,49.0,694,0.001485322
36560,4.4,19.0,219,0.015545602
36571,4.9,147.0,357,0.00126027
36572,4.9,160.0,368,0.000347285
36573,4.9,153.0,245,0.000813928
36575,4.9,62.0,350,0.002969691
36580,4.9,106.0,299,0.004400786
36581,4.9,137.0,540,0.005763167
36582,4.9,135.0,607,0.002006012
36585,4.9,177.0,344,0.001478678
36586,4.9,192.0,390,0.000340879
36588,4.9,243.0,371,8.26928e-05
36590,4.9,254.0,986,6.6822e-05
36593,4.9,102.0,337,0.00088482
36595,4.9,76.0,206,0.002070236
36597,4.9,115.0,395,0.001755503
36598,4.9,156.0,462,0.001057359
36599,4.9,189.0,345,0.000509196
36600,4.9,117.0,344,0.002158615
36602,4.9,120.0,303,0.000759545
36603,4.9,157.0,549,0.000486181
36604,4.9,164.0,567,0.000495635
36605,4.9,148.0,477,0.000717983
36606,4.9,106.0,445,0.001850931
36607,4.9,228.0,855,0.00052169
36610,4.9,147.0,363,0.000387417
36611,4.9,109.0,406,0.002462445
36612,4.9,112.0,286,0.00179502
36614,4.9,198.0,313,0.00028112
36618,4.9,225.0,697,0.000191574
36619,4.9,211.0,873,0.000803462
36621,4.9,238.0,278,0.000675005
36622,4.9,129.0,599,0.002021998
36623,4.9,200.0,234,0.00153247
36624,4.9,203.0,462,0.000378766
36698,5.3,92.0,584,0.00180663
36699,5.3,78.0,290,0.00240259
36701,5.3,90.0,299,0.007854824
36702,5.3,89.0,540,0.003978381
36709,5.3,155.0,206,0.001331846
36710,5.3,260.0,356,0.000442558
36712,5.3,192.0,344,0.000986916
36713,5.3,216.0,303,0.000646329
36715,5.3,226.0,445,0.000164177
36716,5.3,328.0,612,0.000389215
36718,5.3,212.0,490,0.001103177
36721,5.3,157.0,406,0.001125664
36722,5.3,180.0,286,0.001752044
36723,5.3,188.0,248,0.002305535
36724,5.3,279.0,873,0.00082492
36726,5.3,283.0,278,0.000555866
36731,5.3,225.0,309,0.001403979
36745,4.1,147.0,580,0.000175595
36746,4.1,153.0,986,9.84905e-05
36753,4.1,102.0,732,0.000149274
36754,4.1,71.0,278,0.000312331
36974,4.0,54.0,534,0.001801465
36975,4.0,91.0,299,0.000955229
36979,4.0,89.0,337,0.000231349
36980,4.0,58.0,359,0.000332676
36981,4.0,61.0,206,0.000383556
36982,4.0,103.0,344,0.000514639
36983,4.0,110.0,303,0.000218994
36984,4.0,116.0,445,7.59275e-05
36985,4.0,113.0,599,0.000643635
36996,4.7,126.0,965,0.000380341
37003,4.7,101.0,720,0.001759188
37009,4.7,158.0,868,0.000616387
37017,4.7,197.0,567,0.000139006
37018,4.7,195.0,460,0.000219023
37019,4.7,124.0,618,0.00104272
37020,4.7,178.0,338,0.000495797
37022,4.7,118.0,445,0.001226305
37025,4.7,122.0,305,0.000814981
37026,4.7,150.0,637,0.000212329
37030,4.7,145.0,735,0.000154314
37035,4.7,22.0,541,0.006620215
37038,4.7,53.0,574,0.001434388
37042,4.7,44.0,714,0.001598136
37043,4.7,40.0,440,0.001176652
37045,4.7,47.0,280,0.002761195
37047,4.7,79.0,186,0.001316171
37048,4.7,69.0,382,0.002031475
37049,4.7,64.0,347,0.001182607
37054,4.7,120.0,350,0.000872315
37202,4.1,45.0,521,0.001043005
37204,4.1,75.0,494,0.000328962
37205,4.1,81.0,720,0.000865486
37206,4.1,83.0,558,0.000791099
37207,4.1,77.0,523,0.001643917
37210,4.1,90.0,618,0.000528048
37212,4.1,85.0,390,0.00048775
37213,4.1,86.0,574,0.000264982
37214,4.1,90.0,715,0.000427309
37217,4.1,94.0,714,0.000611268
37218,4.1,94.0,561,0.000455097
37219,4.1,92.0,280,0.000667098
37220,4.1,93.0,317,0.000706008
37221,4.1,82.0,382,0.000508213
37222,4.1,82.0,347,0.000433649
37223,4.1,81.0,428,0.000612935
37224,4.1,52.0,350,0.000490444
37236,4.0,79.0,986,0.000464032
37237,4.0,78.0,894,0.00011974
37259,4.2,88.0,303,0.001910434
37260,4.2,155.0,373,0.000561694
37262,4.2,119.0,314,0.000182049
37276,4.0,134.0,335,0.000212476
37277,4.0,135.0,885,9.06794e-05
37282,4.0,51.0,246,0.002492522
37283,4.0,49.0,404,0.000800221
37284,4.0,82.0,1510,0.000310139
37286,4.0,88.0,555,0.000198157
37289,4.0,78.0,361,0.000334818
37291,4.0,41.0,201,0.002227968
37378,4.3,99.0,584,0.000264587
37461,4.1,52.0,369,0.000835392
37463,4.1,67.0,307,0.000567038
37464,4.1,99.0,630,0.000135889
37465,4.1,84.0,894,0.000214641
37467,4.1,109.0,558,0.000173579
37473,4.1,37.0,171,0.000916285
37483,4.1,58.0,207,0.000563113
37488,4.1,53.0,328,0.000834918
37489,4.1,68.0,361,0.000163178
37492,4.1,82.0,341,0.002219262
37493,4.1,85.0,229,0.000845037
37562,4.1,62.0,813,0.000238589
37564,4.1,108.0,337,0.000123831
37570,4.1,66.0,393,0.000344901
37571,4.1,101.0,732,0.000124195
37572,4.1,70.0,278,0.000153056
37573,4.1,42.0,236,0.001359951
37574,4.1,61.0,599,0.000981673
37575,4.1,84.0,234,0.000287879
37582,4.8,79.0,1113,0.000207598
37586,4.8,180.0,596,6.87074e-05
37589,4.8,179.0,301,0.00020245
37591,4.8,156.0,580,0.000213049
37592,4.8,178.0,630,7.105e-05
37593,4.8,161.0,986,0.000130898
37596,4.8,113.0,337,0.000600273
37598,4.8,122.0,206,0.000521559
37601,4.8,192.0,345,0.00012503
37602,4.8,98.0,344,0.000825438
37603,4.8,134.0,303,0.000500708
37604,4.8,102.0,549,0.00031621
37605,4.8,125.0,567,0.000240536
37606,4.8,141.0,477,0.000523785
37608,4.8,141.0,324,0.000327687
37610,4.8,100.0,873,0.000393494
37611,4.8,75.0,393,0.000872825
37612,4.8,107.0,732,0.000108059
37613,4.8,77.0,278,0.000359804
37614,4.8,50.0,236,0.005821942
37615,4.8,146.0,948,8.93561e-05
37616,4.8,107.0,219,0.000347968
37617,4.8,63.0,599,0.001632196
37739,4.1,59.0,459,0.000537327
37740,4.1,67.0,745,0.000312212
37745,4.1,24.0,328,0.001870722
37746,4.1,70.0,1141,0.000176798
37844,4.0,58.0,375,0.000511227
37845,4.0,112.0,581,7.95688e-05
37849,4.0,39.0,368,0.000992844
37851,4.0,137.0,513,0.000641492
37852,4.0,141.0,594,0.000135242
37853,4.0,122.0,367,0.000194067
37854,4.0,75.0,518,0.000682447
37941,4.5,99.0,813,9.61657e-05
37943,4.5,120.0,393,0.000125076
37945,4.5,114.0,236,0.000261006
37947,4.5,147.0,234,0.000219688
37962,4.4,194.0,307,0.000155449
37965,4.4,203.0,1141,9.25725e-05
37967,4.4,178.0,948,5.75e-05
37984,4.1,100.0,330,0.00092295
37985,4.1,168.0,312,0.000147822
37988,4.1,104.0,555,0.000632421
37989,4.1,104.0,293,0.001041117
37991,4.1,155.0,471,0.000199292
37994,4.1,82.0,265,0.000829943
37996,4.1,34.0,348,0.001912779
37997,4.1,50.0,459,0.000900237
37998,4.1,44.0,396,0.000989375
38002,4.1,44.0,249,0.001643399
38005,4.1,31.0,301,0.00308125
38009,4.1,165.0,324,0.000417773
38011,4.1,133.0,264,0.000224594
38017,4.1,56.0,247,0.001916578
38018,4.1,53.0,452,0.002121527
38019,4.1,49.0,283,0.006721833
38021,4.1,161.0,317,9.29472e-05
38022,4.1,163.0,515,0.000449094
38042,4.1,161.0,438,0.000147256
38048,4.1,109.0,215,0.001078527
38049,4.1,111.0,381,0.000936577
38050,4.1,149.0,401,0.000249685
38051,4.1,139.0,272,0.000276213
38053,4.1,97.0,224,0.000620665
38054,4.1,117.0,313,0.000390212
38057,4.1,23.0,196,0.005880514
38059,4.1,30.0,199,0.003325262
38060,4.1,45.0,280,0.001671467
38061,4.1,172.0,183,0.000517968
38063,4.1,24.0,358,0.003030385
38070,4.1,44.0,323,0.002667561
38073,4.1,69.0,253,0.000586681
38345,4.0,171.0,330,0.0002605
38346,4.0,170.0,555,0.000197811
38348,4.0,123.0,304,0.000189509
38349,4.0,33.0,403,0.004162407
38350,4.0,104.0,324,0.000510886
38352,4.0,139.0,683,0.000535902
38358,4.0,115.0,558,0.000627694
38366,4.0,108.0,328,0.001167873
38419,4.4,101.0,330,0.001492661
38420,4.4,167.0,312,0.000431846
38421,4.4,105.0,555,0.001081776
38422,4.4,104.0,293,0.003699133
38425,4.4,79.0,411,0.005409541
38429,4.4,41.0,396,0.002372329
38433,4.4,28.0,301,0.01574093
38435,4.4,69.0,375,0.00142415
38438,4.4,243.0,403,0.000193934
38441,4.4,145.0,683,0.001181439
38453,4.4,52.0,283,0.004252474
38455,4.4,164.0,317,0.000193422
38456,4.4,166.0,515,0.000302221
38460,4.4,110.0,380,0.000619568
38461,4.4,51.0,300,0.002872552
38475,4.4,142.0,304,0.00059887
38476,4.4,158.0,438,0.000541324
38481,4.4,108.0,215,0.001505023
38482,4.4,110.0,381,0.00201677
38483,4.4,148.0,401,0.00048351
38485,4.4,99.0,224,0.001060973
38487,4.4,129.0,538,0.000353085
38488,4.4,134.0,484,0.000853199
38489,4.4,244.0,462,0.000241144
38491,4.4,7.9,312,0.02708519
38494,4.4,28.0,199,0.005821638
38495,4.4,44.0,280,0.002680126
38502,4.4,171.0,183,0.000705024
38508,4.4,46.0,323,0.001147778
38539,4.1,36.0,416,0.002464114
38542,4.1,73.0,372,0.000691583
38544,4.1,113.0,367,0.00012859
38545,4.1,81.0,521,0.000167457
38547,4.1,103.0,579,0.000383961
38549,4.1,193.0,1024,3.06e-05
38550,4.1,161.0,492,7.89685e-05
38551,4.1,79.0,414,0.0002325
38552,4.1,82.0,282,0.000534536
38553,4.1,113.0,340,0.000921227
38555,4.1,191.0,207,0.000109646
38556,4.1,62.0,426,0.00047473
38557,4.1,116.0,978,0.000122418
38558,4.1,54.0,804,0.000717414
38560,4.1,171.0,248,0.000288905
38562,4.1,82.0,425,0.000171185
38563,4.1,105.0,320,0.000226313
38622,4.2,130.0,416,0.000137482
38629,4.2,79.0,495,0.000136197
38632,4.2,101.0,303,0.000259719
38635,4.2,132.0,368,6.63775e-05
38637,4.2,117.0,367,0.000131065
38891,5.0,139.0,1113,0.000296624
38892,5.0,215.0,630,0.000242938
38893,5.0,220.0,986,0.000183114
38899,5.0,169.0,873,0.000360969
38901,5.0,136.0,393,0.000715506
38903,5.0,121.0,278,0.000722548
38904,5.0,137.0,236,0.001248456
38905,5.0,191.0,948,0.000300437
38906,5.0,160.0,219,0.001150578
38910,4.5,132.0,813,0.000331362
38913,4.5,127.0,307,0.000433148
38915,4.5,133.0,301,0.000353406
38917,4.5,122.0,371,0.000612531
38918,4.5,94.0,580,0.002020992
38919,4.5,98.0,630,0.000206581
38920,4.5,91.0,986,0.001481469
38921,4.5,108.0,894,0.000440523
38923,4.5,159.0,206,0.000480236
38925,4.5,144.0,462,0.00031364
38926,4.5,119.0,344,0.001101859
38927,4.5,137.0,303,0.000595465
38928,4.5,91.0,549,0.001637453
38929,4.5,103.0,567,0.001268867
38932,4.5,162.0,286,0.000428277
38939,4.5,168.0,328,0.000457712
38942,4.5,66.0,324,0.002456364
38944,4.5,46.0,873,0.004217239
38947,4.5,34.0,732,0.001064585
38950,4.5,65.0,236,0.014815659
38951,4.5,67.0,948,0.001203633
38952,4.5,32.0,219,0.004614139
38953,4.5,116.0,599,0.001853807
38955,4.5,243.0,286,0.000105934
38986,5.2,211.0,307,0.000607445
38994,5.2,190.0,894,0.000907185
39000,5.2,218.0,462,0.001167667
39002,5.2,165.0,344,0.001642826
39005,5.2,197.0,303,0.001590565
39006,5.2,157.0,549,0.001546731
39007,5.2,177.0,567,0.001434859
39008,5.2,198.0,477,0.000896994
39011,5.2,292.0,875,0.000130265
39017,5.2,254.0,328,0.000692353
39018,5.2,270.0,415,0.000258652
39019,5.2,273.0,1141,0.000472218
39025,5.2,131.0,873,0.002519777
39029,5.2,166.0,694,0.000651707
39031,5.2,108.0,236,0.006084725
39036,5.2,282.0,462,0.000235074
39045,4.2,81.0,369,0.002224838
39046,4.2,94.0,307,0.001563062
39049,4.2,123.0,300,0.000304327
39051,4.2,103.0,444,0.001653565
39053,4.2,59.0,558,0.001008786
39054,4.2,81.0,286,0.001470944
39072,4.2,59.0,271,0.003424732
39073,4.2,50.0,328,0.003474799
39077,4.2,51.0,1141,0.001392775
39080,4.2,49.0,341,0.0032412
39081,4.2,38.0,229,0.001414028
39220,4.7,51.0,439,0.001356357
39225,4.7,65.0,494,0.002627789
39228,4.7,77.0,720,0.001817263
39232,4.7,80.0,215,0.001061999
39238,4.7,117.0,470,0.000627256
39239,4.7,114.0,448,0.000781103
39242,4.7,121.0,447,0.000662632
39243,4.7,120.0,567,0.000201729
39247,4.7,91.0,460,0.000950236
39249,4.7,79.0,618,0.00108784
39250,4.7,90.0,272,0.001947337
39252,4.7,102.0,338,0.002114184
39253,4.7,96.0,539,0.00078562
39254,4.7,79.0,445,0.000809289
39255,4.7,84.0,533,0.00094986
39256,4.7,106.0,612,0.000571266
39257,4.7,152.0,305,0.000492422
39259,4.7,105.0,384,0.003121659
39262,4.7,135.0,541,0.000413264
39264,4.7,93.0,390,0.000617926
39265,4.7,99.0,574,0.000414844
39266,4.7,103.0,715,0.000403338
39267,4.7,102.0,545,0.000456902
39268,4.7,105.0,484,0.000555868
39269,4.7,108.0,714,0.000656501
39270,4.7,111.0,440,0.000658415
39271,4.7,110.0,346,0.000814531
39272,4.7,106.0,317,0.001055205
39274,4.7,86.0,428,0.001154834
39277,4.7,45.0,350,0.00170469
39351,4.5,32.0,299,0.018436545
39355,4.5,57.0,206,0.000613636
39356,4.5,89.0,344,0.000283018
39357,4.5,132.0,549,0.000125168
39448,4.8,77.0,265,0.001621107
39450,4.8,190.0,471,0.000229821
39453,4.8,83.0,362,0.003725479
39454,4.8,86.0,338,0.000862375
39456,4.8,50.0,510,0.001440253
39458,4.8,64.0,335,0.004924666
39459,4.8,49.0,885,0.002144906
39467,4.8,145.0,466,0.000297565
39471,4.8,178.0,555,0.000388295
39475,4.8,59.0,393,0.002738618
39477,4.8,159.0,398,0.00064005
39481,4.8,154.0,487,0.000390824
39493,4.8,74.0,473,0.001688301
39681,4.0,58.0,330,0.000279357
39683,4.0,98.0,293,0.000639771
39687,4.0,97.0,403,0.000699574
39693,4.0,152.0,322,0.000227179
39694,4.0,71.0,709,0.000241666
39695,4.0,110.0,441,0.000466953
39696,4.0,120.0,639,0.000103734
39700,4.0,110.0,317,0.000525059
39702,4.0,92.0,224,0.000345824
39704,4.0,74.0,538,0.00042626
39706,4.0,72.0,484,0.00072232
39707,4.0,141.0,277,0.000214587
39708,4.0,33.0,272,0.002219054
39710,4.0,61.0,225,0.000585585
39725,4.0,142.0,316,0.000309028
39728,4.0,166.0,349,0.0001768
39834,4.0,161.0,521,8.84265e-05
39835,4.0,118.0,720,0.000424448
39837,4.0,127.0,523,0.000438631
39846,4.0,27.0,448,0.002746583
39847,4.0,27.0,350,0.006606112
39848,4.0,27.0,447,0.003572184
39849,4.0,29.0,567,0.000726089
39851,4.0,29.0,460,0.004335981
39852,4.0,36.0,344,0.002659805
39853,4.0,94.0,618,0.000389358
39854,4.0,12.0,210,0.005706617
39855,4.0,41.0,338,0.001826895
39856,4.0,60.0,539,0.00067308
39857,4.0,88.0,485,0.000396489
39858,4.0,74.0,533,0.000598461
39868,5.1,262.0,630,0.000216094
39869,5.1,261.0,986,0.000200645
39870,5.1,244.0,894,0.000129941
39874,5.1,147.0,330,0.004088281
39877,5.1,147.0,555,0.003232454
39885,5.1,261.0,348,0.001884211
39890,5.1,240.0,488,0.001622772
39891,5.1,251.0,229,0.003881782
39892,5.1,246.0,301,0.00361995
39893,5.1,265.0,410,0.001688787
39901,5.1,54.0,429,0.007839835
39905,5.1,140.0,709,0.0020937
39906,5.1,187.0,441,0.002874421
39912,5.1,267.0,323,0.000674788
39913,5.1,241.0,247,0.001317007
39914,5.1,270.0,452,0.00043579
39915,5.1,253.0,283,0.001877302
39917,5.1,74.0,193,0.009376701
39919,5.1,102.0,558,0.003316204
39921,5.1,153.0,827,0.001968794
39932,5.1,139.0,459,0.003865076
39938,5.1,189.0,271,0.000881259
39941,5.1,111.0,328,0.00976739
39942,5.1,104.0,361,0.004091683
39946,5.1,208.0,317,0.001080272
39947,5.1,284.0,515,0.000545029
39960,5.1,229.0,259,0.001328985
39964,5.1,146.0,292,0.00208756
39967,5.1,140.0,229,0.004072561
39971,5.1,198.0,224,0.003083987
39972,5.1,205.0,313,0.001118835
39973,5.1,179.0,538,0.001646666
39974,5.1,177.0,484,0.003456412
39975,5.1,260.0,462,0.00026007
39976,5.1,229.0,277,0.002572963
39978,5.1,268.0,196,0.001668576
39979,5.1,268.0,382,0.001370245
39980,5.1,274.0,199,0.001341151
39993,5.1,136.0,272,0.006924761
40000,5.1,195.0,397,0.001397572
40004,5.1,217.0,321,0.000706655
40010,5.1,245.0,316,0.001219785
40021,5.1,285.0,304,0.000823094
40094,3.7,92.0,532,0.000436001
40170,4.0,59.0,330,0.000214129
40172,4.0,53.0,555,0.000224567
40175,4.0,97.0,403,0.000348097
40176,4.0,50.0,324,0.00029499
40181,4.0,71.0,709,0.000268919
40182,4.0,93.0,224,0.00028715
40184,4.0,33.0,272,0.00106309
40186,4.0,61.0,225,0.000292804
40187,4.0,61.0,288,0.000440631
40284,4.0,120.0,300,0.002115881
40286,4.0,136.0,312,0.000453891
40289,4.0,166.0,444,0.000850283
40290,4.0,64.0,293,0.003801526
40294,4.0,67.0,348,0.000388562
40298,4.0,54.0,488,0.000391594
40299,4.0,57.0,229,0.000824875
40305,4.0,197.0,403,0.000373679
40306,4.0,119.0,324,0.00252169
40307,4.0,155.0,286,0.00104909
40309,4.0,179.0,483,0.000597452
40310,4.0,180.0,429,0.000431013
40311,4.0,201.0,366,0.000738223
40312,4.0,165.0,709,0.000395961
40313,4.0,179.0,441,0.000207494
40319,4.0,76.0,323,0.000313962
40321,4.0,83.0,452,0.000200248
40322,4.0,69.0,283,0.001249703
40324,4.0,178.0,558,0.000253639
40325,4.0,142.0,317,0.000218055
40336,4.0,156.0,336,0.000959946
40340,4.0,77.0,224,0.000606401
40341,4.0,99.0,313,0.000250391
40342,4.0,101.0,538,0.00047058
40343,4.0,105.0,484,0.002578924
40346,4.0,68.0,196,0.000343375
40347,4.0,70.0,382,0.000454543
40348,4.0,74.0,199,0.000367362
40349,4.0,90.0,280,0.000272098
40371,4.0,101.0,225,0.001444384
40373,4.0,118.0,397,0.000364531
40538,4.2,66.0,403,0.000742318
40539,4.2,146.0,324,0.000659407
40541,4.2,87.0,483,0.000586215
40542,4.2,84.0,429,0.000563896
40543,4.2,73.0,366,0.001614298
40546,4.2,153.0,608,0.000219427
40651,5.7,171.0,226,0.001790596
40652,5.7,87.0,198,0.006266947
40653,5.7,193.0,368,0.000272939
40654,5.7,225.0,449,0.000370423
40655,5.7,150.0,245,0.001881548
40656,5.7,80.0,507,0.000942565
40657,5.7,132.0,1113,0.000655972
40658,5.7,135.0,285,0.00105794
40659,5.7,147.0,534,0.000592468
40660,5.7,133.0,299,0.001776883
40661,5.7,123.0,813,0.000768931
40662,5.7,109.0,596,0.00086146
40663,5.7,197.0,369,0.002115611
40664,5.7,151.0,271,0.004635273
40665,5.7,184.0,307,0.001654832
40666,5.7,85.0,390,0.011402749
40667,5.7,100.0,301,0.008914899
40668,5.7,110.0,269,0.00944775
40669,5.7,124.0,354,0.004935525
40670,5.7,131.0,371,0.003408423
40671,5.7,124.0,580,0.007189657
40672,5.7,193.0,630,0.001307441
40673,5.7,143.0,986,0.002212113
40674,5.7,183.0,894,0.001210438
40675,5.7,281.0,460,0.000330114
40676,5.7,344.0,321,0.000549917
40677,5.7,335.0,397,0.000163648
40678,5.7,228.0,312,0.000871978
40679,5.7,266.0,430,0.000537085
40680,5.7,282.0,662,0.000203847
40681,5.7,300.0,929,0.000146526
40682,5.7,69.0,294,0.002701294
40683,5.7,22.0,367,0.019231334
40684,5.7,25.0,337,0.007663012
40685,5.7,53.0,359,0.004847359
40686,5.7,47.0,206,0.004844351
40687,5.7,273.0,411,0.000451892
40688,5.7,50.0,356,0.013353026
40689,5.7,42.0,395,0.022913174
40690,5.7,48.0,462,0.031605342
40691,5.7,85.0,345,0.01181694
40692,5.7,36.0,344,0.010949377
40693,5.7,71.0,232,0.013888846
40694,5.7,43.0,805,0.021799524
40695,5.7,8.6,303,0.288391693
40696,5.7,54.0,549,0.011088791
40697,5.7,53.0,567,0.013151852
40698,5.7,36.0,477,0.036598096
40699,5.7,276.0,215,0.00062823
40700,5.7,272.0,328,0.000564315
40701,5.7,267.0,348,0.00030033
40702,5.7,271.0,482,0.000130997
40703,5.7,243.0,407,0.000349683
40704,5.7,117.0,445,0.000919801
40705,5.7,232.0,771,0.000628096
40706,5.7,257.0,558,0.000368323
40707,5.7,156.0,286,0.003381058
40708,5.7,236.0,313,0.001006482
40709,5.7,220.0,827,0.000693996
40710,5.7,227.0,468,0.00085873
40711,5.7,229.0,196,0.002399771
40712,5.7,231.0,836,0.000706001
40713,5.7,246.0,460,0.000797516
40714,5.7,223.0,695,0.000871616
40715,5.7,233.0,131,0.002604844
40716,5.7,227.0,875,0.000739946
40717,5.7,237.0,145,0.002613925
40718,5.7,236.0,459,0.000579648
40719,5.7,250.0,205,0.002176348
40720,5.7,289.0,207,0.000603839
40721,5.7,286.0,532,0.000658831
40722,5.7,224.0,271,0.002019188
40723,5.7,200.0,328,0.00256331
40724,5.7,222.0,415,0.001155762
40725,5.7,271.0,328,0.000766907
40726,5.7,244.0,1141,0.000760126
40727,5.7,246.0,458,0.000105004
40728,5.7,194.0,363,0.000419644
40729,5.7,203.0,406,0.00021129
40730,5.7,197.0,286,0.000618855
40731,5.7,222.0,266,0.001453267
40732,5.7,170.0,343,0.001573397
40733,5.7,209.0,304,0.001434628
40734,5.7,159.0,313,0.00257589
40735,5.7,222.0,340,0.001168924
40736,5.7,130.0,359,0.002400803
40737,5.7,189.0,336,0.002537738
40738,5.7,194.0,629,0.000810582
40739,5.7,163.0,273,0.002026996
40740,5.7,218.0,229,0.001468241
40741,5.7,89.0,248,0.005441252
40742,5.7,148.0,324,0.002370264
40743,5.7,116.0,697,0.001799009
40744,5.7,109.0,873,0.002400345
40745,5.7,183.0,747,0.000572814
40746,5.7,126.0,393,0.003070687
40747,5.7,85.0,372,0.00448631
40748,5.7,176.0,732,0.00061129
40749,5.7,158.0,694,0.000759346
40750,5.7,91.0,236,0.004897753
40751,5.7,164.0,948,0.00093733
40752,5.7,138.0,219,0.005540968
40753,5.7,99.0,234,0.008679091
40754,5.7,114.0,462,0.006621842
40788,4.8,122.0,580,0.000491647
40792,4.8,62.0,359,0.000535788
40796,4.8,45.0,344,0.002620135
40799,4.8,8.7,303,0.027591914
40800,4.8,55.0,549,0.001145336
40802,4.8,34.0,477,0.003155012
40803,4.8,121.0,445,0.000131085
40806,4.8,109.0,873,0.000405707
40809,4.8,111.0,462,0.000442969
40815,4.8,96.0,236,0.001115516
40828,4.5,44.0,462,0.00105068
40831,4.5,6.3,303,0.012291533
40834,4.5,106.0,873,0.000155743
40835,4.5,94.0,236,0.000240981
40859,4.2,84.0,390,0.000478931
40861,4.2,33.0,367,0.001198012
40864,4.2,49.0,356,0.000780246
40865,4.2,48.0,462,0.002606242
40868,4.2,70.0,232,0.001332408
40944,4.2,85.0,390,0.000737353
40949,4.2,56.0,206,0.000307824
40951,4.2,48.0,462,0.002833075
40953,4.2,41.0,344,0.001663423
40954,4.2,71.0,232,0.001316931
40959,4.2,36.0,477,0.003394669
40960,4.2,108.0,873,0.000180566
40961,4.2,125.0,393,0.000134819
40963,4.2,93.0,236,0.000358588
40966,4.2,115.0,462,0.000256856
41008,4.1,75.0,294,0.000269446
41009,4.1,30.0,367,0.001368068
41010,4.1,29.0,337,0.001391753
41011,4.1,60.0,359,0.000229675
41014,4.1,52.0,462,0.003352329
41016,4.1,38.0,344,0.001093722
41018,4.1,10.0,303,0.017753932
41019,4.1,53.0,549,0.000943502
41024,4.1,108.0,873,0.000116778
41027,4.1,92.0,236,0.000311308
41029,4.1,85.0,599,0.000144106
41030,4.1,98.0,234,0.000415004
41032,4.1,119.0,462,0.000160454
41049,4.5,29.0,337,0.003377717
41050,4.5,61.0,359,0.000364968
41053,4.5,52.0,462,0.003196817
41055,4.5,38.0,344,0.000948183
41058,4.5,53.0,549,0.001295628
41059,4.5,54.0,567,0.001132587
41060,4.5,38.0,477,0.003294982
41061,4.5,125.0,445,6.68507e-05
41064,4.5,108.0,873,0.000164981
41067,4.5,91.0,236,0.000316499
41069,4.5,85.0,599,0.000198112
41071,4.5,141.0,286,0.000158029
41072,4.5,119.0,462,0.000199807
41173,4.4,107.0,450,0.000279482
41175,4.4,120.0,416,0.000345318
41177,4.4,158.0,372,0.000252247
41178,4.4,85.0,444,0.000600811
41179,4.4,146.0,305,0.000239547
41180,4.4,49.0,481,0.001633001
41181,4.4,90.0,1380,0.000190617
41188,4.4,193.0,390,7.9937e-05
41189,4.4,175.0,574,9.143e-05
41192,4.4,109.0,543,0.000678025
41194,4.4,67.0,528,0.004138684
41208,4.1,79.0,390,0.000741322
41212,4.1,39.0,337,0.000887688
41214,4.1,62.0,206,0.000186589
41216,4.1,80.0,345,0.000578371
41217,4.1,46.0,344,0.001674471
41220,4.1,53.0,549,0.00433512
41221,4.1,50.0,567,0.002789467
41222,4.1,31.0,477,0.005356257
41223,4.1,107.0,873,0.000484115
41224,4.1,96.0,236,0.00100854
41225,4.1,137.0,219,0.000722662
41227,4.1,109.0,462,0.000186961
41234,4.1,28.0,337,0.003969634
41236,4.1,51.0,206,0.000785777
41238,4.1,37.0,344,0.002048321
41240,4.1,10.0,303,0.013450202
41241,4.1,53.0,549,0.000588598
41245,4.1,91.0,236,0.000283671
41247,4.1,84.0,599,0.000298573
41248,4.1,98.0,234,0.00032027
41270,4.9,163.0,315,0.000323964
41272,4.9,123.0,416,0.001144772
41274,4.9,161.0,372,0.00089147
41275,4.9,88.0,444,0.001982519
41277,4.9,144.0,305,0.00091761
41283,4.9,75.0,654,0.001304165
41284,4.9,101.0,315,0.001484016
41285,4.9,133.0,731,0.001102621
41286,4.9,190.0,390,0.00040222
41288,4.9,168.0,715,0.000404219
41292,4.9,119.0,186,0.001462396
41293,4.9,106.0,543,0.002379735
41295,4.9,131.0,282,0.000546798
41298,4.9,163.0,207,0.000492591
41300,4.9,152.0,804,0.000219102
41303,4.9,83.0,340,0.002310647
41444,4.5,82.0,390,0.001542213
41446,4.5,35.0,367,0.004183999
41447,4.5,36.0,337,0.001846551
41452,4.5,83.0,345,0.001110395
41453,4.5,43.0,344,0.001808346
41454,4.5,68.0,232,0.003103621
41455,4.5,42.0,805,0.001939834
41456,4.5,7.0,303,0.046536195
41457,4.5,53.0,549,0.0013637
41458,4.5,51.0,567,0.001549951
41459,4.5,33.0,477,0.006579053
41460,4.5,107.0,873,0.000249094
41462,4.5,90.0,599,0.000227966
41463,4.5,98.0,234,0.000856017
41464,4.5,112.0,462,0.000508585
41502,4.3,85.0,444,0.000437904
41503,4.3,146.0,305,0.00025378
41505,4.3,90.0,1380,0.000121559
41509,4.3,78.0,654,0.000552724
41511,4.3,167.0,246,0.000240331
41512,4.3,109.0,543,0.000421419
41513,4.3,129.0,282,0.000139228
41514,4.3,78.0,445,0.000643552
41515,4.3,67.0,528,0.002232539
41518,4.3,83.0,340,0.000761623
41598,5.1,131.0,357,0.001037303
41599,5.1,145.0,1113,0.000188849
41605,5.1,78.0,390,0.007981795
41606,5.1,93.0,301,0.005923696
41607,5.1,103.0,269,0.00750892
41608,5.1,117.0,354,0.003429146
41611,5.1,187.0,630,0.00061112
41612,5.1,136.0,986,0.001150363
41613,5.1,177.0,894,0.000598903
41616,5.1,39.0,337,0.002332315
41618,5.1,63.0,206,0.001228494
41620,5.1,79.0,345,0.006229157
41621,5.1,45.0,344,0.004142246
41622,5.1,64.0,232,0.02177682
41623,5.1,38.0,805,0.019434006
41625,5.1,51.0,549,0.004543491
41626,5.1,47.0,567,0.005432228
41628,5.1,125.0,445,0.000505554
41629,5.1,149.0,286,0.002365741
41638,5.1,162.0,313,0.000598665
41644,5.1,97.0,248,0.001276605
41646,5.1,104.0,873,0.001090422
41647,5.1,123.0,393,0.000577339
41649,5.1,172.0,732,0.000230124
41650,5.1,152.0,694,0.000557322
41651,5.1,94.0,236,0.001481331
41652,5.1,159.0,948,0.000565651
41653,5.1,134.0,219,0.002163314
41655,5.1,109.0,462,0.002661072
41710,4.5,94.0,198,0.000580459
41711,4.5,132.0,357,0.000213725
41716,4.5,146.0,299,0.000785924
41717,4.5,133.0,813,0.000115666
41720,4.5,179.0,307,0.000199904
41721,4.5,80.0,390,0.001445305
41722,4.5,95.0,301,0.000992988
41725,4.5,125.0,371,0.000512279
41726,4.5,118.0,580,0.001012027
41728,4.5,137.0,986,0.000418592
41729,4.5,178.0,894,0.000113515
41732,4.5,37.0,337,0.00312968
41733,4.5,66.0,359,0.000654915
41734,4.5,62.0,206,0.001252289
41736,4.5,80.0,345,0.001089846
41737,4.5,44.0,344,0.00487029
41738,4.5,66.0,232,0.003609803
41739,4.5,40.0,805,0.001844576
41741,4.5,51.0,549,0.002901656
41742,4.5,48.0,567,0.003055486
41745,4.5,150.0,286,0.000289999
41746,4.5,174.0,271,0.00013458
41747,4.5,162.0,313,0.00011266
41751,4.5,104.0,873,0.000474675
41752,4.5,123.0,393,0.00035854
41753,4.5,83.0,372,0.00111678
41754,4.5,153.0,694,0.000135165
41755,4.5,134.0,219,0.000686229
41756,4.5,91.0,599,0.000509485
41757,4.5,95.0,234,0.001410607
41759,4.5,110.0,462,0.000386219
41764,4.5,93.0,236,0.001119947
41805,4.3,77.0,390,0.003040991
41806,4.3,92.0,301,0.001532039
41809,4.3,135.0,986,0.000323127
41811,4.3,39.0,337,0.001232858
41815,4.3,78.0,345,0.002911737
41816,4.3,45.0,344,0.002354054
41817,4.3,64.0,232,0.006515041
41818,4.3,38.0,805,0.013800038
41820,4.3,49.0,549,0.001705211
41821,4.3,46.0,567,0.002057217
41822,4.3,28.0,477,0.005926646
41825,4.3,102.0,873,0.000408351
41826,4.3,93.0,236,0.00072017
41831,4.3,109.0,462,0.001682687
41847,5.3,72.0,489,0.000458478
41862,5.3,265.0,720,0.000299456
41864,5.3,257.0,523,0.00036082
41867,5.3,208.0,367,0.000134574
41869,5.3,286.0,618,0.000305069
41871,5.3,226.0,305,0.000888569
41872,5.3,66.0,481,0.004736344
41873,5.3,27.0,1380,0.011809122
41877,5.3,110.0,654,0.000963614
41879,5.3,173.0,731,0.000881776
41881,5.3,186.0,541,0.000785738
41883,5.3,227.0,390,0.000303615
41884,5.3,217.0,574,0.000541808
41885,5.3,213.0,715,0.000445212
41886,5.3,214.0,545,0.000468815
41887,5.3,209.0,714,0.000642237
41888,5.3,205.0,440,0.00078628
41890,5.3,212.0,280,0.001056294
41892,5.3,211.0,317,0.001574819
41893,5.3,190.0,186,0.001119398
41904,5.3,202.0,426,0.000354907
41905,5.3,193.0,804,0.000110792
41933,5.3,177.0,340,0.000961017
41936,5.3,219.0,309,0.000256105
41937,5.3,222.0,425,0.000136991
41941,5.3,277.0,392,0.000212673
41996,4.0,69.0,528,0.002392052
42000,4.0,86.0,340,0.000459122
42143,4.5,107.0,450,0.00033233
42150,4.5,145.0,305,0.000497336
42153,4.5,88.0,1380,0.000274876
42160,4.5,158.0,541,0.00046726
42161,4.5,190.0,390,0.000305119
42162,4.5,172.0,574,0.000212091
42163,4.5,168.0,715,0.000301091
42164,4.5,164.0,440,0.000219584
42167,4.5,168.0,317,0.000408556
42169,4.5,106.0,543,0.002223467
42171,4.5,133.0,282,0.000315812
42173,4.5,70.0,528,0.002892851
42174,4.5,151.0,426,0.000117888
42181,4.5,85.0,340,0.001820177
42186,4.5,123.0,416,0.000417819
42289,4.4,22.0,549,0.001786868
42292,4.4,36.0,873,0.000720606
42345,4.9,243.0,549,0.000334345
42346,4.9,214.0,873,0.000308172
42347,4.9,181.0,393,0.000669827
42348,4.9,161.0,732,0.000275068
42349,4.9,194.0,236,0.000827465
42350,4.9,197.0,219,0.001140201
42356,4.4,59.0,444,0.003850844
42361,4.4,141.0,683,0.001095009
42362,4.4,86.0,483,0.001634109
42363,4.4,80.0,429,0.001370115
42364,4.4,24.0,366,0.014804512
42366,4.4,98.0,558,0.000703312
42368,4.4,86.0,207,0.001344945
42370,4.4,146.0,415,0.000615129
42371,4.4,91.0,328,0.005131846
42372,4.4,88.0,361,0.000714585
42375,4.4,131.0,229,0.000294364
42425,4.3,106.0,387,0.000958644
42427,4.3,19.0,300,0.006146173
42428,4.3,112.0,330,0.00064632
42430,4.3,24.0,312,0.002875739
42431,4.3,83.0,444,0.000574267
42432,4.3,105.0,375,0.000415106
42434,4.3,130.0,683,0.000283865
42435,4.3,133.0,366,0.00052048
42437,4.3,54.0,558,0.000494322
42446,4.3,126.0,271,0.000336746
42447,4.3,125.0,328,0.000807304
42448,4.3,102.0,361,0.000438014
42449,4.3,95.0,259,0.00044419
42450,4.3,93.0,340,0.000395566
42454,4.3,94.0,341,0.000547112
42618,4.1,80.0,307,0.001330525
42619,4.1,101.0,390,0.000296396
42620,4.1,82.0,301,0.000542459
42621,4.1,77.0,269,0.001251074
42622,4.1,70.0,354,0.001116171
42625,4.1,70.0,630,0.001058555
42627,4.1,68.0,894,0.000963788
42628,4.1,75.0,549,0.000233712
42629,4.1,74.0,567,0.000483073
42630,4.1,24.0,324,0.005161078
42632,4.1,25.0,873,0.010986972
42634,4.1,50.0,393,0.000836991
42635,4.1,68.0,732,0.000320993
42638,4.1,26.0,219,0.004434983
42639,4.1,37.0,234,0.001325036
42666,4.7,57.0,630,0.000537696
42667,4.7,70.0,986,0.001319866
42668,4.7,72.0,894,0.0002918
42675,4.7,61.0,873,0.004114651
42680,4.7,105.0,236,0.001105474
42681,4.7,33.0,948,0.003510421
42682,4.7,31.0,219,0.013909213
42683,4.7,71.0,234,0.007655611
42705,4.5,108.0,450,0.000174795
42709,4.5,68.0,320,0.000407551
42714,4.5,115.0,444,0.000509625
42716,4.5,157.0,303,0.000289359
42717,4.5,162.0,398,4.43725e-05
42718,4.5,148.0,309,0.000147849
42720,4.5,102.0,367,0.000144508
42721,4.5,117.0,521,0.000116303
42726,4.5,152.0,528,0.001108209
42727,4.5,157.0,426,9.43471e-05
42728,4.5,138.0,804,0.000134726
42734,4.5,80.0,416,0.000710336
42751,4.5,58.0,630,0.00022617
42752,4.5,70.0,986,0.000685564
42754,4.5,41.0,324,0.000941583
42755,4.5,62.0,697,0.000703956
42756,4.5,60.0,873,0.00207914
42760,4.5,51.0,694,0.000943444
42762,4.5,30.0,219,0.007426834
42788,4.5,70.0,294,0.004784527
42789,4.5,47.0,471,0.019544053
42790,4.5,109.0,362,0.000377576
42794,4.5,133.0,348,0.000542851
42795,4.5,155.0,488,0.000459364
42796,4.5,143.0,229,0.000876583
42798,4.5,130.0,410,0.000675569
42799,4.5,153.0,407,0.000376807
42800,4.5,153.0,323,0.00075277
42801,4.5,157.0,452,0.000348888
42802,4.5,172.0,283,0.001605252
42803,4.5,164.0,420,0.000358713
42804,4.5,129.0,1747,0.000303697
42809,4.5,60.0,190,0.003337103
42811,4.5,69.0,303,0.002112003
42815,4.5,72.0,445,0.000762185
42818,4.5,45.0,215,0.003455023
42820,4.5,4.6,401,0.061169672
42822,4.5,145.0,312,0.000356229
42824,4.5,128.0,382,0.000482764
42825,4.5,130.0,358,0.000519049
42826,4.5,124.0,199,0.000770984
42827,4.5,108.0,280,0.000326748
42828,4.5,148.0,393,0.000191915
42829,4.5,32.0,280,0.010926776
42835,4.5,20.0,183,0.062181674
42979,4.1,144.0,489,0.000150326
42980,4.1,161.0,907,6.1242e-05
42982,4.1,139.0,450,0.000177645
42991,4.1,81.0,425,0.000155393
42992,4.1,122.0,513,0.000171596
42993,4.1,113.0,367,0.000156536
42994,4.1,80.0,521,0.000154778
43000,4.1,177.0,654,6.90337e-05
43004,4.1,82.0,282,0.000784496
43006,4.1,49.0,528,0.007059365
43007,4.1,191.0,207,0.000134708
43008,4.1,61.0,426,0.000505714
43010,4.1,53.0,804,0.000462233
43021,4.1,113.0,340,0.001345527
43167,4.4,190.0,513,0.000124724
43406,5.1,203.0,732,0.000120901
43465,4.9,37.0,369,0.006122441
43466,4.9,52.0,307,0.003758192
43469,4.9,79.0,630,0.001649078
43470,4.9,97.0,986,0.001386507
43471,4.9,165.0,430,0.001009508
43473,4.9,215.0,324,0.000621706
43476,4.9,126.0,558,0.001529843
43479,4.9,55.0,827,0.004068237
43480,4.9,48.0,468,0.008040794
43481,4.9,55.0,196,0.004690427
43482,4.9,56.0,836,0.003459937
43483,4.9,48.0,695,0.003341791
43484,4.9,52.0,131,0.007869132
43485,4.9,58.0,875,0.002402345
43486,4.9,53.0,145,0.005541066
43492,4.9,56.0,271,0.005734346
43493,4.9,70.0,271,0.006179606
43494,4.9,44.0,328,0.00833683
43495,4.9,34.0,415,0.011652013
43496,4.9,87.0,361,0.003291797
43501,4.9,119.0,273,0.002160983
43502,4.9,89.0,341,0.004494861
43503,4.9,98.0,229,0.002486482
43505,4.9,161.0,732,0.000154009
43508,4.9,66.0,894,0.002039095
43600,5.9,123.0,226,0.011716118
43601,5.9,43.0,198,0.000936301
43602,5.9,78.0,357,0.01594025
43603,5.9,151.0,368,0.002432633
43604,5.9,103.0,245,0.018247694
43605,5.9,318.0,340,0.000362724
43606,5.9,352.0,291,0.000316145
43607,5.9,347.0,265,0.000375188
43608,5.9,121.0,507,0.001110144
43609,5.9,180.0,1113,0.000964896
43610,5.9,155.0,350,0.00243563
43611,5.9,172.0,285,0.002260103
43612,5.9,138.0,584,0.00323557
43613,5.9,191.0,290,0.001107454
43614,5.9,158.0,534,0.003113673
43615,5.9,173.0,299,0.002388887
43616,5.9,127.0,596,0.002708293
43617,5.9,289.0,344,0.000232273
43618,5.9,204.0,369,0.00054613
43619,5.9,157.0,271,0.001646168
43620,5.9,193.0,307,0.000562616
43621,5.9,75.0,390,0.005296896
43622,5.9,99.0,301,0.003641464
43623,5.9,109.0,269,0.003490164
43624,5.9,126.0,354,0.001242938
43625,5.9,138.0,580,0.001431566
43626,5.9,212.0,630,0.000356372
43627,5.9,158.0,986,0.000550163
43628,5.9,246.0,460,0.000449801
43629,5.9,303.0,321,0.00061766
43630,5.9,210.0,300,0.000891724
43631,5.9,204.0,562,0.000296634
43632,5.9,309.0,330,0.000309804
43633,5.9,236.0,430,0.000656999
43634,5.9,319.0,555,0.00015636
43635,5.9,289.0,444,4.41724e-05
43636,5.9,358.0,294,0.000428607
43637,5.9,389.0,445,0.000157047
43638,5.9,294.0,471,0.000262684
43639,5.9,397.0,365,0.000186125
43640,5.9,376.0,362,0.000197763
43641,5.9,379.0,338,0.000225977
43642,5.9,353.0,229,0.000183542
43643,5.9,46.0,294,0.057437289
43644,5.9,56.0,367,0.016431823
43645,5.9,76.0,337,0.004661722
43646,5.9,52.0,359,0.028630724
43647,5.9,225.0,411,0.000993201
43648,5.9,280.0,348,0.001739917
43649,5.9,256.0,459,0.000590733
43650,5.9,263.0,396,0.000731512
43651,5.9,259.0,448,0.001005602
43652,5.9,266.0,377,0.00121936
43653,5.9,261.0,249,0.00137046
43654,5.9,276.0,301,0.000669431
43655,5.9,288.0,410,0.000379823
43656,5.9,284.0,570,0.000225893
43657,5.9,373.0,192,0.00034961
43658,5.9,351.0,403,0.000140162
43659,5.9,303.0,324,0.00046983
43660,5.9,378.0,286,0.000265855
43661,5.9,341.0,683,8.73145e-05
43662,5.9,373.0,483,0.000158281
43663,5.9,336.0,366,0.000168441
43664,5.9,0.7,395,0.363248751
43665,5.9,69.0,345,0.007371885
43666,5.9,88.0,344,0.004015319
43667,5.9,59.0,232,0.019191106
43668,5.9,31.0,805,0.017462591
43669,5.9,226.0,215,0.000958525
43670,5.9,221.0,298,0.000978294
43671,5.9,217.0,348,0.000812775
43672,5.9,223.0,482,0.000324146
43673,5.9,194.0,407,0.000725726
43674,5.9,77.0,445,0.013702914
43675,5.9,390.0,1007,0.0001107
43676,5.9,355.0,490,0.000145799
43677,5.9,339.0,855,0.000122815
43678,5.9,336.0,1236,0.000112552
43679,5.9,348.0,436,3.39171e-05
43680,5.9,370.0,639,0.000208241
43681,5.9,349.0,323,0.000159898
43682,5.9,357.0,247,0.000220004
43683,5.9,358.0,452,9.44305e-05
43684,5.9,347.0,420,0.000411527
43685,5.9,340.0,1747,9.54764e-05
43686,5.9,324.0,1182,0.000121228
43687,5.9,227.0,771,0.000304433
43688,5.9,235.0,558,0.000290134
43689,5.9,147.0,286,0.00203533
43690,5.9,230.0,313,0.000681817
43691,5.9,213.0,827,0.000312818
43692,5.9,221.0,468,0.000411739
43693,5.9,222.0,196,0.000986869
43694,5.9,223.0,836,0.000546202
43695,5.9,242.0,460,0.000502027
43696,5.9,217.0,695,0.000494509
43697,5.9,226.0,131,0.001297464
43698,5.9,229.0,145,0.001853261
43699,5.9,252.0,414,0.000452906
43700,5.9,228.0,459,0.000483745
43701,5.9,224.0,745,0.000390109
43702,5.9,241.0,205,0.000957017
43703,5.9,285.0,532,0.000218452
43704,5.9,217.0,271,0.001062259
43705,5.9,174.0,271,0.000673634
43706,5.9,198.0,328,0.000836269
43707,5.9,219.0,415,0.000492674
43708,5.9,251.0,361,0.000258664
43709,5.9,244.0,1141,2.53791e-05
43710,5.9,251.0,608,6.1677e-05
43711,5.9,321.0,999,0.000120546
43712,5.9,318.0,305,0.001158378
43713,5.9,313.0,352,0.001270287
43714,5.9,309.0,282,0.000526142
43715,5.9,315.0,190,0.000945998
43716,5.9,319.0,214,0.000771725
43717,5.9,314.0,303,0.000687691
43718,5.9,317.0,303,0.000767676
43719,5.9,315.0,203,0.001377179
43720,5.9,324.0,445,0.000182581
43721,5.9,244.0,321,0.000981056
43722,5.9,291.0,280,0.000663238
43723,5.9,156.0,363,0.004913162
43724,5.9,381.0,458,9.26842e-05
43725,5.9,192.0,406,0.00142695
43726,5.9,178.0,286,0.003544508
43727,5.9,161.0,304,0.001100184
43728,5.9,169.0,438,0.001149989
43729,5.9,143.0,259,0.002535259
43730,5.9,181.0,593,0.000356789
43731,5.9,109.0,313,0.006494522
43732,5.9,143.0,391,0.002707808
43733,5.9,210.0,340,0.000598648
43734,5.9,108.0,359,0.002965952
43735,5.9,151.0,336,0.003103157
43736,5.9,145.0,273,0.003065257
43737,5.9,179.0,341,0.00081093
43738,5.9,202.0,229,0.000761865
43739,5.9,142.0,248,0.004828746
43740,5.9,171.0,324,0.000644746
43741,5.9,141.0,697,0.000644315
43742,5.9,211.0,747,0.000249139
43743,5.9,128.0,372,0.002505635
43744,5.9,212.0,732,0.00021656
43745,5.9,133.0,599,0.001091569
43746,5.9,321.0,412,0.000133487
43747,5.9,314.0,215,0.00065869
43748,5.9,296.0,381,0.000891271
43749,5.9,335.0,401,0.000341909
43750,5.9,319.0,272,0.000279464
43751,5.9,370.0,224,0.000331553
43752,5.9,392.0,313,0.000200526
43753,5.9,385.0,538,0.000214404
43754,5.9,387.0,484,0.000157204
43755,5.9,86.0,286,0.010848081
43756,5.9,79.0,462,0.013751239
43757,5.9,311.0,402,0.000498614
43758,5.9,395.0,421,3.22644e-05
43759,5.9,297.0,277,0.000517972
43760,5.9,307.0,312,0.001076714
43761,5.9,307.0,196,0.001371827
43762,5.9,296.0,382,0.001004727
43763,5.9,299.0,358,0.000435764
43764,5.9,306.0,199,0.001255591
43765,5.9,309.0,280,0.00089934
43766,5.9,350.0,345,0.000177325
43767,5.9,342.0,338,0.000511062
43768,5.9,356.0,487,0.000114333
43769,5.9,341.0,183,0.000870283
43770,5.9,377.0,407,1.27456e-05
43771,5.9,396.0,408,0.000148624
43805,5.9,133.0,920,0.003223082
43813,5.9,198.0,894,0.000257115
43814,5.9,204.0,458,0.000878954
43886,5.9,379.0,473,0.00031671
43891,5.9,404.0,373,0.000215512
44125,4.5,212.0,732,3.97719e-05
44133,4.2,79.0,907,8.13579e-05
44142,4.2,109.0,709,0.000141078
44239,4.4,77.0,350,0.00180143
44240,4.4,86.0,285,0.003717506
44241,4.4,72.0,290,0.000925196
44242,4.4,85.0,534,0.000992292
44243,4.4,98.0,299,0.003160952
44245,4.4,98.0,344,0.00055686
44249,4.4,151.0,406,0.000293244
44251,4.4,185.0,473,0.000392177
44408,4.3,213.0,344,0.000192547
44410,4.3,169.0,873,0.000150073
44411,4.3,114.0,732,0.00014119
44412,4.3,156.0,236,0.000303868
44414,4.3,183.0,599,6.29621e-05
44451,5.0,187.0,630,0.000183036
44452,5.0,205.0,986,0.000235288
44453,5.0,206.0,894,0.000107551
44457,5.0,167.0,873,0.00070926
44459,5.0,110.0,732,0.000719771
44460,5.0,148.0,219,0.002098939
44461,5.0,168.0,234,0.002847126
44466,3.9,116.0,732,0.000144171
44588,4.8,54.0,369,0.005516955
44589,4.8,104.0,580,0.000755695
44590,4.8,36.0,630,0.002579468
44591,4.8,84.0,986,0.001757602
44594,4.8,184.0,558,0.000192824
44596,4.8,104.0,313,0.002813101
44599,4.8,110.0,131,0.001307718
44600,4.8,115.0,875,0.000488612
44601,4.8,111.0,145,0.001354124
44602,4.8,115.0,459,0.001084182
44603,4.8,101.0,745,0.001230741
44604,4.8,122.0,205,0.001479647
44607,4.8,86.0,328,0.002655908
44608,4.8,89.0,415,0.001126804
44609,4.8,146.0,361,0.000357882
44610,4.8,80.0,1141,0.001875843
44611,4.8,133.0,340,0.000477215
44614,4.8,130.0,873,0.000269403
44615,4.8,70.0,747,0.000758416
44616,4.8,111.0,732,0.000206689
44618,4.8,108.0,219,0.000785699
44641,4.8,53.0,369,0.004826021
44642,4.8,40.0,630,0.002626382
44644,4.8,47.0,894,0.002908647
44645,4.8,100.0,771,0.000618344
44647,4.8,111.0,836,0.000414371
44648,4.8,101.0,695,0.000362855
44650,4.8,112.0,875,0.000540791
44653,4.8,98.0,745,0.001271546
44654,4.8,119.0,205,0.000881235
44655,4.8,110.0,271,0.000962799
44656,4.8,85.0,328,0.002788897
44657,4.8,86.0,415,0.000955035
44658,4.8,143.0,361,0.000310609
44659,4.8,76.0,1141,0.001672562
44660,4.8,131.0,340,0.000393175
44661,4.8,134.0,873,0.000214278
44662,4.8,75.0,747,0.000758155
44663,4.8,116.0,732,0.000266746
44665,4.8,113.0,219,0.000955885
44875,4.8,176.0,732,2.41853e-05
44991,4.8,147.0,581,0.00026573
44993,4.8,155.0,243,0.000267841
44994,4.8,125.0,555,0.001588506
44997,4.8,105.0,432,0.000523571
45118,4.9,111.0,340,0.00134577
45119,4.9,130.0,450,0.000409261
45120,4.9,201.0,291,0.000306719
45121,4.9,94.0,265,0.001775981
45122,4.9,117.0,294,0.00172636
45125,4.9,79.0,362,0.001830817
45126,4.9,81.0,338,0.000595675
45127,4.9,117.0,229,0.000571017
45131,4.9,57.0,335,0.003255791
45132,4.9,53.0,885,0.002322092
45138,4.9,205.0,482,0.000143108
45140,4.9,93.0,362,0.001761077
45141,4.9,102.0,514,0.000587675
45142,4.9,64.0,299,0.001902576
45157,4.9,226.0,404,0.000290778
45159,4.9,171.0,555,0.000356382
45161,4.9,47.0,393,0.004750772
45170,4.9,62.0,257,0.002321748
45268,4.4,113.0,340,0.00063217
45270,4.4,95.0,265,0.000652152
45271,4.4,119.0,294,0.000530162
45272,4.4,68.0,445,0.000582686
45274,4.4,83.0,338,0.000230613
45275,4.4,52.0,510,0.00051812
45276,4.4,56.0,335,0.000818232
45277,4.4,52.0,885,0.000875635
45278,4.4,24.0,1076,0.002327516
45279,4.4,100.0,514,0.000120812
45281,4.4,107.0,421,0.000422487
45282,4.4,47.0,393,0.00156476
45288,4.4,64.0,257,0.0012075
45372,4.1,133.0,450,6.80383e-05
45375,4.1,83.0,338,0.000116834
45377,4.1,52.0,510,0.000422935
45379,4.1,54.0,335,0.000798733
45380,4.1,51.0,885,0.000751143
45381,4.1,22.0,1076,0.002065345
45382,4.1,90.0,362,0.000278944
45383,4.1,98.0,514,0.000148803
45384,4.1,60.0,299,0.000492554
45385,4.1,47.0,393,0.001486324
45413,4.5,185.0,363,9.58588e-05
45414,4.5,170.0,415,9.15754e-05
45415,4.5,114.0,340,0.000445412
45417,4.5,98.0,265,0.000420048
45419,4.5,68.0,445,0.000558351
45420,4.5,80.0,362,0.000888305
45421,4.5,82.0,338,0.000199954
45422,4.5,117.0,229,0.000153791
45424,4.5,54.0,510,0.000569178
45426,4.5,55.0,335,0.000816154
45427,4.5,53.0,885,0.000970517
45428,4.5,23.0,1076,0.00191944
45429,4.5,91.0,362,0.00027933
45430,4.5,98.0,514,0.000131022
45431,4.5,60.0,299,0.000932292
45432,4.5,110.0,421,0.000245937
45437,4.5,45.0,393,0.001776562
45439,4.5,66.0,257,0.000867188
45450,4.5,168.0,183,0.000120309
45857,5.7,304.0,226,0.001426761
45858,5.7,139.0,460,0.003323482
45859,5.7,164.0,300,0.003272301
45860,5.7,147.0,562,0.000529102
45861,5.7,65.0,330,0.003815747
45862,5.7,173.0,223,0.002254336
45863,5.7,61.0,555,0.002930776
45864,5.7,183.0,444,0.001383175
45865,5.7,168.0,929,0.002233539
45866,5.7,284.0,294,0.003103917
45867,5.7,334.0,445,0.00067108
45868,5.7,222.0,471,0.001135378
45869,5.7,322.0,365,0.000861531
45870,5.7,322.0,362,0.000938739
45871,5.7,136.0,411,0.008524642
45872,5.7,102.0,348,0.011869406
45873,5.7,107.0,459,0.00405223
45874,5.7,95.0,396,0.006359707
45875,5.7,102.0,448,0.006660397
45876,5.7,95.0,377,0.008240811
45877,5.7,101.0,249,0.012442752
45878,5.7,94.0,301,0.018511913
45879,5.7,99.0,410,0.012042742
45880,5.7,74.0,375,0.007954478
45881,5.7,98.0,570,0.012500783
45882,5.7,104.0,304,0.002997408
45883,5.7,196.0,403,0.001876252
45884,5.7,130.0,324,0.006250374
45885,5.7,135.0,286,0.001814356
45886,5.7,89.0,683,0.007991616
45887,5.7,167.0,483,0.001183487
45888,5.7,135.0,214,0.002793578
45889,5.7,205.0,366,0.002152674
45890,5.7,318.0,345,0.000358294
45891,5.7,174.0,315,0.001155001
45892,5.7,127.0,709,0.002432355
45893,5.7,129.0,441,0.004748179
45894,5.7,226.0,348,0.00280529
45895,5.7,292.0,482,0.000450917
45896,5.7,262.0,407,0.001086208
45897,5.7,77.0,1236,0.011656004
45898,5.7,78.0,436,0.032678016
45899,5.7,19.0,639,0.063039927
45900,5.7,63.0,323,0.042149347
45901,5.7,31.0,247,0.058969235
45902,5.7,63.0,452,0.025169376
45903,5.7,51.0,420,0.02361742
45904,5.7,85.0,1747,0.009427372
45905,5.7,210.0,558,0.000850261
45906,5.7,291.0,313,0.000489578
45907,5.7,281.0,836,0.000397095
45908,5.7,290.0,695,0.000329189
45909,5.7,284.0,131,0.001214743
45910,5.7,279.0,875,0.000294566
45911,5.7,284.0,145,0.001831268
45912,5.7,275.0,205,0.002060284
45913,5.7,286.0,207,0.000326324
45914,5.7,281.0,271,0.000786573
45915,5.7,305.0,415,0.00034148
45916,5.7,274.0,328,0.001182842
45917,5.7,253.0,361,0.00093739
45918,5.7,319.0,1141,0.00018128
45919,5.7,85.0,317,0.007048321
45920,5.7,109.0,515,0.009157896
45921,5.7,143.0,305,0.018422801
45922,5.7,152.0,282,0.006801902
45923,5.7,156.0,190,0.022510533
45924,5.7,151.0,214,0.012242162
45925,5.7,147.0,303,0.012330567
45926,5.7,151.0,303,0.011787019
45927,5.7,115.0,906,0.012464176
45928,5.7,142.0,826,0.004626765
45929,5.7,151.0,258,0.012256664
45930,5.7,159.0,203,0.016803195
45931,5.7,141.0,445,0.003650174
45932,5.7,219.0,266,0.003025774
45933,5.7,222.0,438,0.001683136
45934,5.7,207.0,259,0.001686916
45935,5.7,182.0,593,0.002455113
45936,5.7,269.0,313,0.001197964
45937,5.7,220.0,391,0.001746564
45938,5.7,261.0,340,0.000513751
45939,5.7,181.0,412,0.003600357
45940,5.7,172.0,215,0.008952404
45941,5.7,178.0,381,0.007480625
45942,5.7,210.0,401,0.005986959
45943,5.7,202.0,272,0.002721291
45944,5.7,20.0,224,0.065825828
45945,5.7,40.0,313,0.014667531
45946,5.7,51.0,538,0.005695712
45947,5.7,56.0,484,0.011758492
45948,5.7,281.0,462,0.000469305
45949,5.7,64.0,277,0.014885258
45950,5.7,76.0,312,0.01893552
45951,5.7,88.0,196,0.015132056
45952,5.7,96.0,382,0.011646273
45953,5.7,95.0,199,0.010790142
45954,5.7,109.0,280,0.005888735
45955,5.7,256.0,345,0.001500246
45956,5.7,242.0,338,0.00321226
45957,5.7,251.0,487,0.001370819
45958,5.7,233.0,183,0.009091719
45959,5.7,244.0,407,0.00187343
45960,5.7,134.0,251,0.012802875
45961,5.7,98.0,488,0.015413246
45962,5.7,93.0,229,0.024144891
45968,5.7,57.0,225,0.00503209
45969,5.7,62.0,397,0.007194061
45973,5.7,79.0,272,0.003131599
45974,5.7,80.0,316,0.017715936
45979,5.7,92.0,358,0.011641086
45981,5.7,93.0,280,0.013288897
45991,5.7,105.0,288,0.008460774
46001,5.7,133.0,370,0.006711408
46003,5.7,133.0,321,0.002847309
46006,5.7,137.0,279,0.018961403
46008,5.7,138.0,181,0.018084954
46009,5.7,141.0,188,0.019782543
46013,5.7,149.0,333,0.003303355
46015,5.7,156.0,349,0.004402844
46146,4.1,67.0,330,0.000401174
46147,4.1,64.0,555,0.000332447
46148,4.1,98.0,348,0.000794338
46149,4.1,95.0,488,0.001261544
46150,4.1,89.0,229,0.002046449
46151,4.1,95.0,410,0.00146929
46152,4.1,71.0,375,0.000637301
46153,4.1,94.0,570,0.001783874
46155,4.1,25.0,639,0.00205157
46156,4.1,62.0,323,0.003935197
46157,4.1,32.0,247,0.003470801
46160,4.1,97.0,317,0.000284192
46163,4.1,112.0,300,0.000685988
46165,4.1,135.0,181,0.000643597
46166,4.1,153.0,190,0.001344747
46170,4.1,148.0,258,0.000591672
46172,4.1,32.0,224,0.002633568
46175,4.1,60.0,277,0.001503528
46176,4.1,72.0,312,0.001223879
46177,4.1,85.0,196,0.000829693
46179,4.1,106.0,280,0.000396343
46180,4.1,50.0,420,0.001113506
46186,4.1,89.0,358,0.0007592
46191,4.1,93.0,570,0.000744851
46192,4.1,95.0,304,0.001476999
46194,4.1,106.0,280,0.000397743
46197,4.1,130.0,370,0.000491915
46607,4.4,172.0,630,0.000347879
46608,4.4,178.0,986,0.000411564
46609,4.4,188.0,894,0.000283443
46612,4.4,117.0,248,0.001367158
46613,4.4,130.0,873,0.000568344
46614,4.4,97.0,393,0.002870967
46615,4.4,90.0,732,0.001118646
46616,4.4,109.0,236,0.001039754
46617,4.4,148.0,948,0.000630504
46618,4.4,165.0,1010,0.000797
46619,4.4,118.0,219,0.001152257
46794,4.7,87.0,1113,0.000330636
46795,4.7,65.0,813,0.000581042
46796,4.7,170.0,301,0.000320956
46797,4.7,168.0,630,0.000157747
46798,4.7,151.0,986,0.000194985
46799,4.7,175.0,894,9.4262e-05
46801,4.7,109.0,337,0.00047369
46802,4.7,176.0,359,0.000180856
46804,4.7,94.0,344,0.001003057
46805,4.7,94.0,549,0.000560056
46808,4.7,90.0,873,0.000693381
46809,4.7,64.0,393,0.001944696
46811,4.7,98.0,732,0.000450273
46812,4.7,42.0,236,0.01013267
46813,4.7,136.0,948,0.000172208
46814,4.7,120.0,1010,0.000441077
46815,4.7,96.0,219,0.000700227
47337,4.5,67.0,1113,0.000901148
47338,4.5,44.0,350,0.001251215
47339,4.5,43.0,285,0.001615576
47342,4.5,43.0,299,0.002392965
47345,4.5,114.0,294,0.000296234
47346,4.5,75.0,367,0.000730088
47348,4.5,90.0,359,0.000578931
47349,4.5,45.0,206,0.001159677
47351,4.5,78.0,344,0.001372654
47352,4.5,122.0,549,0.000253312
47353,4.5,163.0,445,0.000123721
47354,4.5,177.0,406,0.000140046
47355,4.5,86.0,248,0.001968586
47356,4.5,167.0,873,0.000452296
47358,4.5,115.0,236,0.000358401
47359,4.5,175.0,1010,0.000387794
47693,4.0,75.0,519,0.000331549
47695,4.0,27.0,521,0.003234351
47696,4.0,30.0,583,0.003869234
47697,4.0,68.0,494,0.000294738
47698,4.0,85.0,965,0.000292095
47699,4.0,107.0,720,0.00010539
47700,4.0,103.0,555,0.000103453
47701,4.0,117.0,618,6.27479e-05
47702,4.0,147.0,338,8.10694e-05
47704,4.0,120.0,485,0.000105894
47705,4.0,108.0,612,0.000245138
47706,4.0,120.0,305,0.000251957
47707,4.0,137.0,637,8.23724e-05
47708,4.0,61.0,384,0.006068388
47709,4.0,84.0,246,0.000578164
47710,4.0,131.0,484,0.00010536
47711,4.0,106.0,390,0.00020625
47712,4.0,101.0,574,9.97168e-05
47713,4.0,105.0,715,0.000255182
47714,4.0,114.0,440,0.000178277
47715,4.0,111.0,561,0.00022477
47718,4.0,158.0,543,8.6804e-05
47719,4.0,105.0,428,0.000118532
47721,4.0,91.0,430,0.000100869
47723,4.0,46.0,426,0.001119752
47727,4.0,88.0,499,0.000649078
47811,4.0,53.0,294,0.000283037
47812,4.0,60.0,367,0.000148495
47813,4.0,75.0,345,0.000387036
48075,4.8,195.0,307,0.000356735
48076,4.8,180.0,390,0.000254761
48080,4.8,212.0,986,0.000161621
48082,4.8,97.0,321,0.001985009
48085,4.8,97.0,330,0.002511462
48086,4.8,80.0,223,0.00404676
48089,4.8,106.0,555,0.001530576
48090,4.8,82.0,444,0.004224392
48091,4.8,190.0,929,0.00026299
48092,4.8,157.0,348,0.002948196
48093,4.8,130.0,459,0.001794127
48094,4.8,123.0,396,0.001612985
48097,4.8,134.0,488,0.003014761
48098,4.8,150.0,229,0.004554601
48099,4.8,142.0,301,0.00404013
48101,4.8,91.0,375,0.002006639
48102,4.8,157.0,570,0.001199608
48104,4.8,103.0,304,0.001694204
48105,4.8,140.0,403,0.00203461
48107,4.8,152.0,483,0.003597216
48108,4.8,146.0,214,0.002970625
48109,4.8,132.0,366,0.004024021
48110,4.8,191.0,709,0.000721237
48111,4.8,229.0,441,0.000735326
48112,4.8,218.0,348,0.000854427
48113,4.8,193.0,264,0.000348851
48114,4.8,237.0,407,0.000176732
48116,4.8,202.0,436,0.00052099
48118,4.8,181.0,639,0.000381575
48121,4.8,201.0,452,0.000176682
48122,4.8,185.0,420,0.000451835
48123,4.8,200.0,1747,0.000218005
48124,4.8,188.0,1182,0.000404744
48126,4.8,140.0,771,0.000607425
48127,4.8,139.0,286,0.001464209
48128,4.8,140.0,313,0.001205383
48130,4.8,130.0,196,0.001628359
48131,4.8,129.0,836,0.00086145
48132,4.8,133.0,171,0.001175038
48133,4.8,152.0,460,0.000520036
48134,4.8,133.0,131,0.002731838
48140,4.8,129.0,205,0.002687566
48142,4.8,141.0,271,0.000757611
48143,4.8,153.0,328,0.001226268
48145,4.8,112.0,361,0.001929429
48148,4.8,217.0,317,0.000980095
48150,4.8,230.0,190,0.001110599
48154,4.8,179.0,438,0.000442397
48155,4.8,99.0,259,0.001723622
48156,4.8,189.0,313,0.000413339
48157,4.8,148.0,391,0.001096248
48158,4.8,133.0,359,0.000529472
48161,4.8,108.0,341,0.001763776
48162,4.8,88.0,229,0.00318708
48164,4.8,233.0,381,0.000756992
48165,4.8,168.0,224,0.001655491
48166,4.8,173.0,484,0.00169192
48167,4.8,148.0,462,0.000490224
48168,4.8,139.0,277,0.002574952
48169,4.8,163.0,312,0.001155196
48170,4.8,173.0,196,0.001162546
48171,4.8,169.0,382,0.002167983
48172,4.8,169.0,358,0.001071113
48173,4.8,178.0,199,0.001091452
48203,4.8,146.0,272,0.002104674
48218,4.8,181.0,288,0.002592246
48227,4.8,194.0,397,0.000753844
48228,4.8,195.0,570,0.000435537
48235,4.8,208.0,280,0.001940688
48237,4.8,208.0,333,0.001266464
48248,4.8,235.0,316,0.000633367
48252,4.4,193.0,307,0.000173078
48253,4.4,99.0,321,0.000723854
48256,4.4,100.0,330,0.001053162
48257,4.4,80.0,223,0.000913708
48258,4.4,30.0,312,0.003576076
48260,4.4,108.0,555,0.000324033
48261,4.4,83.0,444,0.001248267
48263,4.4,159.0,348,0.000510165
48265,4.4,136.0,488,0.000529154
48267,4.4,144.0,301,0.001055282
48268,4.4,165.0,410,0.00055665
48269,4.4,159.0,570,0.000444362
48271,4.4,141.0,403,0.000603951
48272,4.4,120.0,683,0.000509282
48273,4.4,153.0,483,0.000465134
48274,4.4,148.0,214,0.000552167
48276,4.4,194.0,264,0.000112584
48277,4.4,184.0,639,0.000106087
48281,4.4,138.0,771,0.000358477
48282,4.4,138.0,313,0.000682114
48283,4.4,128.0,827,0.000406831
48286,4.4,131.0,171,0.000512974
48288,4.4,131.0,131,0.000935369
48289,4.4,124.0,875,0.000422561
48292,4.4,127.0,459,0.000552766
48295,4.4,185.0,532,0.000225859
48298,4.4,149.0,415,0.000246345
48299,4.4,110.0,361,0.000752261
48301,4.4,76.0,608,0.000426306
48302,4.4,135.0,343,0.000398839
48303,4.4,98.0,259,0.000426502
48304,4.4,188.0,313,0.00014107
48305,4.4,147.0,391,0.000341578
48306,4.4,104.0,340,0.000513725
48308,4.4,76.0,336,0.002524958
48309,4.4,85.0,229,0.001426349
48311,4.4,146.0,462,0.000165598
48312,4.4,141.0,277,0.000600317
48313,4.4,165.0,312,0.000274129
48315,4.4,171.0,382,0.000355383
48316,4.4,171.0,358,0.000250714
48317,4.4,180.0,199,0.00022449
48353,4.4,165.0,225,0.000317057
48359,4.4,184.0,288,0.000485722
48365,4.4,196.0,397,0.000223319
48369,4.0,100.0,321,0.000505567
48371,4.0,101.0,330,0.000582437
48372,4.0,31.0,312,0.001768565
48373,4.0,22.0,430,0.012316115
48374,4.0,109.0,555,0.000271036
48375,4.0,80.0,444,0.000616015
48377,4.0,127.0,396,0.000229939
48378,4.0,138.0,488,0.000360108
48379,4.0,154.0,229,0.000772808
48384,4.0,139.0,403,0.000334867
48385,4.0,120.0,683,0.000257926
48388,4.0,193.0,1182,4.43663e-05
48391,4.0,136.0,313,0.000358
48392,4.0,126.0,827,0.000205861
48395,4.0,128.0,171,0.000295122
48398,4.0,122.0,875,0.000218578
48400,4.0,125.0,459,0.000365297
48401,4.0,137.0,745,0.000274253
48404,4.0,124.0,271,0.000365516
48408,4.0,108.0,361,0.000531928
48413,4.0,150.0,391,0.000239426
48414,4.0,102.0,340,0.000293167
48415,4.0,78.0,336,0.001773636
48417,4.0,171.0,224,0.000244252
48418,4.0,147.0,462,0.000121975
48419,4.0,144.0,277,0.000540823
48420,4.0,167.0,312,0.000225698
48421,4.0,173.0,382,0.000231423
48422,4.0,173.0,358,0.00019655
48447,4.0,149.0,272,0.000289551
48459,4.0,194.0,929,6.86972e-05
48463,5.4,319.0,299,0.000503521
48464,5.4,249.0,1024,0.000418559
48466,5.4,238.0,873,0.000411755
48468,5.4,246.0,372,0.000602605
48469,5.4,238.0,236,0.001023623
48470,5.4,213.0,219,0.000923089
48471,5.4,242.0,234,0.001034629
48730,4.2,101.0,463,0.000130678
48731,4.2,82.0,907,0.00012299
48732,4.2,56.0,663,0.000249924
48733,4.2,86.0,329,0.000167009
48735,4.2,57.0,315,0.00020818
48736,4.2,44.0,320,0.00053358
48737,4.2,137.0,875,8.28166e-05
48738,4.2,56.0,284,0.00030886
48739,4.2,35.0,955,0.000258754
48740,4.2,67.0,372,0.000182349
48741,4.2,130.0,444,0.000105467
48746,4.2,141.0,303,8.41726e-05
48749,4.2,91.0,594,0.000114874
48753,4.2,147.0,314,8.19664e-05
48757,4.2,73.0,528,0.000156042
48835,4.9,79.0,660,0.003272415
48836,4.9,186.0,463,0.000290804
48837,4.9,111.0,519,0.002076822
48838,4.9,54.0,907,0.001538656
48840,4.9,85.0,329,0.000779206
48844,4.9,114.0,875,0.00273822
48847,4.9,130.0,444,0.001732716
48848,4.9,186.0,721,0.000892416
48850,4.9,221.0,309,0.000250647
48855,4.9,236.0,637,5.52e-05
48856,4.9,62.0,481,0.006802155
48858,4.9,94.0,815,0.002041462
48859,4.9,106.0,654,0.000970647
48862,4.9,228.0,246,0.001216704
48863,4.9,182.0,541,0.000631458
48865,4.9,213.0,574,0.000473366
48868,4.9,201.0,440,0.000639639
48870,4.9,186.0,186,0.001253933
48871,4.9,227.0,347,0.000173973
48872,4.9,149.0,543,0.000918375
48874,4.9,205.0,282,0.000722553
48876,4.9,202.0,426,0.000355085
48877,4.9,194.0,804,0.000174209
48878,4.9,134.0,652,0.003107638
48879,4.9,120.0,376,0.003922311
48886,4.9,83.0,735,0.002459948
48895,4.9,138.0,469,0.000701102
48904,4.9,174.0,340,0.000949802
48906,4.9,186.0,709,0.000631991
48987,4.2,33.0,581,0.002950004
48988,4.2,112.0,303,0.000528516
48989,4.2,28.0,480,0.004694032
48991,4.2,57.0,243,0.002785414
48992,4.2,97.0,398,0.000656231
48994,4.2,66.0,437,0.000718887
49331,4.7,65.0,555,0.000851281
49332,4.7,169.0,929,0.000314586
49333,4.7,102.0,348,0.001836784
49334,4.7,108.0,459,0.000889293
49335,4.7,96.0,396,0.001243954
49336,4.7,96.0,377,0.001688673
49338,4.7,93.0,229,0.005314718
49340,4.7,99.0,410,0.004388845
49342,4.7,99.0,570,0.00334352
49343,4.7,110.0,304,0.001138741
49344,4.7,202.0,403,0.000632191
49347,4.7,143.0,214,0.001156005
49348,4.7,135.0,709,0.000730463
49349,4.7,138.0,441,0.001114819
49350,4.7,77.0,1236,0.00160047
49352,4.7,68.0,595,0.002506473
49354,4.7,119.0,587,0.002119166
49355,4.7,64.0,323,0.005419619
49356,4.7,33.0,247,0.014398999
49360,4.7,93.0,317,0.00146134
49361,4.7,113.0,515,0.001709984
49363,4.7,116.0,300,0.002247931
49365,4.7,138.0,181,0.001087399
49366,4.7,152.0,282,0.000726409
49367,4.7,156.0,190,0.002216026
49368,4.7,151.0,214,0.001279826
49369,4.7,147.0,303,0.001324401
49370,4.7,151.0,303,0.000827643
49374,4.7,28.0,224,0.025661908
49375,4.7,48.0,313,0.003658116
49376,4.7,59.0,538,0.001207802
49377,4.7,64.0,484,0.002655227
49378,4.7,64.0,277,0.002181724
49380,4.7,89.0,196,0.002787814
49381,4.7,97.0,382,0.004933637
49385,4.7,51.0,420,0.001873583
49388,4.7,68.0,332,0.004571732
49389,4.7,71.0,397,0.00250462
49395,4.7,87.0,316,0.003642762
49396,4.7,87.0,272,0.001259081
49406,4.7,98.0,304,0.002364583
49407,4.7,98.0,484,0.001895782
49408,4.7,98.0,344,0.003181123
49410,4.7,102.0,280,0.002164103
49415,4.7,113.0,288,0.002764796
49430,4.7,164.0,349,0.001022952
49647,4.1,65.0,430,0.000332035
49648,4.1,177.0,555,7.79e-05
49650,4.1,55.0,771,0.000460643
49651,4.1,26.0,558,0.001370829
49652,4.1,55.0,313,0.001007545
49653,4.1,49.0,827,0.000633519
49654,4.1,53.0,468,0.001238767
49655,4.1,65.0,460,0.000534624
49656,4.1,48.0,131,0.001692556
49659,4.1,57.0,745,0.001168551
49660,4.1,42.0,205,0.001895797
49661,4.1,72.0,207,0.00024136
49663,4.1,46.0,271,0.001114104
49664,4.1,69.0,415,0.000413944
49665,4.1,52.0,328,0.001194442
49666,4.1,30.0,361,0.001107453
49668,4.1,29.0,340,0.001703031
49669,4.1,27.0,229,0.002402184
49689,5.6,233.0,226,0.000975172
49690,5.6,227.0,198,0.001021495
49691,5.6,218.0,357,0.000506941
49692,5.6,298.0,368,0.000108955
49693,5.6,239.0,245,0.000430562
49694,5.6,343.0,920,7.83807e-05
49695,5.6,314.0,507,0.000103823
49696,5.6,348.0,584,0.000105423
49697,5.6,338.0,813,0.000126891
49698,5.6,337.0,596,7.49478e-05
49699,5.6,133.0,271,0.007605988
49700,5.6,147.0,307,0.003701194
49701,5.6,142.0,390,0.002748011
49702,5.6,137.0,301,0.004651423
49703,5.6,132.0,354,0.010127149
49704,5.6,161.0,580,0.002391118
49705,5.6,192.0,630,0.00097049
49706,5.6,165.0,986,0.002339805
49707,5.6,170.0,894,0.000676347
49708,5.6,39.0,300,0.019362583
49709,5.6,85.0,562,0.003809427
49710,5.6,135.0,330,0.006213015
49711,5.6,86.0,223,0.005105356
49712,5.6,31.0,312,0.015613259
49713,5.6,33.0,430,0.02151296
49714,5.6,144.0,555,0.001979929
49715,5.6,84.0,444,0.006641902
49716,5.6,215.0,929,0.000584826
49717,5.6,289.0,471,0.000303917
49718,5.6,255.0,367,0.000255776
49719,5.6,256.0,337,0.000419654
49720,5.6,263.0,359,0.00031504
49721,5.6,282.0,206,0.000360578
49722,5.6,148.0,411,0.00194116
49723,5.6,112.0,265,0.000152673
49724,5.6,191.0,348,0.003117337
49725,5.6,162.0,459,0.002122231
49726,5.6,157.0,396,0.002337347
49727,5.6,163.0,377,0.004415467
49728,5.6,162.0,249,0.004023568
49729,5.6,176.0,301,0.004322254
49730,5.6,197.0,410,0.001991121
49731,5.6,130.0,375,0.004122605
49732,5.6,191.0,570,0.000930653
49733,5.6,166.0,192,0.003976896
49734,5.6,133.0,304,0.002061341
49735,5.6,146.0,403,0.004963477
49736,5.6,102.0,324,0.006079936
49737,5.6,150.0,683,0.003363981
49738,5.6,167.0,483,0.001797528
49739,5.6,163.0,429,0.002022184
49740,5.6,169.0,214,0.004987437
49741,5.6,132.0,366,0.005135734
49742,5.6,172.0,238,0.001806126
49743,5.6,175.0,356,0.001480027
49744,5.6,208.0,395,0.000642671
49745,5.6,177.0,462,0.001608176
49746,5.6,140.0,345,0.002529341
49747,5.6,255.0,344,0.000612379
49748,5.6,154.0,232,0.0037368
49749,5.6,183.0,805,0.000822743
49750,5.6,221.0,549,0.000972608
49751,5.6,198.0,567,0.001836171
49752,5.6,195.0,477,0.000652339
49753,5.6,232.0,315,0.000945688
49754,5.6,303.0,322,0.000448097
49755,5.6,220.0,709,0.001514677
49756,5.6,261.0,441,0.000798465
49757,5.6,240.0,328,0.001206447
49758,5.6,235.0,348,0.00333296
49759,5.6,212.0,264,0.00117466
49760,5.6,290.0,482,0.000336581
49761,5.6,248.0,407,0.000678149
49762,5.6,256.0,445,0.000133207
49763,5.6,229.0,1236,0.000390095
49764,5.6,239.0,436,0.001018304
49765,5.6,220.0,639,0.000491068
49766,5.6,273.0,587,0.001045375
49767,5.6,232.0,323,0.000537326
49768,5.6,221.0,247,0.001633345
49769,5.6,239.0,452,0.000325066
49770,5.6,223.0,420,0.000786754
49771,5.6,237.0,1747,0.00037807
49772,5.6,80.0,193,0.011304467
49773,5.6,97.0,771,0.006040696
49774,5.6,38.0,558,0.018252576
49775,5.6,93.0,286,0.018796102
49776,5.6,98.0,313,0.015339246
49777,5.6,85.0,827,0.006022106
49778,5.6,93.0,468,0.010331729
49779,5.6,87.0,196,0.007249021
49780,5.6,86.0,836,0.006376882
49781,5.6,91.0,171,0.009291894
49782,5.6,93.0,695,0.003976538
49783,5.6,91.0,131,0.013979028
49784,5.6,83.0,875,0.007476419
49785,5.6,92.0,145,0.014778708
49786,5.6,122.0,414,0.004451178
49787,5.6,87.0,459,0.008998162
49788,5.6,97.0,745,0.008251636
49789,5.6,90.0,205,0.015818434
49790,5.6,123.0,207,0.002570945
49791,5.6,84.0,271,0.013797728
49792,5.6,93.0,271,0.012534139
49793,5.6,106.0,328,0.012306388
49794,5.6,106.0,415,0.008500264
49795,5.6,102.0,328,0.011834152
49796,5.6,80.0,361,0.006617715
49797,5.6,128.0,1141,0.003659464
49798,5.6,55.0,608,0.003878061
49799,5.6,296.0,500,0.000290845
49800,5.6,253.0,317,0.000938338
49801,5.6,307.0,515,0.000588953
49802,5.6,263.0,999,0.000380786
49803,5.6,251.0,290,0.001702273
49804,5.6,229.0,300,0.001725953
49805,5.6,247.0,352,0.001719647
49806,5.6,245.0,253,0.000740541
49807,5.6,248.0,181,0.002027699
49808,5.6,254.0,282,0.001307029
49809,5.6,261.0,190,0.002260788
49810,5.6,261.0,214,0.00122461
49811,5.6,254.0,303,0.001178446
49812,5.6,260.0,303,0.001026421
49813,5.6,238.0,906,0.000641125
49814,5.6,255.0,826,0.000339757
49815,5.6,263.0,203,0.001708974
49816,5.6,259.0,445,0.000394861
49817,5.6,318.0,363,7.91169e-05
49818,5.6,188.0,266,0.003799499
49819,5.6,123.0,304,0.000729892
49820,5.6,189.0,438,0.001852159
49821,5.6,96.0,259,0.014727791
49822,5.6,149.0,593,0.002473964
49823,5.6,184.0,313,0.002335599
49824,5.6,152.0,391,0.003625364
49825,5.6,62.0,340,0.005937409
49826,5.6,95.0,359,0.005776966
49827,5.6,67.0,336,0.020538577
49828,5.6,67.0,273,0.015929959
49829,5.6,60.0,341,0.018214136
49830,5.6,42.0,229,0.032096695
49831,5.6,291.0,248,0.001140808
49832,5.6,193.0,324,0.001727921
49833,5.6,191.0,697,0.00078356
49834,5.6,216.0,873,0.00051173
49835,5.6,226.0,747,0.000482279
49836,5.6,248.0,393,0.000624043
49837,5.6,242.0,372,0.00068301
49838,5.6,259.0,732,0.000267944
49839,5.6,183.0,694,0.000725372
49840,5.6,266.0,236,0.001062128
49841,5.6,201.0,948,0.00052181
49842,5.6,183.0,1010,0.000902983
49843,5.6,224.0,219,0.003276058
49844,5.6,221.0,234,0.003917351
49845,5.6,281.0,412,0.000402173
49846,5.6,271.0,215,0.001760261
49847,5.6,261.0,381,0.001145506
49848,5.6,309.0,401,0.000588409
49849,5.6,293.0,272,0.00045163
49850,5.6,206.0,224,0.002086254
49851,5.6,225.0,313,0.001245521
49852,5.6,209.0,538,0.00104811
49853,5.6,209.0,484,0.001334497
49854,5.6,139.0,286,0.002767393
49855,5.6,120.0,462,0.003276501
49856,5.6,176.0,277,0.00338447
49857,5.6,199.0,312,0.002372476
49858,5.6,209.0,196,0.001945035
49859,5.6,204.0,382,0.001908128
49860,5.6,213.0,199,0.002741419
49861,5.6,225.0,280,0.001735722
49862,5.6,341.0,280,0.000668381
49863,5.6,344.0,398,0.000231351
49864,5.6,333.0,338,0.0004578
49865,5.6,327.0,183,0.001148955
49869,5.6,184.0,229,0.006286879
49871,5.6,237.0,595,0.000484706
49872,5.6,111.0,460,0.005841297
49873,5.6,151.0,532,0.00229324
49920,5.6,180.0,272,0.001866304
49933,5.6,204.0,358,0.002040626
49937,5.6,212.0,288,0.002025299
50172,4.1,151.0,307,0.000196327
50180,4.1,43.0,300,0.002041858
50182,4.1,140.0,330,0.000487838
50183,4.1,148.0,555,0.000167698
50189,4.1,166.0,377,0.000251291
50191,4.1,170.0,488,0.000145935
50195,4.1,194.0,570,8.56e-05
50198,4.1,151.0,403,0.00030858
50203,4.1,169.0,429,0.000156439
50204,4.1,174.0,214,0.000221758
50206,4.1,178.0,238,0.000116452
50214,4.1,96.0,286,0.00118109
50215,4.1,102.0,313,0.000623619
50221,4.1,95.0,131,0.000769232
50226,4.1,126.0,207,0.000135144
50229,4.1,111.0,415,0.000255645
50230,4.1,106.0,328,0.000813329
50232,4.1,59.0,608,0.000313628
50238,4.1,185.0,313,0.000127363
50239,4.1,153.0,391,0.000259418
50240,4.1,66.0,340,0.0002359
50241,4.1,70.0,273,0.00111117
50248,4.1,122.0,462,0.000145683
50251,4.1,33.0,312,0.001274446
50252,4.1,38.0,430,0.004271342
50254,4.1,42.0,558,0.002408097
50256,4.1,69.0,336,0.001511653
50261,4.1,87.0,875,0.000370902
50263,4.1,89.0,444,0.000925371
50264,4.1,89.0,827,0.000271383
50268,4.1,94.0,205,0.000894402
50412,4.4,150.0,307,0.000323794
50413,4.4,143.0,390,0.000253825
50414,4.4,138.0,301,0.000591389
50416,4.4,172.0,894,5.47e-05
50417,4.4,44.0,300,0.002752331
50419,4.4,142.0,330,0.000811332
50420,4.4,93.0,223,0.001584471
50421,4.4,33.0,312,0.002094528
50422,4.4,40.0,430,0.012048369
50423,4.4,150.0,555,0.000366825
50424,4.4,91.0,444,0.00526818
50425,4.4,195.0,348,0.000330605
50427,4.4,161.0,396,0.000354787
50430,4.4,195.0,570,0.000143942
50432,4.4,153.0,403,0.001523539
50433,4.4,110.0,324,0.001481421
50434,4.4,183.0,286,0.001094996
50435,4.4,157.0,683,0.001564819
50436,4.4,175.0,483,0.00049581
50437,4.4,170.0,429,0.000804977
50438,4.4,176.0,214,0.001286823
50439,4.4,139.0,366,0.001637728
50446,4.4,88.0,827,0.000858802
50449,4.4,94.0,171,0.001752848
50450,4.4,114.0,460,0.000588181
50451,4.4,94.0,131,0.002922288
50452,4.4,86.0,875,0.00114468
50453,4.4,95.0,145,0.00311286
50454,4.4,125.0,414,0.000521786
50455,4.4,91.0,459,0.001392459
50456,4.4,101.0,745,0.001358506
50457,4.4,93.0,205,0.002474057
50458,4.4,126.0,207,0.000336112
50459,4.4,154.0,532,0.00039703
50461,4.4,95.0,271,0.001796123
50462,4.4,109.0,328,0.000973985
50463,4.4,110.0,415,0.001025025
50464,4.4,105.0,328,0.002185354
50465,4.4,83.0,361,0.001288478
50466,4.4,131.0,1141,0.000376017
50469,4.4,133.0,343,0.000918011
50472,4.4,185.0,313,0.000337583
50473,4.4,152.0,391,0.000573678
50474,4.4,65.0,340,0.000770571
50476,4.4,68.0,336,0.003959779
50478,4.4,63.0,341,0.002102129
50479,4.4,45.0,229,0.00310163
50480,4.4,185.0,1010,0.000115522
50481,4.4,121.0,462,0.000368732
50547,4.0,141.0,390,0.000153692
50548,4.0,165.0,986,0.000114538
50549,4.0,45.0,300,0.001359314
50550,4.0,88.0,562,0.000198218
50551,4.0,143.0,330,0.000297489
50552,4.0,33.0,312,0.000750833
50553,4.0,42.0,430,0.002295531
50554,4.0,152.0,555,0.000101588
50555,4.0,93.0,444,0.002205004
50557,4.0,112.0,324,0.000416462
50562,4.0,44.0,558,0.00288963
50563,4.0,101.0,313,0.000602769
50564,4.0,88.0,827,0.000360636
50567,4.0,94.0,171,0.000329251
50568,4.0,114.0,460,0.00023482
50569,4.0,94.0,131,0.000799418
50572,4.0,90.0,249,0.000400381
50575,4.0,94.0,205,0.000641252
50576,4.0,127.0,207,0.000100387
50577,4.0,155.0,532,0.000110111
50579,4.0,94.0,271,0.000925584
50580,4.0,109.0,415,0.000307246
50581,4.0,106.0,328,0.000611538
50582,4.0,84.0,361,0.000459996
50583,4.0,131.0,1141,0.000125908
50584,4.0,62.0,608,0.000300742
50586,4.0,95.0,259,0.000470407
50587,4.0,151.0,391,0.00014979
50588,4.0,65.0,340,0.000344102
50591,4.0,45.0,229,0.001479029
50592,4.0,119.0,462,0.00016494
50628,4.0,45.0,300,0.0011739
50629,4.0,88.0,562,0.000180423
50630,4.0,144.0,330,0.00032254
50631,4.0,33.0,312,0.000770416
50632,4.0,42.0,430,0.001132018
50634,4.0,93.0,444,0.000372165
50635,4.0,172.0,488,0.000120402
50636,4.0,155.0,403,0.000252777
50637,4.0,112.0,324,0.000321056
50639,4.0,44.0,558,0.0014336
50640,4.0,92.0,286,0.000973492
50641,4.0,102.0,313,0.001186034
50642,4.0,88.0,827,0.000504033
50643,4.0,96.0,468,0.000638778
50644,4.0,89.0,836,0.000434615
50645,4.0,94.0,171,0.000626
50646,4.0,114.0,460,0.000389486
50647,4.0,95.0,695,0.000318746
50648,4.0,94.0,131,0.000905994
50649,4.0,86.0,875,0.000495517
50651,4.0,125.0,414,0.000300385
50652,4.0,91.0,459,0.000622571
50653,4.0,101.0,745,0.000794672
50654,4.0,94.0,205,0.001079043
50655,4.0,127.0,207,0.000175341
50656,4.0,87.0,271,0.000786561
50657,4.0,94.0,271,0.001180105
50658,4.0,108.0,328,0.000657053
50659,4.0,109.0,415,0.000535427
50660,4.0,84.0,361,0.000421676
50662,4.0,62.0,608,0.000275691
50663,4.0,131.0,343,0.000274613
50666,4.0,151.0,391,0.000155753
50667,4.0,65.0,340,0.000366347
50669,4.0,45.0,229,0.001425766
50670,4.0,118.0,462,0.000105685
50782,4.1,152.0,307,0.000117751
50783,4.1,168.0,986,6.31e-05
50784,4.1,42.0,300,0.00206133
50787,4.1,30.0,312,0.001880624
50788,4.1,41.0,430,0.001757128
50789,4.1,149.0,555,0.000110077
50790,4.1,93.0,444,0.00035623
50791,4.1,158.0,396,0.000122583
50792,4.1,155.0,403,0.000114427
50794,4.1,45.0,558,0.000981079
50795,4.1,95.0,286,0.000906764
50796,4.1,104.0,313,0.000320368
50797,4.1,91.0,827,0.000150431
50798,4.1,98.0,468,0.00030152
50800,4.1,97.0,131,0.000323817
50801,4.1,89.0,875,0.000238615
50804,4.1,96.0,205,0.000354596
50805,4.1,157.0,532,6.19997e-05
50806,4.1,90.0,271,0.000248397
50807,4.1,97.0,271,0.000539952
50808,4.1,112.0,415,0.000184533
50809,4.1,108.0,328,0.000407343
50810,4.1,86.0,361,0.000345737
50811,4.1,134.0,1141,8.45151e-05
50814,4.1,93.0,259,0.001509162
50816,4.1,182.0,313,0.000212136
50817,4.1,149.0,391,0.000544523
50819,4.1,65.0,336,0.003671821
50854,4.4,140.0,369,0.000577585
50856,4.4,147.0,307,0.000577633
50857,4.4,140.0,390,0.000379235
50858,4.4,135.0,301,0.00062586
50859,4.4,163.0,986,0.00042557
50860,4.4,169.0,894,0.000120476
50861,4.4,47.0,300,0.000970098
50862,4.4,90.0,562,0.000240601
50863,4.4,145.0,330,0.000290425
50864,4.4,96.0,223,0.000314878
50865,4.4,35.0,312,0.00068345
50866,4.4,43.0,430,0.000990185
50867,4.4,154.0,555,9.09e-05
50868,4.4,93.0,444,0.00061978
50871,4.4,155.0,403,0.000238727
50872,4.4,113.0,324,0.00028485
50875,4.4,84.0,193,0.000745319
50876,4.4,98.0,771,0.000953515
50877,4.4,43.0,558,0.002192201
50878,4.4,91.0,286,0.003614719
50879,4.4,99.0,313,0.002481728
50880,4.4,86.0,827,0.000976623
50881,4.4,93.0,468,0.001043344
50882,4.4,88.0,196,0.001187129
50884,4.4,92.0,171,0.001195618
50885,4.4,112.0,460,0.000660739
50886,4.4,93.0,695,0.000588055
50887,4.4,91.0,131,0.001628286
50888,4.4,83.0,875,0.000887613
50889,4.4,92.0,145,0.00175975
50890,4.4,88.0,249,0.001022731
50892,4.4,88.0,459,0.000879384
50893,4.4,92.0,205,0.00160564
50894,4.4,125.0,207,0.000227747
50895,4.4,85.0,271,0.00156422
50898,4.4,107.0,415,0.001156664
50899,4.4,104.0,328,0.001275355
50900,4.4,82.0,361,0.000729159
50904,4.4,96.0,259,0.001038831
50906,4.4,153.0,391,0.000303353
50907,4.4,62.0,340,0.000646598
50908,4.4,94.0,359,0.000578841
50912,4.4,42.0,229,0.006453756
50913,4.4,119.0,462,0.000395468
51026,4.2,141.0,369,0.000153993
51027,4.2,147.0,307,0.000149395
51028,4.2,140.0,390,0.000143576
51030,4.2,164.0,986,0.000114897
51031,4.2,46.0,300,0.006692576
51033,4.2,145.0,330,0.000715657
51034,4.2,96.0,223,0.00119855
51035,4.2,34.0,312,0.002472261
51036,4.2,43.0,430,0.007683401
51037,4.2,153.0,555,0.000311999
51038,4.2,93.0,444,0.005547849
51040,4.2,167.0,459,0.000260661
51041,4.2,163.0,396,0.000367236
51042,4.2,173.0,488,0.000584392
51043,4.2,190.0,229,0.000982173
51044,4.2,138.0,375,0.000763083
51045,4.2,197.0,570,0.00025818
51046,4.2,177.0,192,0.000902395
51047,4.2,143.0,304,0.000429634
51048,4.2,155.0,403,0.001401745
51049,4.2,113.0,324,0.001195982
51050,4.2,160.0,683,0.001071354
51051,4.2,177.0,483,0.000371893
51052,4.2,173.0,429,0.000510244
51053,4.2,179.0,214,0.000911455
51055,4.2,85.0,193,0.001525726
51056,4.2,99.0,771,0.000338637
51057,4.2,44.0,558,0.006470657
51058,4.2,91.0,286,0.001081128
51059,4.2,100.0,313,0.001161774
51060,4.2,87.0,827,0.000444337
51061,4.2,94.0,468,0.000652059
51062,4.2,89.0,196,0.000501924
51063,4.2,88.0,836,0.000497184
51064,4.2,93.0,171,0.000624043
51065,4.2,113.0,460,0.000407723
51067,4.2,92.0,131,0.001091164
51068,4.2,84.0,875,0.000415905
51069,4.2,93.0,145,0.001215119
51070,4.2,124.0,414,0.000247077
51071,4.2,89.0,459,0.000648494
51072,4.2,99.0,745,0.000487643
51073,4.2,93.0,205,0.001175502
51074,4.2,126.0,207,0.000234891
51075,4.2,154.0,532,0.0001603
51077,4.2,92.0,271,0.000837098
51078,4.2,107.0,328,0.000542297
51079,4.2,108.0,415,0.000347978
51080,4.2,83.0,361,0.000836155
51081,4.2,129.0,1141,0.000189583
51082,4.2,61.0,608,0.000706383
51083,4.2,132.0,343,0.000375503
51084,4.2,189.0,438,0.000189352
51085,4.2,96.0,259,0.001019359
51086,4.2,150.0,593,0.000208903
51087,4.2,183.0,313,0.000159905
51088,4.2,63.0,340,0.000498375
51091,4.2,60.0,341,0.001461657
51092,4.2,43.0,229,0.003296175
51093,4.2,118.0,462,0.000128934
51133,4.2,190.0,272,0.000428513
52294,6.7,327.0,946,0.003646336
52295,6.7,304.0,439,0.002932441
52296,6.7,270.0,501,0.002584103
52297,6.7,350.0,583,0.000927477
52298,6.7,290.0,208,0.004713644
52299,6.7,303.0,521,0.002645266
52300,6.7,340.0,494,0.001020448
52301,6.7,221.0,965,0.003013991
52302,6.7,60.0,390,0.03917564
52303,6.7,105.0,469,0.015711681
52304,6.7,332.0,295,0.000894088
52305,6.7,371.0,372,0.00127357
52306,6.7,373.0,284,0.000998816
52307,6.7,354.0,373,0.001815471
52308,6.7,360.0,350,0.000191459
52309,6.7,98.0,528,0.008189969
52310,6.7,144.0,463,0.004997703
52311,6.7,238.0,273,0.003754591
52312,6.7,78.0,519,0.023888084
52313,6.7,32.0,407,0.133046862
52314,6.7,11.0,907,0.031214313
52315,6.7,41.0,489,0.011001663
52316,6.7,60.0,907,0.00402672
52317,6.7,44.0,329,0.018411284
52318,6.7,5.3,450,0.272987368
52319,6.7,141.0,315,0.00469768
52320,6.7,172.0,567,0.004830633
52321,6.7,163.0,320,0.002114975
52322,6.7,119.0,875,0.017542827
52323,6.7,144.0,541,0.006343936
52324,6.7,172.0,284,0.002199843
52325,6.7,125.0,955,0.002572088
52326,6.7,135.0,444,0.012686542
52327,6.7,219.0,375,0.001388554
52328,6.7,287.0,316,0.001135137
52329,6.7,290.0,280,0.000632302
52330,6.7,336.0,581,0.000215769
52331,6.7,214.0,303,0.001842083
52332,6.7,267.0,368,0.000445384
52333,6.7,344.0,243,0.000216895
52334,6.7,258.0,398,0.000599223
52335,6.7,173.0,758,0.011321267
52336,6.7,151.0,721,0.018892854
52337,6.7,227.0,720,0.004643228
52338,6.7,235.0,558,0.004294406
52339,6.7,219.0,523,0.005382349
52340,6.7,216.0,555,0.004075384
52341,6.7,216.0,309,0.003681627
52342,6.7,223.0,425,0.003330712
52343,6.7,219.0,513,0.000973706
52344,6.7,183.0,594,0.00275721
52345,6.7,193.0,367,0.003700397
52346,6.7,194.0,521,0.003322347
52347,6.7,288.0,233,0.00780404
52348,6.7,289.0,221,0.00844542
52349,6.7,290.0,424,0.006559627
52350,6.7,286.0,310,0.006263957
52351,6.7,288.0,374,0.00305832
52352,6.7,278.0,271,0.008672946
52353,6.7,314.0,470,0.005612817
52354,6.7,314.0,448,0.005341826
52355,6.7,315.0,350,0.009893476
52356,6.7,316.0,329,0.007047199
52357,6.7,318.0,447,0.003435119
52358,6.7,316.0,567,0.002494584
52359,6.7,314.0,377,0.004596246
52360,6.7,286.0,377,0.007368446
52361,6.7,269.0,374,0.004477506
52362,6.7,319.0,460,0.004946939
52363,6.7,248.0,618,0.004265706
52364,6.7,270.0,272,0.006848402
52365,6.7,299.0,338,0.006231812
52366,6.7,242.0,445,0.004092407
52367,6.7,253.0,485,0.005757472
52368,6.7,266.0,533,0.004467097
52369,6.7,367.0,362,0.001116635
52370,6.7,361.0,555,0.002353988
52371,6.7,335.0,645,0.000425667
52372,6.7,198.0,305,0.017434907
52373,6.7,286.0,499,0.003102227
52374,6.7,215.0,637,0.001680867
52375,6.7,296.0,384,0.001228492
52376,6.7,40.0,481,0.076814349
52378,6.7,99.0,579,0.011774467
52379,6.7,70.0,815,0.024529285
52380,6.7,79.0,735,0.029774969
52381,6.7,75.0,654,0.013119512
52382,6.7,135.0,315,0.024851746
52383,6.7,137.0,731,0.01082476
52384,6.7,166.0,484,0.044515894
52385,6.7,190.0,390,0.00507232
52386,6.7,180.0,574,0.010987264
52387,6.7,169.0,440,0.012414822
52388,6.7,173.0,561,0.012525412
52389,6.7,176.0,280,0.014512353
52390,6.7,159.0,186,0.016944499
52391,6.7,198.0,382,0.006990504
52392,6.7,194.0,347,0.005073618
52393,6.7,118.0,543,0.01344164
52394,6.7,174.0,314,0.006218381
52395,6.7,270.0,311,0.002297042
52396,6.7,353.0,366,0.000898485
52397,6.7,310.0,198,0.00256409
52398,6.7,327.0,1024,0.000979531
52399,6.7,300.0,492,0.001137988
52400,6.7,378.0,239,0.002148754
52401,6.7,396.0,1510,0.000624456
52402,6.7,223.0,414,0.003162996
52403,6.7,230.0,660,0.004696408
52404,6.7,241.0,207,0.004468202
52405,6.7,193.0,804,0.001758393
52406,6.7,304.0,324,0.002348694
52407,6.7,337.0,327,0.003118191
52408,6.7,311.0,417,0.001517526
52409,6.7,336.0,313,0.002801295
52410,6.7,291.0,248,0.006688069
52411,6.7,280.0,573,0.001204203
52412,6.7,87.0,376,0.067195782
52413,6.7,350.0,361,0.001619035
52414,6.7,369.0,437,0.000283782
52415,6.7,215.0,463,0.009405691
52416,6.7,221.0,430,0.005066672
52417,6.7,249.0,350,0.006898606
52418,6.7,249.0,426,0.005865754
52432,6.7,382.0,612,0.001080143
52449,6.7,132.0,416,0.013212227
52457,6.7,147.0,372,0.006545204
52459,6.7,166.0,340,0.011469401
52462,6.7,159.0,709,0.006854379
52464,6.7,205.0,426,0.004850647
52465,6.7,209.0,282,0.007158284
52468,6.7,176.0,715,0.006565848
52482,6.7,264.0,691,0.001270906
52513,6.7,338.0,210,0.01077783
52707,4.6,113.0,519,0.001588943
52708,4.6,36.0,407,0.003949856
52710,4.6,103.0,907,9.47263e-05
52714,4.6,24.0,1380,0.00160009
52715,4.6,188.0,709,0.000224044
52723,4.3,49.0,660,0.00115169
52728,4.3,34.0,481,0.001831403
52729,4.3,16.0,1380,0.001859262
52733,4.3,139.0,731,0.000269783
52734,4.3,118.0,543,0.000327724
52920,4.6,63.0,390,0.001928879
52921,4.6,48.0,660,0.00055738
52923,4.6,88.0,907,0.000433429
52924,4.6,137.0,907,0.000117384
52925,4.6,120.0,329,0.000370575
52926,4.6,120.0,875,0.000671768
52927,4.6,139.0,444,0.000414847
52928,4.6,194.0,305,0.000367703
52932,4.6,65.0,815,0.001960094
52933,4.6,73.0,735,0.001243544
52934,4.6,72.0,654,0.000548096
52935,4.6,134.0,731,0.000456263
52936,4.6,165.0,484,0.00020884
52937,4.6,173.0,280,0.000306322
52938,4.6,114.0,543,0.000728838
52943,4.6,96.0,376,0.002695926
52948,4.6,131.0,315,0.000760739
52949,4.6,136.0,519,0.001245844
52950,4.6,161.0,340,0.000566576
53096,4.5,82.0,660,0.000107462
53097,4.5,31.0,407,0.002623283
53098,4.5,45.0,907,0.000766443
53106,4.5,159.0,543,5.03e-05
53111,4.5,92.0,907,0.000107671
53113,4.5,104.0,519,0.000417596
53114,4.5,105.0,390,0.000212745
53118,4.5,181.0,709,0.000154138
53192,4.1,57.0,660,0.000252533
53193,4.1,53.0,660,0.000803416
53196,4.1,56.0,407,0.000661801
53197,4.1,129.0,907,2.557e-05
53198,4.1,51.0,450,0.000463688
53199,4.1,112.0,875,0.000211495
53200,4.1,131.0,444,7.00524e-05
53203,4.1,92.0,579,0.000144502
53204,4.1,69.0,815,0.000683454
53205,4.1,79.0,654,0.000146553
53206,4.1,182.0,280,7.91e-05
53207,4.1,122.0,543,0.000149409
53208,4.1,105.0,376,0.000579252
53251,3.9,76.0,660,6.4037e-05
53253,3.9,107.0,519,0.000349793
53254,3.9,36.0,407,0.001492807
53255,3.9,50.0,907,0.000478639
53256,3.9,99.0,907,3.92197e-05
53257,3.9,82.0,329,8.78429e-05
53259,3.9,132.0,444,6.75525e-05
53260,3.9,66.0,481,0.000227345
53261,3.9,27.0,1380,0.000394624
53263,3.9,110.0,654,2.72e-05
53269,3.9,183.0,709,6.97474e-05
53270,4.3,89.0,660,0.000134821
53271,4.3,30.0,407,0.002728375
53272,4.3,46.0,907,0.001070534
53273,4.3,93.0,907,8.46736e-05
53276,4.3,113.0,875,0.000122447
53277,4.3,128.0,444,8.80879e-05
53278,4.3,70.0,481,0.000186005
53279,4.3,33.0,1380,0.00039313
53281,4.3,128.0,376,0.000398284
53285,4.3,107.0,519,0.00049258
53289,4.3,178.0,340,6.2381e-05
53290,4.3,183.0,709,9.04214e-05
53324,4.0,46.0,300,0.000971226
53325,4.0,89.0,562,0.000152635
53326,4.0,35.0,312,0.000422612
53327,4.0,41.0,430,0.000761645
53328,4.0,151.0,555,9.38029e-05
53331,4.0,170.0,429,8.79509e-05
53333,4.0,41.0,558,0.001164062
53334,4.0,100.0,313,0.001042575
53335,4.0,87.0,827,0.000287297
53336,4.0,94.0,468,0.000430432
53338,4.0,92.0,131,0.000889259
53340,4.0,89.0,459,0.000387336
53341,4.0,153.0,532,0.000123273
53342,4.0,86.0,271,0.000409857
53343,4.0,94.0,271,0.000662005
53345,4.0,104.0,328,0.000619708
53346,4.0,82.0,361,0.000366424
53347,4.0,129.0,1141,0.000126614
53348,4.0,185.0,313,6.45e-05
53349,4.0,153.0,391,0.000112985
53350,4.0,63.0,340,0.000258352
53351,4.0,15.0,292,0.002871045
53353,4.0,43.0,229,0.002030008
53354,4.0,121.0,462,7.62214e-05
53638,4.3,52.0,555,0.000327816
53640,4.3,155.0,469,3.70003e-05
53647,4.3,86.0,907,9.39975e-05
53648,4.3,69.0,329,0.000349742
53652,4.3,126.0,416,0.000252004
53653,4.3,108.0,875,0.000226589
53656,4.3,123.0,444,0.000186306
53660,4.3,76.0,481,0.00019739
53662,4.3,115.0,579,6.88472e-05
53663,4.3,88.0,735,0.000184999
53666,4.3,165.0,543,4.43871e-05
53676,4.3,107.0,519,0.000498554
53677,4.3,107.0,815,0.000124459
53686,4.3,137.0,376,0.000239701
53695,4.3,178.0,340,8.30394e-05
53697,4.3,185.0,709,0.000171763
54024,4.3,93.0,390,0.00029674
54026,4.3,69.0,660,0.000204098
54028,4.3,138.0,469,8.66253e-05
54035,4.3,103.0,907,3.1789e-05
54037,4.3,27.0,450,0.00333597
54042,4.3,124.0,875,0.000194684
54046,4.3,140.0,444,0.000134931
54049,4.3,22.0,1380,0.00169943
54051,4.3,108.0,654,7.83291e-05
54052,4.3,170.0,731,6.31033e-05
54053,4.3,190.0,186,0.00030682
54054,4.3,150.0,543,0.000100654
54057,4.3,45.0,407,0.001076892
54069,4.3,114.0,376,0.000745138
54268,4.5,120.0,390,0.00035009
54269,4.5,96.0,660,0.000140198
54278,4.5,78.0,907,0.000164017
54279,4.5,60.0,329,0.00057097
54289,4.5,128.0,444,0.00015696
54293,4.5,85.0,481,0.000249412
54294,4.5,48.0,1380,0.000476939
54297,4.5,130.0,654,5.01718e-05
54299,4.5,173.0,543,7.41111e-05
54300,4.5,194.0,314,0.00017801
54301,4.5,187.0,340,9.48388e-05
54320,4.5,141.0,376,0.000444069
54326,4.5,178.0,709,0.000256853
54367,4.5,224.0,965,0.000109733
54369,4.5,55.0,660,0.000355816
54371,4.5,113.0,469,0.000110263
54385,4.5,115.0,875,0.000553868
54386,4.5,217.0,284,2.10222e-05
54389,4.5,134.0,444,0.000240064
54402,4.5,200.0,305,0.000171044
54404,4.5,39.0,481,0.001833707
54408,4.5,81.0,654,0.000295825
54409,4.5,144.0,731,0.000151627
54411,4.5,175.0,484,8.73794e-05
54413,4.5,187.0,574,7.0912e-05
54414,4.5,183.0,715,7.80838e-05
54421,4.5,123.0,543,0.000184179
54425,4.5,238.0,207,0.000267916
54430,4.5,57.0,407,0.000890535
54432,4.5,71.0,815,0.000884552
54438,4.5,104.0,376,0.000698439
54460,4.5,200.0,709,0.000107334
54741,5.1,254.0,965,7.19994e-05
54743,5.1,77.0,660,0.000569286
54746,5.1,130.0,528,0.000345127
54751,5.1,32.0,407,0.009471294
54752,5.1,44.0,907,0.000889336
54754,5.1,93.0,907,0.000172548
54755,5.1,76.0,329,0.000797276
54761,5.1,115.0,875,0.001123017
54765,5.1,131.0,444,0.000702345
54775,5.1,213.0,758,0.000187281
54781,5.1,219.0,309,0.000218133
54808,5.1,114.0,579,0.000412718
54809,5.1,100.0,815,0.000469416
54810,5.1,88.0,735,0.001358865
54811,5.1,112.0,654,0.000301166
54813,5.1,234.0,246,0.000445253
54823,5.1,233.0,347,8.51e-05
54840,5.1,294.0,248,0.000222701
54842,5.1,123.0,376,0.001636088
54854,5.1,103.0,519,0.00111561
54867,5.1,179.0,340,0.00047698
54868,5.1,179.0,709,0.000362917
54933,4.5,81.0,660,0.000225821
54934,4.5,88.0,660,0.00039483
54935,4.5,147.0,469,0.000110241
54940,4.5,105.0,519,0.000688388
54941,4.5,32.0,407,0.004957692
54942,4.5,46.0,907,0.000549726
54944,4.5,93.0,907,6.80951e-05
54945,4.5,76.0,329,0.000222846
54950,4.5,135.0,416,0.000289588
54951,4.5,115.0,875,0.000679094
54956,4.5,130.0,444,0.000285415
54961,4.5,115.0,579,0.000289072
54962,4.5,103.0,815,0.000274441
54963,4.5,88.0,735,0.000866961
54964,4.5,115.0,654,0.00013253
54970,4.5,127.0,376,0.000984525
54990,4.5,182.0,709,0.000193292
55055,4.3,79.0,660,0.000231383
55056,4.3,84.0,660,0.000523085
55061,4.3,32.0,407,0.001819832
55062,4.3,50.0,907,0.000392309
55064,4.3,97.0,907,3.78063e-05
55065,4.3,80.0,329,0.000109036
55066,4.3,20.0,450,0.006407411
55071,4.3,112.0,875,0.000185751
55076,4.3,158.0,372,0.000195633
55077,4.3,128.0,444,0.000155635
55079,4.3,66.0,481,0.000923065
55080,4.3,29.0,1380,0.002019803
55081,4.3,98.0,815,0.00027835
55082,4.3,84.0,735,0.000458404
55083,4.3,111.0,654,0.000130192
55087,4.3,153.0,543,0.000129873
55090,4.3,125.0,376,0.000770958
55097,4.3,101.0,390,0.000432765
55110,4.3,143.0,469,0.000116973
55143,4.3,47.0,300,0.001865176
55144,4.3,90.0,562,0.000484493
55145,4.3,145.0,330,0.000913407
55147,4.3,35.0,312,0.001532417
55148,4.3,42.0,430,0.001909085
55149,4.3,153.0,555,0.000273796
55150,4.3,91.0,444,0.000700478
55153,4.3,197.0,348,0.000303924
55158,4.3,174.0,488,0.000328974
55160,4.3,183.0,301,0.00095899
55165,4.3,153.0,403,0.000267589
55170,4.3,172.0,429,0.000136225
55171,4.3,178.0,214,0.000547676
55183,4.3,42.0,558,0.001515242
55185,4.3,99.0,313,0.001671727
55186,4.3,86.0,827,0.000426826
55187,4.3,93.0,468,0.000606664
55189,4.3,87.0,836,0.000471967
55190,4.3,92.0,171,0.000497197
55193,4.3,83.0,875,0.000480807
55194,4.3,92.0,145,0.001048196
55196,4.3,88.0,459,0.000664939
55197,4.3,98.0,745,0.000490492
55198,4.3,91.0,205,0.00129247
55201,4.3,92.0,271,0.001054164
55202,4.3,107.0,328,0.000494682
55203,4.3,107.0,415,0.0004419
55204,4.3,104.0,328,0.001222538
55205,4.3,82.0,361,0.000496107
55209,4.3,134.0,343,0.000566719
55211,4.3,97.0,259,0.001443361
55213,4.3,185.0,313,0.000196552
55214,4.3,153.0,391,0.000342746
55218,4.3,66.0,273,0.000561403
55219,4.3,60.0,341,0.000810745
55220,4.3,42.0,229,0.001820863
55223,4.3,183.0,694,2.41067e-05
55225,4.3,120.0,462,0.000156469
55239,4.3,112.0,460,0.000327064
55277,4.3,189.0,272,0.000200043
55733,4.6,55.0,660,0.000549305
55735,4.6,128.0,519,0.001164148
55736,4.6,57.0,407,0.001308478
55737,4.6,78.0,907,0.000649016
55739,4.6,127.0,907,0.000155058
55741,4.6,110.0,329,0.000418377
55744,4.6,151.0,416,0.000247887
55745,4.6,117.0,875,0.000454711
55748,4.6,136.0,444,0.000313968
55752,4.6,73.0,815,0.000399361
55753,4.6,75.0,735,0.000339113
55754,4.6,82.0,654,0.000128907
55756,4.6,145.0,731,8.85029e-05
55762,4.6,181.0,561,8.05577e-05
55763,4.6,182.0,317,0.000140194
55764,4.6,164.0,186,8.88132e-05
55765,4.6,125.0,543,0.000110493
55766,4.6,102.0,376,0.000758116
55770,4.6,54.0,660,0.000239994
55773,4.6,72.0,390,0.000552068
55777,4.6,97.0,579,0.000181601
55781,4.6,113.0,469,0.000101031
55785,4.6,141.0,936,0.000490923
55790,4.6,164.0,340,0.000111505
55795,4.6,184.0,280,9.7748e-05
55797,4.6,198.0,709,0.000195525
56589,4.6,82.0,660,0.000184589
56594,4.6,106.0,519,0.000378921
56595,4.6,30.0,407,0.002567742
56596,4.6,46.0,907,0.000441725
56597,4.6,93.0,907,7.23845e-05
56604,4.6,113.0,875,0.000264395
56610,4.6,128.0,444,0.000185219
56614,4.6,71.0,481,0.000339844
56615,4.6,33.0,1380,0.000982494
56617,4.6,115.0,654,5.33819e-05
56622,4.6,158.0,543,6.80459e-05
56624,4.6,128.0,376,0.000687003
56650,4.6,179.0,340,7.78e-05
56651,4.6,183.0,709,8.91314e-05
57163,5.1,147.0,369,0.000953047
57166,5.1,147.0,390,0.000896398
57168,5.1,137.0,354,0.003150559
57172,5.1,41.0,300,0.00643025
57174,5.1,138.0,330,0.004192063
57175,5.1,32.0,312,0.009144326
57176,5.1,36.0,430,0.023079827
57177,5.1,146.0,555,0.000989813
57178,5.1,88.0,444,0.007675729
57181,5.1,192.0,348,0.00148801
57183,5.1,158.0,396,0.001037176
57186,5.1,185.0,229,0.002130989
57189,5.1,132.0,375,0.002217834
57190,5.1,192.0,570,0.000420924
57192,5.1,136.0,304,0.00143929
57194,5.1,106.0,324,0.00447673
57196,5.1,171.0,483,0.0014022
57210,5.1,223.0,709,0.00083347
57212,5.1,235.0,348,0.001132718
57221,5.1,241.0,452,0.000158809
57223,5.1,239.0,1747,0.000181812
57224,5.1,226.0,1182,0.000203691
57225,5.1,84.0,193,0.009496905
57226,5.1,103.0,771,0.001911007
57229,5.1,104.0,313,0.004775631
57230,5.1,91.0,827,0.001981315
57231,5.1,99.0,468,0.004205337
57233,5.1,92.0,836,0.002473129
57234,5.1,96.0,171,0.005826072
57235,5.1,116.0,460,0.001971249
57236,5.1,99.0,695,0.001691404
57237,5.1,96.0,131,0.008388663
57238,5.1,89.0,875,0.003350297
57240,5.1,93.0,249,0.003942591
57242,5.1,93.0,459,0.004536668
57243,5.1,103.0,745,0.002603064
57244,5.1,95.0,205,0.007865085
57245,5.1,127.0,207,0.001860599
57247,5.1,99.0,271,0.003946824
57248,5.1,113.0,328,0.003367568
57250,5.1,107.0,328,0.009298198
57251,5.1,84.0,361,0.004442718
57252,5.1,133.0,1141,0.001010761
57253,5.1,59.0,608,0.00358944
57257,5.1,187.0,266,0.001199862
57258,5.1,134.0,343,0.002139627
57260,5.1,97.0,259,0.003766033
57262,5.1,186.0,313,0.000782183
57263,5.1,152.0,391,0.00118617
57264,5.1,68.0,340,0.003066805
57265,5.1,21.0,292,0.040704126
57266,5.1,100.0,359,0.001375514
57267,5.1,69.0,336,0.010051255
57268,5.1,72.0,273,0.007757088
57269,5.1,67.0,341,0.006402149
57270,5.1,48.0,229,0.015201815
57277,5.1,208.0,948,0.000319674
57283,5.1,211.0,538,0.00042716
57284,5.1,212.0,484,0.00056022
57286,5.1,124.0,462,0.001019904
57287,5.1,178.0,277,0.001966767
57288,5.1,201.0,312,0.001113824
57289,5.1,210.0,196,0.000913498
57291,5.1,205.0,358,0.000906169
57292,5.1,214.0,199,0.000966919
57333,5.1,176.0,894,0.000203321
57355,5.1,216.0,929,0.000187687
57377,5.1,245.0,280,0.00086325
57534,4.1,138.0,354,0.000756985
57538,4.1,42.0,300,0.001842824
57539,4.1,138.0,330,0.000358567
57541,4.1,33.0,312,0.001770164
57542,4.1,35.0,430,0.002742472
57543,4.1,146.0,555,9.32376e-05
57558,4.1,148.0,403,0.000324508
57559,4.1,105.0,324,0.000546641
57563,4.1,166.0,429,0.000204214
57565,4.1,135.0,366,0.000587896
57573,4.1,102.0,771,0.000481347
57576,4.1,103.0,313,0.0011581
57577,4.1,90.0,827,0.000469409
57578,4.1,91.0,836,0.000608761
57581,4.1,95.0,131,0.001077913
57582,4.1,88.0,875,0.000825732
57587,4.1,102.0,745,0.000583195
57591,4.1,99.0,271,0.000682036
57594,4.1,105.0,328,0.001099997
57595,4.1,83.0,361,0.000417523
57599,4.1,136.0,343,0.000344437
57605,4.1,67.0,340,0.000487245
57609,4.1,73.0,273,0.001375613
57610,4.1,67.0,341,0.001571898
57611,4.1,47.0,229,0.00331907
57615,4.1,189.0,1010,9.19283e-05
57710,5.5,190.0,1113,0.000275844
57711,5.5,269.0,580,0.000237058
57712,5.5,250.0,630,0.000245651
57713,5.5,263.0,986,0.000106876
57714,5.5,310.0,356,0.000413119
57715,5.5,244.0,344,0.000396501
57716,5.5,218.0,873,0.000215594
57717,5.5,185.0,393,0.00037527
57718,5.5,171.0,732,0.000211639
57719,5.5,167.0,278,0.00030574
57720,5.5,192.0,236,0.000699349
57721,5.5,253.0,1010,0.000131486
57722,5.5,205.0,219,0.000989281
57723,5.5,217.0,234,0.001313233
57797,4.7,146.0,307,0.000227568
57804,4.7,48.0,300,0.002557901
57805,4.7,90.0,562,0.000468939
57806,4.7,146.0,330,0.000914775
57807,4.7,97.0,223,0.000612248
57808,4.7,36.0,312,0.001615265
57809,4.7,44.0,430,0.002365428
57810,4.7,155.0,555,0.000362612
57811,4.7,93.0,444,0.000943294
57815,4.7,198.0,348,0.000310125
57817,4.7,164.0,396,0.000259477
57818,4.7,171.0,377,0.000847675
57825,4.7,199.0,570,0.000119292
57828,4.7,155.0,403,0.000414639
57829,4.7,114.0,324,0.000660803
57832,4.7,173.0,429,0.000192465
57848,4.7,215.0,264,0.000125186
57858,4.7,246.0,1747,3.56e-05
57860,4.7,97.0,771,0.0005899
57861,4.7,43.0,558,0.001894824
57862,4.7,90.0,286,0.001513017
57863,4.7,99.0,313,0.001746803
57864,4.7,85.0,827,0.000441264
57865,4.7,93.0,468,0.000864584
57868,4.7,91.0,171,0.000811871
57869,4.7,111.0,460,0.00048794
57872,4.7,83.0,875,0.000524835
57873,4.7,92.0,145,0.001577395
57876,4.7,88.0,459,0.000769186
57878,4.7,91.0,205,0.001002531
57879,4.7,125.0,207,0.000211942
57880,4.7,84.0,271,0.000795181
57882,4.7,105.0,328,0.00064935
57883,4.7,106.0,415,0.000720638
57884,4.7,104.0,328,0.000943279
57885,4.7,82.0,361,0.000436524
57891,4.7,133.0,343,0.000407302
57893,4.7,96.0,259,0.001127188
57895,4.7,184.0,313,0.000162963
57896,4.7,153.0,391,0.00032693
57897,4.7,62.0,340,0.000481905
57903,4.7,42.0,229,0.002011826
57911,4.7,199.0,948,0.000102165
57920,4.7,118.0,462,0.000178548
57926,4.7,221.0,199,0.000189706
57988,4.7,220.0,929,5.84e-05
58279,5.5,194.0,1113,0.000150807
58280,5.5,251.0,285,0.00011643
58281,5.5,270.0,580,0.000174997
58282,5.5,250.0,630,0.000134683
58283,5.5,264.0,986,8.66444e-05
58284,5.5,262.0,337,0.000128769
58285,5.5,269.0,206,0.000243063
58286,5.5,247.0,344,0.000219974
58287,5.5,245.0,549,0.000270353
58288,5.5,265.0,567,0.000179674
58289,5.5,195.0,248,0.000582803
58290,5.5,236.0,324,0.000249203
58291,5.5,220.0,873,0.000147105
58292,5.5,187.0,393,0.000249694
58293,5.5,211.0,372,0.000220852
58294,5.5,171.0,732,0.000136898
58295,5.5,168.0,278,0.000223225
58296,5.5,194.0,236,0.000498165
58297,5.5,255.0,1010,7.87772e-05
58298,5.5,206.0,219,0.00072679
58299,5.5,219.0,234,0.000747915
58300,5.5,230.0,1024,0.000157097
58410,5.8,199.0,1113,0.000888342
58411,5.8,267.0,580,0.000530786
58412,5.8,245.0,630,0.000389437
58413,5.8,293.0,367,0.000282491
58414,5.8,264.0,337,0.000422635
58415,5.8,272.0,206,0.001010602
58416,5.8,249.0,344,0.000645622
58417,5.8,245.0,549,0.00069706
58418,5.8,265.0,567,0.000462196
58419,5.8,197.0,248,0.001910172
58420,5.8,218.0,873,0.000430697
58421,5.8,185.0,393,0.000824103
58422,5.8,167.0,732,0.000357681
58423,5.8,166.0,278,0.0005845
58424,5.8,195.0,236,0.001253851
58425,5.8,226.0,948,0.000249044
58426,5.8,253.0,1010,0.000212821
58427,5.8,203.0,219,0.001754411
58457,4.0,85.0,562,0.000163425
58458,4.0,137.0,330,0.000253543
58459,4.0,31.0,312,0.000947393
58460,4.0,35.0,430,0.001852418
58461,4.0,150.0,403,0.000136634
58464,4.0,42.0,558,0.001263465
58466,4.0,92.0,827,0.000229801
58468,4.0,89.0,875,0.000311461
58469,4.0,98.0,145,0.000869346
58470,4.0,94.0,459,0.000443747
58474,4.0,107.0,328,0.000815464
58475,4.0,85.0,361,0.000323097
58476,4.0,134.0,343,0.000286784
58480,4.0,49.0,229,0.001094896
58689,4.7,121.0,390,0.000639761
58691,4.7,106.0,660,0.000357092
58692,4.7,165.0,469,0.000152736
58693,4.7,113.0,528,0.000454155
58695,4.7,98.0,519,0.001736898
58697,4.7,76.0,907,0.000420688
58698,4.7,59.0,329,0.001326927
58700,4.7,142.0,315,0.000154526
58701,4.7,166.0,567,0.000120785
58702,4.7,128.0,416,0.000692598
58705,4.7,147.0,372,0.000652856
58706,4.7,128.0,444,0.000590344
58708,4.7,212.0,309,0.000108153
58709,4.7,192.0,521,8.56151e-05
58711,4.7,50.0,1380,0.001241715
58712,4.7,126.0,579,0.000187865
58713,4.7,98.0,735,0.000586158
58714,4.7,132.0,654,0.000149297
58716,4.7,228.0,440,0.000131586
58719,4.7,211.0,186,0.000143069
58722,4.7,142.0,376,0.000874057
58729,4.7,98.0,660,0.000323401
58740,4.7,177.0,709,0.000499642
58742,4.7,188.0,340,0.00045121
58745,4.7,208.0,282,0.000147598
58753,4.2,51.0,555,0.000947625
58754,4.2,92.0,660,0.000171972
58755,4.2,120.0,528,6.07317e-05
58756,4.2,101.0,519,0.000310703
58757,4.2,25.0,407,0.004451308
58758,4.2,38.0,907,0.000460318
58759,4.2,82.0,907,4.19865e-05
58761,4.2,65.0,329,0.000162259
58765,4.2,127.0,444,0.000137461
58766,4.2,43.0,1380,0.000712514
58768,4.2,93.0,735,0.00015467
58769,4.2,125.0,654,6.49563e-05
58770,4.2,137.0,376,0.000358183
58776,4.2,80.0,481,0.000419446
58964,4.4,138.0,369,0.000690828
58965,4.4,145.0,307,0.000691541
58966,4.4,138.0,390,0.000315717
58967,4.4,132.0,301,0.000705419
58968,4.4,127.0,354,0.002148188
58969,4.4,157.0,580,0.000280554
58970,4.4,161.0,986,0.000377324
58971,4.4,49.0,300,0.002647392
58973,4.4,148.0,330,0.000977293
58974,4.4,98.0,223,0.001222994
58975,4.4,37.0,312,0.004275239
58976,4.4,46.0,430,0.004492728
58977,4.4,156.0,555,0.000271727
58979,4.4,220.0,929,0.000131535
58980,4.4,169.0,459,0.00035064
58981,4.4,165.0,396,0.000325122
58983,4.4,176.0,488,0.000285506
58984,4.4,193.0,229,0.000589466
58985,4.4,185.0,301,0.000805941
58986,4.4,205.0,410,0.000304289
58987,4.4,141.0,375,0.000673083
58988,4.4,199.0,570,0.000165129
58989,4.4,146.0,304,0.000489165
58990,4.4,157.0,403,0.000720522
58991,4.4,115.0,324,0.001327937
58992,4.4,163.0,683,0.000546025
58994,4.4,175.0,429,0.000594159
58995,4.4,182.0,214,0.001032324
58996,4.4,142.0,366,0.001046443
58997,4.4,184.0,238,0.000437463
58998,4.4,173.0,462,0.000141246
58999,4.4,136.0,345,0.000219213
59000,4.4,232.0,709,0.000427113
59001,4.4,237.0,348,0.000498753
59003,4.4,232.0,639,9.13e-05
59004,4.4,85.0,193,0.001984894
59005,4.4,97.0,771,0.001243571
59006,4.4,44.0,558,0.006630954
59007,4.4,88.0,286,0.004353872
59008,4.4,98.0,313,0.003229546
59010,4.4,92.0,468,0.001513162
59012,4.4,91.0,171,0.001376924
59013,4.4,111.0,460,0.000957905
59014,4.4,92.0,695,0.000775395
59015,4.4,90.0,131,0.002629922
59016,4.4,82.0,875,0.001424758
59017,4.4,91.0,145,0.002323823
59019,4.4,122.0,414,0.000778143
59020,4.4,87.0,459,0.001957931
59022,4.4,91.0,205,0.002151841
59023,4.4,125.0,207,0.000426261
59025,4.4,90.0,271,0.002529385
59026,4.4,104.0,328,0.00166951
59027,4.4,105.0,415,0.001756094
59028,4.4,104.0,328,0.001749847
59029,4.4,82.0,361,0.001248475
59030,4.4,127.0,1141,0.000509503
59031,4.4,62.0,608,0.001144224
59032,4.4,237.0,300,0.000221223
59033,4.4,188.0,266,0.000724136
59034,4.4,132.0,343,0.00087019
59035,4.4,190.0,438,0.000331708
59036,4.4,96.0,259,0.002584445
59037,4.4,152.0,593,0.000469224
59038,4.4,183.0,313,0.000329426
59039,4.4,152.0,391,0.000675103
59040,4.4,61.0,340,0.00095357
59042,4.4,91.0,359,0.000546009
59045,4.4,41.0,229,0.006310422
59046,4.4,180.0,694,0.000102993
59047,4.4,179.0,1010,0.00015526
59049,4.4,117.0,462,0.000347678
59050,4.4,218.0,196,0.000247823
59051,4.4,212.0,382,0.000259331
59092,4.4,192.0,272,0.00058582
59202,4.0,46.0,300,0.0020471
59203,4.0,91.0,562,0.000163754
59204,4.0,141.0,330,0.000259512
59205,4.0,37.0,312,0.001095185
59206,4.0,37.0,430,0.002775243
59207,4.0,86.0,444,0.000477583
59209,4.0,134.0,366,0.000313435
59212,4.0,37.0,558,0.001582711
59213,4.0,96.0,286,0.000685537
59214,4.0,99.0,313,0.000834409
59215,4.0,86.0,827,0.000302679
59216,4.0,93.0,468,0.000423769
59218,4.0,87.0,836,0.000254703
59219,4.0,91.0,171,0.000432407
59220,4.0,91.0,131,0.000890765
59221,4.0,84.0,875,0.00036258
59222,4.0,92.0,145,0.000808008
59223,4.0,88.0,249,0.000469403
59224,4.0,122.0,414,0.000165158
59225,4.0,88.0,459,0.000503523
59226,4.0,98.0,745,0.000358434
59227,4.0,90.0,205,0.000812696
59228,4.0,122.0,207,0.000119807
59229,4.0,85.0,271,0.000467409
59230,4.0,95.0,271,0.000809737
59231,4.0,108.0,328,0.000533118
59233,4.0,101.0,328,0.000661624
59234,4.0,79.0,361,0.000407304
59238,4.0,101.0,259,0.000457575
59239,4.0,63.0,340,0.00030307
59240,4.0,18.0,292,0.002228516
59243,4.0,63.0,341,0.001156548
59246,4.0,43.0,229,0.001413599
59288,4.4,146.0,390,0.000572854
59290,4.4,42.0,300,0.004391233
59291,4.4,86.0,562,0.000801505
59292,4.4,32.0,312,0.005398061
59293,4.4,147.0,555,0.000301075
59294,4.4,89.0,444,0.000935989
59298,4.4,133.0,375,0.000680552
59299,4.4,137.0,304,0.000203741
59300,4.4,151.0,403,0.000285794
59302,4.4,168.0,429,0.000301232
59306,4.4,42.0,558,0.001914053
59307,4.4,97.0,286,0.002448357
59308,4.4,103.0,313,0.000879186
59309,4.4,98.0,468,0.000556614
59313,4.4,88.0,875,0.000670694
59314,4.4,92.0,459,0.000698454
59315,4.4,102.0,745,0.000575398
59316,4.4,95.0,205,0.000736334
59317,4.4,127.0,207,0.000118757
59319,4.4,112.0,328,0.001198707
59321,4.4,106.0,328,0.000605993
59322,4.4,133.0,1141,0.000212095
59325,4.4,97.0,259,0.002111746
59327,4.4,186.0,313,0.000467544
59328,4.4,153.0,391,0.001061223
59329,4.4,67.0,340,0.000441141
59330,4.4,20.0,292,0.012129192
59331,4.4,99.0,359,0.000633406
59332,4.4,69.0,336,0.004514301
59333,4.4,71.0,273,0.003675466
59334,4.4,66.0,341,0.002017998
59335,4.4,47.0,229,0.002897268
59336,4.4,188.0,1010,0.00020504
59759,4.5,105.0,390,0.0009264
59761,4.5,89.0,660,0.000437881
59762,4.5,105.0,519,0.000546043
59763,4.5,30.0,407,0.002830917
59764,4.5,45.0,907,0.000569742
59766,4.5,92.0,907,6.34146e-05
59767,4.5,75.0,329,0.00023101
59770,4.5,114.0,875,0.000345753
59771,4.5,129.0,444,0.000199727
59772,4.5,33.0,1380,0.001493315
59773,4.5,115.0,579,0.000238922
59775,4.5,88.0,735,0.000513711
59776,4.5,116.0,654,0.00011834
59778,4.5,158.0,543,0.000249282
59779,4.5,128.0,376,0.001577974
59782,4.5,42.0,555,0.002448797
60350,4.5,155.0,580,0.000339799
60351,4.5,159.0,986,0.000273912
60352,4.5,50.0,300,0.001739011
60353,4.5,93.0,562,0.000593796
60354,4.5,150.0,330,0.000600826
60355,4.5,99.0,223,0.000954306
60356,4.5,126.0,397,0.000738859
60357,4.5,38.0,312,0.001532823
60358,4.5,47.0,430,0.004448601
60359,4.5,158.0,555,0.000247287
60360,4.5,96.0,444,0.001241832
60361,4.5,157.0,403,0.000905329
60365,4.5,85.0,193,0.002102495
60367,4.5,44.0,558,0.002599023
60368,4.5,87.0,286,0.002583289
60369,4.5,97.0,313,0.003113719
60370,4.5,83.0,827,0.001037664
60371,4.5,90.0,468,0.001321938
60374,4.5,89.0,171,0.001459713
60375,4.5,109.0,460,0.000921992
60378,4.5,81.0,875,0.001369337
60379,4.5,90.0,145,0.003152482
60381,4.5,86.0,459,0.001652353
60382,4.5,95.0,745,0.001481686
60383,4.5,90.0,205,0.00263296
60384,4.5,124.0,207,0.000649697
60386,4.5,88.0,271,0.001625001
60387,4.5,103.0,328,0.001317532
60388,4.5,104.0,415,0.001571101
60389,4.5,103.0,328,0.003031471
60390,4.5,81.0,361,0.0017223
60391,4.5,126.0,1141,0.000685171
60392,4.5,62.0,608,0.000793191
60393,4.5,96.0,259,0.002583269
60394,4.5,153.0,391,0.000414087
60397,4.5,67.0,336,0.002640908
60399,4.5,40.0,229,0.006771218
60400,4.5,116.0,462,0.000310793
60423,5.0,136.0,369,0.000653725
60426,5.0,131.0,301,0.000651658
60429,5.0,188.0,630,0.000172291
60430,5.0,159.0,986,0.000325755
60431,5.0,51.0,300,0.007105397
60433,5.0,150.0,330,0.003470707
60434,5.0,99.0,223,0.00329703
60436,5.0,38.0,312,0.004033441
60437,5.0,47.0,430,0.012108286
60438,5.0,158.0,555,0.001411247
60439,5.0,95.0,444,0.00577092
60440,5.0,201.0,348,0.001161703
60443,5.0,177.0,488,0.001037115
60444,5.0,195.0,229,0.001960017
60445,5.0,187.0,301,0.002240743
60446,5.0,143.0,375,0.002088297
60447,5.0,201.0,570,0.000399803
60448,5.0,148.0,304,0.001939486
60451,5.0,180.0,483,0.0020319
60452,5.0,176.0,429,0.002932984
60453,5.0,143.0,366,0.002973839
60454,5.0,185.0,238,0.001891578
60455,5.0,135.0,345,0.000293082
60456,5.0,149.0,232,0.000645704
60457,5.0,238.0,348,0.000967884
60458,5.0,216.0,264,0.000452498
60462,5.0,44.0,558,0.011152576
60463,5.0,86.0,286,0.003901327
60467,5.0,84.0,836,0.001427712
60468,5.0,89.0,171,0.001778419
60469,5.0,109.0,460,0.001305517
60470,5.0,90.0,695,0.000918214
60472,5.0,89.0,131,0.003633552
60473,5.0,80.0,875,0.001614307
60475,5.0,120.0,414,0.001027406
60476,5.0,86.0,459,0.002736924
60477,5.0,95.0,745,0.002683015
60478,5.0,89.0,205,0.003288423
60479,5.0,124.0,207,0.000918241
60482,5.0,102.0,328,0.001862004
60483,5.0,104.0,415,0.001619337
60484,5.0,103.0,328,0.003516319
60485,5.0,81.0,361,0.002472442
60488,5.0,239.0,300,0.000690059
60489,5.0,133.0,343,0.001425291
60491,5.0,97.0,259,0.003325305
60493,5.0,184.0,313,0.000401006
60494,5.0,153.0,391,0.000959403
60495,5.0,59.0,340,0.001341646
60497,5.0,90.0,359,0.000682098
60498,5.0,68.0,336,0.005061376
60499,5.0,61.0,273,0.003238145
60501,5.0,39.0,229,0.006526233
60506,5.0,221.0,224,0.001397731
60507,5.0,116.0,462,0.000606341
60508,5.0,188.0,277,0.001531308
60509,5.0,211.0,312,0.000864467
60511,5.0,214.0,358,0.000770446
60512,5.0,224.0,199,0.000949016
60513,5.0,236.0,280,0.000584817
60535,5.0,165.0,894,9.77138e-05
60557,5.0,194.0,272,0.001501933
60563,5.0,222.0,929,0.000237173
60564,5.0,227.0,288,0.001530853
60861,4.0,48.0,300,0.000972459
60862,4.0,91.0,562,0.000147177
60863,4.0,124.0,397,0.0002799
60865,4.0,45.0,430,0.001719889
60867,4.0,114.0,324,0.000273752
60869,4.0,44.0,558,0.001867111
60870,4.0,89.0,286,0.001037831
60871,4.0,98.0,313,0.000701612
60874,4.0,83.0,875,0.000413672
60875,4.0,88.0,459,0.000505138
60876,4.0,97.0,745,0.000311414
60877,4.0,91.0,205,0.000780567
60883,4.0,82.0,361,0.000382077
60885,4.0,12.0,292,0.004787785
60887,4.0,42.0,229,0.003322304
61187,4.0,46.0,300,0.000841475
61188,4.0,90.0,562,0.000221376
61189,4.0,122.0,397,0.000192056
61190,4.0,35.0,312,0.000830405
61191,4.0,43.0,430,0.002312411
61192,4.0,102.0,293,0.000318728
61193,4.0,113.0,324,0.000248862
61194,4.0,43.0,558,0.001667356
61195,4.0,100.0,313,0.001315777
61196,4.0,86.0,827,0.000437727
61197,4.0,87.0,836,0.000534811
61198,4.0,92.0,171,0.000378906
61200,4.0,92.0,131,0.000958754
61201,4.0,84.0,875,0.000624599
61203,4.0,89.0,459,0.000652515
61208,4.0,92.0,271,0.00095186
61209,4.0,107.0,328,0.000575317
61210,4.0,107.0,415,0.000438528
61211,4.0,105.0,328,0.00104253
61212,4.0,83.0,361,0.000578836
61216,4.0,96.0,259,0.000390345
61217,4.0,63.0,340,0.000485474
61218,4.0,14.0,292,0.008930003
61221,4.0,65.0,273,0.002134632
61223,4.0,43.0,229,0.004036968
61224,4.0,119.0,462,0.000229386
61486,5.0,182.0,278,0.000114272
61487,5.0,209.0,236,0.000194266
61488,5.0,219.0,219,0.000297689
61489,5.0,233.0,234,0.000307037
61944,4.8,118.0,732,0.000180813
61945,4.8,138.0,278,0.000386556
61946,4.8,198.0,236,0.000282993
62063,4.4,41.0,555,0.000804321
62064,4.4,145.0,469,6.06261e-05
62066,4.4,108.0,519,0.00102556
62067,4.4,31.0,407,0.004247648
62068,4.4,49.0,907,0.001020796
62069,4.4,96.0,907,0.000115686
62070,4.4,78.0,329,0.000323942
62073,4.4,128.0,444,0.000258463
62074,4.4,68.0,481,0.000355607
62075,4.4,31.0,1380,0.000983365
62077,4.4,112.0,654,5.55532e-05
62078,4.4,155.0,543,8.48283e-05
62079,4.4,185.0,709,0.000229924
62122,4.1,116.0,295,0.0001137
62123,4.1,81.0,273,0.000535387
62124,4.1,148.0,303,8.98765e-05
62125,4.1,76.0,311,0.000448063
62126,4.1,28.0,364,0.001754132
62252,5.1,145.0,369,0.001110446
62253,5.1,152.0,307,0.001434859
62255,5.1,141.0,301,0.001309503
62258,5.1,43.0,300,0.009301875
62259,5.1,88.0,562,0.001269521
62260,5.1,139.0,330,0.002324759
62261,5.1,90.0,223,0.003800981
62263,5.1,33.0,312,0.012780239
62264,5.1,37.0,430,0.018543309
62265,5.1,147.0,555,0.000735321
62266,5.1,87.0,444,0.005079959
62269,5.1,160.0,396,0.001128754
62271,5.1,165.0,249,0.002113935
62272,5.1,170.0,488,0.001142364
62273,5.1,170.0,192,0.001612133
62274,5.1,137.0,304,0.001207155
62275,5.1,149.0,403,0.001987313
62276,5.1,106.0,324,0.002480026
62278,5.1,171.0,483,0.000913738
62279,5.1,167.0,429,0.001011586
62280,5.1,173.0,214,0.002355536
62281,5.1,136.0,366,0.002722403
62282,5.1,82.0,193,0.007793436
62283,5.1,101.0,771,0.002135095
62286,5.1,102.0,313,0.007010106
62287,5.1,89.0,827,0.00251586
62288,5.1,97.0,468,0.003387377
62289,5.1,91.0,196,0.003253269
62291,5.1,94.0,171,0.006183759
62292,5.1,114.0,460,0.001600716
62293,5.1,97.0,695,0.001657107
62294,5.1,94.0,131,0.00789217
62295,5.1,87.0,875,0.003122616
62296,5.1,95.0,145,0.012010092
62297,5.1,91.0,249,0.004084985
62298,5.1,125.0,414,0.002556962
62300,5.1,101.0,745,0.002578915
62303,5.1,98.0,271,0.003642247
62304,5.1,111.0,328,0.003674694
62305,5.1,111.0,415,0.00336969
62306,5.1,105.0,328,0.007729555
62307,5.1,82.0,361,0.006834942
62308,5.1,131.0,1141,0.001142192
62309,5.1,58.0,608,0.003499937
62310,5.1,135.0,343,0.001734278
62311,5.1,125.0,304,0.002571926
62312,5.1,154.0,391,0.001407348
62313,5.1,66.0,340,0.002628414
62314,5.1,19.0,292,0.020798145
62315,5.1,100.0,359,0.001031686
62317,5.1,71.0,273,0.005136105
62318,5.1,65.0,341,0.004829159
62319,5.1,46.0,229,0.01459628
62320,5.1,124.0,462,0.000772013
62353,5.1,174.0,894,0.000187235
62820,4.2,146.0,369,0.000427166
62821,4.2,149.0,390,0.000185306
62823,4.2,171.0,986,0.000219359
62824,4.2,42.0,300,0.002072972
62825,4.2,87.0,562,0.000547259
62826,4.2,137.0,330,0.00084707
62827,4.2,114.0,397,0.000624761
62828,4.2,33.0,312,0.001952405
62829,4.2,35.0,430,0.002389198
62830,4.2,145.0,555,0.000275768
62831,4.2,86.0,444,0.001091569
62832,4.2,95.0,293,0.002087442
62833,4.2,115.0,265,0.002140007
62836,4.2,159.0,396,0.000260382
62839,4.2,132.0,375,0.000795713
62840,4.2,193.0,570,0.000140312
62841,4.2,135.0,304,0.00015528
62842,4.2,148.0,403,0.00048314
62845,4.2,152.0,683,0.000351511
62847,4.2,171.0,214,0.000378129
62850,4.2,39.0,558,0.004896759
62851,4.2,99.0,286,0.002151057
62852,4.2,103.0,313,0.001792936
62854,4.2,98.0,468,0.000835011
62856,4.2,95.0,171,0.000704471
62857,4.2,115.0,460,0.000374844
62858,4.2,98.0,695,0.000275966
62859,4.2,95.0,131,0.00147539
62863,4.2,92.0,459,0.000931415
62864,4.2,102.0,745,0.000683421
62867,4.2,99.0,271,0.00189801
62869,4.2,112.0,415,0.000648977
62870,4.2,105.0,328,0.001357857
62871,4.2,82.0,361,0.000632766
62872,4.2,132.0,1141,0.000245694
62874,4.2,136.0,343,0.000755692
62875,4.2,125.0,304,0.000544197
62877,4.2,188.0,313,0.000198938
62880,4.2,102.0,359,0.000242525
62881,4.2,71.0,336,0.003106062
62882,4.2,73.0,273,0.001531297
62884,4.2,47.0,229,0.007946854
62886,4.2,126.0,462,0.000216813
62915,4.2,176.0,894,6.39316e-05
62918,4.2,181.0,272,0.000208027
63298,4.5,130.0,368,0.000302886
63299,4.5,118.0,350,0.000315039
63300,4.5,87.0,584,0.000465581
63301,4.5,66.0,290,0.002783413
63302,4.5,61.0,534,0.001160768
63303,4.5,102.0,607,0.000240859
63304,4.5,88.0,596,0.000674464
63306,4.5,119.0,359,0.000285179
63307,4.5,151.0,206,0.000391853
63308,4.5,192.0,344,0.000222106
63310,4.5,109.0,321,0.000472949
63311,4.5,190.0,280,0.000207454
63312,4.5,107.0,363,0.000452863
63314,4.5,41.0,286,0.008616475
63325,5.8,179.0,295,0.00057738
63326,5.8,304.0,356,0.000218632
63327,5.8,182.0,273,0.000847212
63328,5.8,287.0,581,9.86377e-05
63329,5.8,250.0,303,0.000351757
63330,5.8,254.0,645,0.000184089
63331,5.8,251.0,314,0.000263965
63332,5.8,175.0,311,0.001309976
63333,5.8,85.0,364,0.004287615
63334,5.8,290.0,450,0.000424519
63335,5.8,157.0,216,0.001195802
63336,5.8,305.0,480,5.70488e-05
63414,4.6,51.0,300,0.002771512
63415,4.6,92.0,562,0.000849984
63416,4.6,150.0,330,0.001131631
63417,4.6,100.0,223,0.001702496
63418,4.6,127.0,397,0.001335815
63419,4.6,38.0,312,0.002309766
63420,4.6,48.0,430,0.007293705
63421,4.6,159.0,555,0.00038381
63423,4.6,107.0,293,0.001940419
63426,4.6,143.0,375,0.000663254
63427,4.6,149.0,304,0.000783339
63428,4.6,159.0,403,0.002419917
63433,4.6,46.0,558,0.007565361
63435,4.6,97.0,313,0.002421704
63439,4.6,85.0,836,0.000912562
63440,4.6,90.0,171,0.000754676
63442,4.6,90.0,695,0.000556272
63443,4.6,89.0,131,0.00162536
63444,4.6,81.0,875,0.000861651
63445,4.6,91.0,145,0.001852867
63447,4.6,96.0,745,0.001065198
63448,4.6,125.0,207,0.000419086
63450,4.6,87.0,271,0.000944868
63451,4.6,102.0,328,0.001068015
63452,4.6,104.0,415,0.001027484
63453,4.6,104.0,328,0.001568809
63454,4.6,82.0,361,0.001107938
63455,4.6,126.0,1141,0.000456887
63458,4.6,124.0,304,0.001092755
63459,4.6,152.0,391,0.000481698
63460,4.6,60.0,340,0.000718353
63461,4.6,9.6,292,0.01728317
63464,4.6,59.0,273,0.00183817
63465,4.6,55.0,341,0.003069814
63466,4.6,40.0,229,0.003644611
63467,4.6,114.0,462,0.000376992
63528,6.0,179.0,295,0.000634171
63529,6.0,182.0,273,0.000735006
63530,6.0,250.0,303,0.000385358
63531,6.0,175.0,311,0.001225846
63532,6.0,84.0,364,0.006439123
63533,6.0,161.0,216,0.001342182
63703,5.0,216.0,357,0.000251181
63704,5.0,135.0,369,0.000807883
63705,5.0,142.0,307,0.000809993
63706,5.0,135.0,390,0.000624342
63707,5.0,130.0,301,0.000956672
63708,5.0,154.0,580,0.000407674
63709,5.0,187.0,630,0.000196894
63710,5.0,158.0,986,0.000379123
63711,5.0,164.0,894,0.000122609
63714,5.0,151.0,330,0.003412569
63717,5.0,39.0,312,0.007386898
63718,5.0,48.0,430,0.010277981
63719,5.0,159.0,555,0.001074452
63720,5.0,96.0,444,0.004146285
63721,5.0,107.0,293,0.005875768
63723,5.0,201.0,348,0.001461453
63724,5.0,172.0,459,0.001191811
63725,5.0,168.0,396,0.001143627
63728,5.0,178.0,488,0.00161337
63729,5.0,195.0,229,0.002387031
63730,5.0,188.0,301,0.00379994
63732,5.0,144.0,375,0.001819766
63733,5.0,202.0,570,0.000642771
63735,5.0,149.0,304,0.001628086
63736,5.0,158.0,403,0.005364041
63737,5.0,118.0,324,0.004987055
63738,5.0,166.0,683,0.002182508
63739,5.0,181.0,483,0.001384679
63740,5.0,177.0,429,0.001529589
63741,5.0,184.0,214,0.003028949
63742,5.0,143.0,366,0.003090365
63743,5.0,186.0,238,0.001470598
63745,5.0,171.0,462,0.000307438
63746,5.0,134.0,345,0.000467353
63748,5.0,148.0,232,0.001055105
63749,5.0,214.0,549,0.000147826
63750,5.0,189.0,477,0.000181265
63752,5.0,238.0,348,0.002105027
63753,5.0,249.0,407,0.000314393
63754,5.0,235.0,639,0.000305559
63756,5.0,249.0,1747,0.000173166
63760,5.0,85.0,286,0.005982349
63761,5.0,96.0,313,0.005976196
63763,5.0,89.0,468,0.00218712
63764,5.0,84.0,196,0.002309559
63765,5.0,83.0,836,0.001833595
63766,5.0,88.0,171,0.002118488
63767,5.0,109.0,460,0.001480269
63769,5.0,88.0,131,0.003329366
63770,5.0,80.0,875,0.002149562
63771,5.0,89.0,145,0.003953712
63773,5.0,85.0,459,0.003624977
63776,5.0,123.0,207,0.000651499
63778,5.0,87.0,271,0.003177217
63779,5.0,101.0,328,0.002911847
63780,5.0,103.0,415,0.001921592
63781,5.0,102.0,328,0.003783636
63782,5.0,81.0,361,0.001941671
63783,5.0,125.0,1141,0.000881673
63784,5.0,62.0,608,0.002263012
63785,5.0,132.0,343,0.002900486
63786,5.0,126.0,304,0.00593677
63787,5.0,191.0,438,0.001037755
63788,5.0,153.0,593,0.001290813
63789,5.0,183.0,313,0.000967797
63790,5.0,153.0,391,0.002098317
63791,5.0,59.0,340,0.001686618
63793,5.0,89.0,359,0.001065462
63796,5.0,54.0,341,0.006142901
63799,5.0,177.0,694,0.000126169
63800,5.0,195.0,948,0.000108973
63801,5.0,176.0,1010,0.000216527
63807,5.0,115.0,462,0.001118643
63808,5.0,189.0,277,0.002414441
63809,5.0,211.0,312,0.001282769
63810,5.0,221.0,196,0.000957833
63811,5.0,215.0,382,0.001114291
63812,5.0,225.0,199,0.000985674
63813,5.0,236.0,280,0.000621262
63861,5.0,201.0,1024,0.000115625
63866,5.0,214.0,225,0.001002579
63870,5.0,222.0,929,0.000367276
63871,5.0,228.0,288,0.001681722
63880,5.0,243.0,570,0.000199052
63883,5.0,246.0,397,0.000726964
64148,5.0,221.0,965,0.000201239
64149,5.0,75.0,390,0.004123657
64151,5.0,113.0,469,0.001078441
64154,5.0,131.0,519,0.002310108
64156,5.0,77.0,907,0.00112041
64159,5.0,107.0,329,0.000720203
64160,5.0,47.0,450,0.010467559
64163,5.0,173.0,567,0.000227005
64165,5.0,141.0,416,0.000877401
64166,5.0,106.0,875,0.002671504
64167,5.0,209.0,284,0.000204094
64168,5.0,159.0,955,0.000232637
64169,5.0,195.0,435,0.000231346
64170,5.0,170.0,372,0.000758825
64171,5.0,125.0,444,0.00089592
64172,5.0,186.0,758,0.000640268
64173,5.0,167.0,721,0.001200973
64174,5.0,237.0,720,0.000273589
64175,5.0,246.0,558,0.000188873
64177,5.0,226.0,555,0.000229786
64178,5.0,220.0,309,0.000154807
64179,5.0,218.0,425,9.61627e-05
64180,5.0,220.0,367,0.000165226
64181,5.0,196.0,305,0.00078176
64182,5.0,210.0,637,8.09e-05
64186,5.0,65.0,735,0.00399751
64188,5.0,135.0,315,0.002273748
64189,5.0,143.0,731,0.001096199
64190,5.0,157.0,541,0.001097844
64191,5.0,175.0,484,0.000462096
64192,5.0,198.0,390,0.000420812
64193,5.0,187.0,574,0.000620997
64194,5.0,184.0,545,0.000445001
64195,5.0,181.0,484,0.000429475
64196,5.0,175.0,440,0.000578499
64197,5.0,179.0,561,0.000749843
64198,5.0,177.0,346,0.000725085
64199,5.0,181.0,317,0.001205095
64200,5.0,159.0,186,0.001487818
64201,5.0,202.0,347,0.000312134
64202,5.0,122.0,543,0.001849579
64203,5.0,202.0,709,0.000530741
64204,5.0,240.0,314,0.000231158
64205,5.0,210.0,414,7.97e-05
64208,5.0,197.0,426,0.000211701
64210,5.0,107.0,376,0.004447532
64212,5.0,230.0,463,0.000692044
64230,5.0,155.0,340,0.001126418
64237,5.0,183.0,715,0.000568347
64241,5.0,210.0,428,0.000593158
64260,4.3,64.0,390,0.002711304
64262,4.3,102.0,469,0.000373681
64264,4.3,66.0,407,0.000852467
64265,4.3,90.0,907,0.00013235
64266,4.3,139.0,907,3.97489e-05
64267,4.3,121.0,329,0.000101396
64269,4.3,115.0,875,0.000809864
64270,4.3,135.0,444,0.000278963
64271,4.3,176.0,758,0.000330315
64272,4.3,157.0,721,0.000626571
64273,4.3,189.0,305,0.000300204
64276,4.3,68.0,735,0.001310776
64277,4.3,69.0,654,0.000814912
64278,4.3,128.0,315,0.000769392
64279,4.3,133.0,731,0.000506338
64280,4.3,192.0,246,0.000534987
64281,4.3,147.0,541,0.000566724
64283,4.3,187.0,390,0.00017333
64284,4.3,177.0,574,0.000196198
64285,4.3,174.0,545,0.000191577
64286,4.3,165.0,440,0.000229466
64287,4.3,169.0,561,0.000233905
64288,4.3,170.0,317,0.000421906
64289,4.3,151.0,186,0.00055394
64290,4.3,191.0,347,0.000138707
64291,4.3,112.0,543,0.000871566
64292,4.3,199.0,428,0.000253615
64293,4.3,99.0,376,0.001640672
64303,4.3,88.0,579,0.001326276
64310,4.3,149.0,936,0.000460982
64311,4.3,155.0,340,0.000402315
64313,4.3,172.0,715,0.000198625
64322,4.8,194.0,732,3.08755e-05
64588,4.6,128.0,444,0.000258466
64590,4.6,124.0,654,0.000144725
64591,4.6,231.0,574,8.04e-05
64593,4.6,167.0,543,0.000237171
64604,4.6,183.0,340,0.000192928
65780,4.1,72.0,350,0.000489408
65781,4.1,81.0,285,0.00038622
65782,4.1,72.0,290,0.000300404
65783,4.1,85.0,607,0.000260399
65788,4.1,190.0,473,0.00027432
65944,4.1,101.0,369,0.000349233
65946,4.1,165.0,390,0.000127369
65947,4.1,94.0,580,0.000504391
65948,4.1,47.0,630,0.001051596
65949,4.1,78.0,986,0.001764086
65950,4.1,67.0,894,0.000474577
65952,4.1,137.0,549,0.000104611
65953,4.1,164.0,827,5.14913e-05
65958,4.1,52.0,324,0.001389099
65959,4.1,82.0,873,0.000510032
65962,4.1,38.0,732,0.001174662
65963,4.1,55.0,694,0.001555879
65964,4.1,66.0,278,0.001097459
65965,4.1,127.0,236,0.00030347
65966,4.1,37.0,948,0.006918688
65967,4.1,102.0,1010,0.000305061
65968,4.1,53.0,219,0.002271065
66065,5.2,250.0,965,5.62994e-05
66066,5.2,98.0,390,0.000993337
66067,5.2,76.0,660,0.000531043
66069,5.2,141.0,469,0.000232179
66073,5.2,107.0,519,0.001400928
66074,5.2,48.0,907,0.002064453
66076,5.2,95.0,907,0.000331938
66077,5.2,78.0,329,0.001293266
66080,5.2,154.0,315,0.000185741
66082,5.2,135.0,416,0.000691206
66084,5.2,142.0,955,0.000128473
66085,5.2,158.0,372,0.000363772
66086,5.2,129.0,444,0.000897012
66090,5.2,200.0,521,0.000149156
66098,5.2,224.0,305,0.000252566
66099,5.2,64.0,481,0.001329456
66100,5.2,26.0,1380,0.003055544
66101,5.2,110.0,579,0.00035416
66102,5.2,108.0,654,0.000257558
66104,5.2,230.0,246,0.000364845
66107,5.2,215.0,574,0.000134468
66108,5.2,211.0,715,9.32487e-05
66112,5.2,211.0,280,0.000254388
66114,5.2,188.0,186,0.000254412
66115,5.2,151.0,543,0.000271032
66122,5.2,191.0,804,8.82983e-05
66134,5.2,84.0,735,0.001087637
66137,5.2,96.0,815,0.00046731
66152,5.2,183.0,709,0.000500908
66156,5.2,218.0,309,0.000231505
66954,4.8,100.0,295,0.000517905
66957,4.8,46.0,364,0.004261726
67034,4.8,120.0,946,0.000193086
67036,4.8,92.0,439,0.000944318
67038,4.8,116.0,519,0.000614866
67040,4.8,176.0,521,0.000202828
67041,4.8,148.0,494,0.000361599
67042,4.8,152.0,720,0.001127323
67043,4.8,143.0,558,0.000709038
67044,4.8,161.0,523,0.000970354
67045,4.8,165.0,555,0.000358598
67046,4.8,88.0,221,0.001691928
67048,4.8,91.0,310,0.004656488
67049,4.8,89.0,374,0.003139344
67050,4.8,93.0,455,0.003346733
67051,4.8,100.0,271,0.002488576
67053,4.8,62.0,350,0.007149842
67054,4.8,62.0,404,0.006664083
67056,4.8,64.0,377,0.003045403
67057,4.8,100.0,377,0.001777545
67059,4.8,59.0,460,0.002325848
67060,4.8,119.0,688,0.001449967
67061,4.8,129.0,618,0.002880706
67063,4.8,41.0,210,0.005738781
67064,4.8,77.0,338,0.003906483
67065,4.8,96.0,539,0.002031175
67066,4.8,135.0,445,0.000818313
67067,4.8,110.0,533,0.001192852
67068,4.8,176.0,1007,0.000343425
67069,4.8,156.0,612,0.000410863
67071,4.8,119.0,362,0.000833314
67072,4.8,214.0,574,0.000103403
67073,4.8,182.0,428,0.000470942
67074,4.8,165.0,463,0.001832185
67075,4.8,165.0,430,0.000620429
67077,4.8,131.0,575,0.000156899
67430,5.0,195.0,732,9.42596e-05
67431,5.0,215.0,278,0.000124079
67459,4.8,83.0,364,0.001117572
67498,4.3,92.0,907,0.00051958
67499,4.3,107.0,329,0.000238123
67502,4.3,104.0,284,0.000161881
67505,4.3,73.0,195,0.000764001
67506,4.3,69.0,495,0.000956096
67508,4.3,71.0,303,0.0012697
67509,4.3,167.0,480,5.49076e-05
67510,4.3,124.0,368,0.000141881
67512,4.3,81.0,314,0.000752305
67513,4.3,121.0,518,3.95012e-05
67527,4.3,143.0,280,0.000252085
67763,4.9,198.0,521,0.00030957
67764,4.9,210.0,758,0.000528616
67765,4.9,163.0,720,0.001480451
67766,4.9,154.0,558,0.001442702
67767,4.9,173.0,523,0.001309073
67768,4.9,177.0,555,0.000661746
67769,4.9,101.0,233,0.005731544
67776,4.9,68.0,470,0.002444327
67777,4.9,67.0,350,0.007802289
67778,4.9,66.0,404,0.006196379
67779,4.9,67.0,329,0.005387608
67780,4.9,64.0,447,0.007394349
67782,4.9,68.0,377,0.002979269
67783,4.9,99.0,377,0.002135587
67784,4.9,128.0,374,0.001561696
67785,4.9,74.0,460,0.003352906
67786,4.9,128.0,688,0.002055136
67787,4.9,139.0,618,0.003081001
67789,4.9,85.0,338,0.004805895
67791,4.9,145.0,445,0.001157323
67792,4.9,190.0,1007,0.000298148
67793,4.9,224.0,484,0.000315217
67794,4.9,208.0,390,0.000451122
67795,4.9,228.0,574,0.000283681
67799,4.9,234.0,440,0.000557091
67800,4.9,231.0,561,0.000480219
67801,4.9,227.0,280,0.000901298
67804,4.9,197.0,382,0.000643346
67805,4.9,203.0,347,0.000380474
67806,4.9,194.0,428,0.000999133
67808,4.9,178.0,430,0.00095783
67809,4.9,156.0,350,0.000942624
67810,4.9,134.0,575,0.00018288
67812,4.9,44.0,210,0.006646714
67820,4.4,192.0,521,0.000145289
67821,4.4,159.0,720,0.000769914
67822,4.4,150.0,558,0.000590733
67823,4.4,169.0,523,0.000741149
67824,4.4,97.0,233,0.001243863
67826,4.4,94.0,424,0.002410638
67827,4.4,98.0,310,0.003692256
67828,4.4,97.0,374,0.002472674
67829,4.4,100.0,455,0.002276364
67830,4.4,108.0,271,0.001909358
67831,4.4,65.0,470,0.002020559
67832,4.4,64.0,350,0.006128271
67833,4.4,63.0,404,0.005245684
67834,4.4,64.0,329,0.005191347
67837,4.4,66.0,377,0.00251858
67838,4.4,98.0,377,0.001348035
67839,4.4,123.0,374,0.001589383
67840,4.4,69.0,460,0.002393714
67841,4.4,124.0,688,0.001150332
67842,4.4,135.0,618,0.001007923
67843,4.4,111.0,272,0.00310049
67844,4.4,81.0,338,0.004090157
67845,4.4,101.0,539,0.001887997
67846,4.4,141.0,445,0.000482922
67847,4.4,129.0,485,0.001051143
67848,4.4,187.0,1007,0.000265661
67851,4.4,190.0,428,0.000325479
67852,4.4,174.0,430,0.000436458
67855,4.4,134.0,575,0.000129951
68251,4.6,138.0,813,0.000413423
68253,4.6,191.0,567,0.00032101
68254,4.6,143.0,873,0.000589901
68256,4.6,110.0,393,0.000986954
68258,4.6,96.0,732,0.000743804
68259,4.6,90.0,278,0.002227054
68260,4.6,155.0,948,0.000243823
68261,4.6,128.0,219,0.001078027
68262,4.6,142.0,234,0.000762074
68350,4.6,74.0,344,0.00044697
68351,4.6,44.0,549,0.001771663
68352,4.6,60.0,567,0.001000691
68354,4.6,66.0,248,0.001928819
68355,4.6,53.0,697,0.001568355
68356,4.6,28.0,873,0.013907016
68357,4.6,28.0,393,0.010218748
68359,4.6,79.0,732,0.000994911
68360,4.6,52.0,278,0.002102585
68361,4.6,33.0,236,0.004016375
68362,4.6,55.0,1010,0.002062189
68363,4.6,49.0,219,0.004647545
68364,4.6,18.0,234,0.027528058
68383,4.6,172.0,321,0.000119547
68584,4.3,31.0,955,0.001328998
68585,4.3,43.0,435,0.00367373
68586,4.3,63.0,372,0.000503006
68587,4.3,122.0,444,0.000261948
68588,4.3,91.0,367,0.000199635
68653,4.0,72.0,946,0.000262185
68655,4.0,61.0,521,0.000634572
68656,4.0,54.0,583,0.000368844
68657,4.0,87.0,494,0.000164481
68658,4.0,103.0,965,7.83104e-05
68659,4.0,120.0,758,0.000275505
68660,4.0,63.0,720,0.000747827
68661,4.0,66.0,558,0.000428163
68662,4.0,60.0,523,0.001286871
68663,4.0,61.0,555,0.000567086
68664,4.0,84.0,233,0.000289341
68665,4.0,86.0,221,0.000574954
68666,4.0,87.0,215,0.000693248
68667,4.0,89.0,424,0.000400262
68668,4.0,86.0,310,0.000817777
68669,4.0,86.0,374,0.000278026
68670,4.0,85.0,455,0.000624682
68671,4.0,77.0,271,0.000919088
68672,4.0,126.0,470,0.00023662
68674,4.0,125.0,350,0.000457705
68675,4.0,126.0,404,0.000565536
68677,4.0,130.0,447,0.000267559
68678,4.0,127.0,377,0.000238045
68679,4.0,131.0,377,0.000156064
68681,4.0,105.0,460,0.000303606
68682,4.0,82.0,688,0.000280153
68683,4.0,73.0,618,0.000375328
68684,4.0,91.0,272,0.000615914
68685,4.0,109.0,338,0.000518684
68686,4.0,98.0,539,0.000207484
68687,4.0,72.0,445,0.000287435
68688,4.0,84.0,533,0.00036306
68689,4.0,129.0,612,9.48139e-05
68690,4.0,133.0,305,0.000164415
68691,4.0,119.0,731,0.000277205
68692,4.0,85.0,246,0.000486595
68693,4.0,112.0,541,0.000422986
68695,4.0,71.0,390,0.000418932
68696,4.0,78.0,545,0.000282105
68697,4.0,83.0,561,0.000384213
68698,4.0,80.0,280,0.000418001
68699,4.0,86.0,346,0.000376771
68700,4.0,81.0,317,0.00045407
68701,4.0,67.0,382,0.000525661
68702,4.0,141.0,543,0.000106903
68703,4.0,66.0,428,0.000532065
68704,4.0,118.0,463,0.000402982
68706,4.0,35.0,350,0.001810619
68710,4.0,79.0,715,0.000230788
68770,5.9,247.0,660,0.000511933
68771,5.9,195.0,295,0.001329948
68772,5.9,219.0,350,0.000369813
68773,5.9,52.0,528,0.010251832
68774,5.9,21.0,356,0.045036735
68775,5.9,50.0,463,0.01189858
68776,5.9,147.0,407,0.002346619
68777,5.9,82.0,907,0.004287426
68778,5.9,96.0,329,0.002729785
68779,5.9,177.0,860,0.0007556
68780,5.9,106.0,315,0.003410134
68781,5.9,171.0,567,0.001552452
68782,5.9,51.0,320,0.022066712
68783,5.9,141.0,416,0.003439964
68784,5.9,185.0,875,0.001126722
68785,5.9,110.0,541,0.002900942
68786,5.9,86.0,284,0.007531451
68787,5.9,86.0,955,0.002773602
68788,5.9,72.0,435,0.013865699
68789,5.9,115.0,372,0.004309082
68790,5.9,180.0,444,0.001769229
68791,5.9,71.0,375,0.007252002
68792,5.9,61.0,365,0.010426738
68793,5.9,140.0,316,0.001866379
68794,5.9,69.0,195,0.009138001
68795,5.9,67.0,495,0.005772159
68796,5.9,101.0,375,0.005386763
68797,5.9,187.0,581,0.000583138
68798,5.9,79.0,303,0.010640444
68799,5.9,121.0,368,0.002215883
68800,5.9,198.0,243,0.000613328
68801,5.9,125.0,398,0.001642498
68802,5.9,216.0,425,0.000825522
68803,5.9,155.0,513,0.001121884
68804,5.9,126.0,367,0.004151029
68805,5.9,159.0,521,0.002372604
68806,5.9,217.0,555,0.000648384
68807,5.9,271.0,417,0.00011396
68808,5.9,371.0,305,0.001261523
68809,5.9,375.0,637,0.000147066
68810,5.9,200.0,1380,0.000329914
68811,5.9,241.0,579,0.000402111
68812,5.9,257.0,815,0.000284013
68813,5.9,277.0,654,0.000125328
68814,5.9,325.0,315,0.000669231
68815,5.9,342.0,731,0.000223859
68816,5.9,358.0,541,0.000166403
68817,5.9,376.0,484,0.000166782
68818,5.9,386.0,574,0.000226988
68819,5.9,375.0,440,0.00029246
68820,5.9,379.0,561,0.00034565
68821,5.9,382.0,280,0.000364144
68822,5.9,377.0,346,0.000205992
68823,5.9,380.0,317,0.000491929
68824,5.9,345.0,186,5.91881e-05
68825,5.9,319.0,543,0.000123818
68826,5.9,225.0,709,0.000602448
68827,5.9,92.0,314,0.005647062
68828,5.9,293.0,198,0.001062855
68829,5.9,348.0,1024,0.00015644
68830,5.9,313.0,492,0.000290738
68831,5.9,255.0,282,0.000844189
68832,5.9,315.0,660,0.000429478
68833,5.9,351.0,691,0.000140791
68834,5.9,281.0,340,0.000987186
68835,5.9,364.0,207,0.000360098
68836,5.9,212.0,426,0.00105418
68837,5.9,282.0,978,0.000280045
68838,5.9,191.0,804,0.000594159
68839,5.9,365.0,324,0.000180787
68840,5.9,345.0,417,0.000246939
68841,5.9,338.0,248,0.001059562
68842,5.9,199.0,573,0.000709194
68843,5.9,246.0,364,0.000363653
68844,5.9,107.0,518,0.001852062
68845,5.9,252.0,432,0.000185141
68846,5.9,221.0,437,0.000482294
68847,5.9,287.0,216,0.000517061
68850,5.9,166.0,480,0.001162083
68862,5.9,142.0,280,0.004276438
68877,5.9,203.0,555,0.000824365
68911,4.6,52.0,463,0.002542147
68912,4.6,88.0,907,0.000477766
68913,4.6,55.0,320,0.001399098
68914,4.6,91.0,284,0.000323064
68915,4.6,78.0,435,0.000989196
68916,4.6,75.0,375,0.001441156
68917,4.6,62.0,365,0.001115376
68920,4.6,83.0,303,0.003141351
68932,4.7,56.0,528,0.001541633
68934,4.7,52.0,463,0.005962049
68935,4.7,89.0,907,0.000656452
68936,4.7,55.0,320,0.00246912
68937,4.7,92.0,284,0.000471684
68938,4.7,78.0,435,0.001225771
68939,4.7,74.0,375,0.002796648
68940,4.7,61.0,365,0.003584243
68941,4.7,69.0,495,0.001640327
68942,4.7,104.0,375,0.000975692
68944,4.7,124.0,368,0.00040374
68945,4.7,94.0,314,0.003625008
68956,4.7,145.0,280,0.000586544
68957,5.5,252.0,660,0.000300577
68958,5.5,220.0,350,0.000365487
68959,5.5,55.0,528,0.00916152
68960,5.5,21.0,356,0.068856581
68961,5.5,50.0,463,0.014121174
68962,5.5,161.0,273,0.002788428
68963,5.5,86.0,907,0.003498858
68964,5.5,158.0,450,0.000958729
68965,5.5,182.0,860,0.000414175
68966,5.5,110.0,315,0.001711765
68967,5.5,176.0,567,0.000850552
68968,5.5,52.0,320,0.017543885
68969,5.5,145.0,416,0.002117162
68970,5.5,191.0,875,0.000767961
68971,5.5,89.0,284,0.004011038
68972,5.5,90.0,955,0.001635166
68973,5.5,75.0,435,0.008548864
68974,5.5,120.0,372,0.002055136
68975,5.5,185.0,444,0.001452915
68976,5.5,72.0,375,0.00818838
68977,5.5,61.0,365,0.00777444
68978,5.5,70.0,195,0.011905575
68979,5.5,67.0,495,0.006615691
68980,5.5,101.0,375,0.003609314
68981,5.5,79.0,303,0.011206177
68982,5.5,122.0,368,0.001618306
68983,5.5,126.0,398,0.001991521
68984,5.5,197.0,309,0.000792885
68985,5.5,129.0,367,0.00302308
68986,5.5,163.0,521,0.001158761
68987,5.5,376.0,305,0.000437436
68988,5.5,246.0,579,0.000169784
68989,5.5,262.0,815,0.000116876
68990,5.5,282.0,654,6.02672e-05
68991,5.5,330.0,315,0.00028612
68992,5.5,347.0,731,7.47094e-05
68993,5.5,363.0,541,7.56834e-05
68994,5.5,381.0,484,8.6333e-05
68995,5.5,380.0,440,0.000113161
68996,5.5,384.0,561,0.000147895
68997,5.5,382.0,346,9.56511e-05
68998,5.5,385.0,317,0.000238175
68999,5.5,351.0,186,0.000116603
69000,5.5,324.0,543,9.27031e-05
69001,5.5,227.0,709,0.000665688
69002,5.5,91.0,314,0.012225709
69003,5.5,296.0,198,0.000530445
69004,5.5,352.0,1024,6.58775e-05
69005,5.5,317.0,492,0.000116298
69006,5.5,260.0,282,0.000501992
69007,5.5,320.0,660,0.000208755
69008,5.5,356.0,691,6.14839e-05
69009,5.5,369.0,207,0.000214218
69010,5.5,217.0,426,0.000417436
69011,5.5,286.0,978,0.000129975
69012,5.5,195.0,804,0.000293292
69013,5.5,370.0,324,8.37057e-05
69014,5.5,349.0,417,9.34418e-05
69015,5.5,343.0,248,0.000493103
69016,5.5,293.0,376,0.000280672
69017,5.5,246.0,364,0.000221699
69018,5.5,108.0,518,0.001128428
69019,5.5,221.0,437,0.00028331
69020,5.5,287.0,216,0.000247003
69024,5.5,220.0,735,0.000502901
69036,5.5,142.0,280,0.002977955
69077,5.5,387.0,715,5.7543e-05
69094,4.3,30.0,356,0.005347948
69095,4.3,54.0,463,0.003382503
69096,4.3,84.0,907,0.000333369
69097,4.3,53.0,320,0.001503603
69098,4.3,89.0,284,0.000231827
69100,4.3,89.0,303,0.001182514
69102,4.3,97.0,314,0.001606574
69113,4.1,45.0,390,0.007095892
69114,4.1,30.0,660,0.000952433
69118,4.1,191.0,720,0.000263968
69119,4.1,197.0,558,0.000160142
69120,4.1,185.0,523,0.000368095
69121,4.1,183.0,555,0.000200669
69122,4.1,77.0,1380,0.000396865
69124,4.1,110.0,815,0.000354981
69126,4.1,94.0,654,0.000371804
69127,4.1,125.0,731,0.001139158
69128,4.1,122.0,541,0.001700977
69131,4.1,163.0,574,0.000292592
69132,4.1,160.0,545,0.000424943
69133,4.1,157.0,484,0.000378249
69134,4.1,150.0,440,0.000626589
69136,4.1,155.0,280,0.00127606
69137,4.1,149.0,346,0.000687209
69140,4.1,166.0,347,0.000521895
69141,4.1,120.0,543,0.000851466
69142,4.1,171.0,428,0.000379669
69143,4.1,182.0,709,0.000139552
69186,4.2,77.0,362,0.000497895
69189,4.2,59.0,335,0.00049403
69190,4.2,27.0,1076,0.001183189
69191,4.2,64.0,299,0.000324344
69193,4.2,45.0,393,0.000997995
69197,4.2,62.0,257,0.000688884
69210,5.4,51.0,364,0.004688786
69228,5.2,234.0,226,0.000842661
69232,5.2,109.0,369,0.00283305
69233,5.2,118.0,390,0.002559181
69234,5.2,108.0,301,0.003618728
69235,5.2,100.0,354,0.007899075
69236,5.2,100.0,371,0.005158499
69237,5.2,159.0,630,0.000591875
69238,5.2,131.0,986,0.001831611
69239,5.2,136.0,894,0.000520371
69240,5.2,73.0,300,0.011001138
69241,5.2,113.0,562,0.004138239
69242,5.2,171.0,330,0.002860576
69244,5.2,147.0,397,0.002047359
69245,5.2,59.0,312,0.010411362
69246,5.2,66.0,430,0.006679026
69247,5.2,179.0,555,0.001398957
69248,5.2,105.0,444,0.004803195
69249,5.2,129.0,293,0.006876774
69250,5.2,239.0,929,0.000604352
69257,5.2,147.0,265,0.008784446
69258,5.2,198.0,314,0.001676671
69259,5.2,222.0,348,0.002269861
69260,5.2,189.0,396,0.001904475
69262,5.2,198.0,488,0.001660368
69263,5.2,216.0,229,0.00414376
69266,5.2,165.0,375,0.001969642
69267,5.2,222.0,570,0.000589199
69268,5.2,192.0,192,0.001841618
69270,5.2,165.0,403,0.001159419
69271,5.2,134.0,324,0.003029645
69272,5.2,205.0,286,0.001776541
69273,5.2,184.0,683,0.001282575
69276,5.2,198.0,214,0.002011589
69279,5.2,153.0,356,0.001016133
69284,5.2,132.0,232,0.003261178
69287,5.2,193.0,549,0.000837624
69288,5.2,170.0,567,0.001257589
69291,5.2,251.0,709,0.00041627
69293,5.2,250.0,348,0.002430196
69304,5.2,270.0,1747,0.000282985
69308,5.2,60.0,286,0.008950613
69310,5.2,59.0,827,0.003833034
69311,5.2,67.0,468,0.005316546
69314,5.2,88.0,460,0.00411064
69315,5.2,66.0,695,0.002741849
69316,5.2,66.0,298,0.007742017
69317,5.2,67.0,131,0.00715687
69319,5.2,69.0,145,0.00819356
69320,5.2,62.0,249,0.007322753
69323,5.2,71.0,205,0.007250909
69325,5.2,59.0,271,0.005586022
69326,5.2,75.0,328,0.005507196
69327,5.2,79.0,415,0.004167339
69328,5.2,69.0,361,0.006503237
69330,5.2,64.0,608,0.003404516
69331,5.2,287.0,317,0.000479166
69332,5.2,263.0,701,0.000317598
69337,5.2,278.0,181,0.002178992
69347,5.2,138.0,343,0.003450922
69349,5.2,201.0,438,0.001451989
69350,5.2,167.0,593,0.001557641
69351,5.2,186.0,313,0.001319452
69352,5.2,161.0,391,0.002385703
69353,5.2,38.0,340,0.005530123
69354,5.2,13.0,292,0.063144802
69359,5.2,18.0,229,0.077058624
69361,5.2,160.0,324,0.001033399
69363,5.2,183.0,873,0.000415236
69367,5.2,226.0,732,0.000193063
69371,5.2,152.0,1010,0.000824601
69372,5.2,190.0,219,0.001915136
69373,5.2,189.0,234,0.004024666
69380,5.2,106.0,462,0.002856974
69382,5.2,232.0,312,0.001534747
69385,5.2,236.0,358,0.001278131
69386,5.2,245.0,199,0.001794726
69454,5.2,264.0,570,0.00028189
69459,5.2,266.0,397,0.000695738
69467,5.2,276.0,280,0.000654955
69550,4.8,138.0,732,9.97426e-05
69552,4.8,181.0,219,0.000254848
69553,5.5,226.0,198,0.000678547
69554,5.5,215.0,920,0.000319028
69555,5.5,135.0,1113,0.002806238
69556,5.5,205.0,350,0.00174848
69557,5.5,220.0,584,0.000597272
69558,5.5,174.0,299,0.004401974
69559,5.5,113.0,813,0.002018758
69560,5.5,214.0,596,0.000404716
69561,5.5,132.0,271,0.004656139
69562,5.5,147.0,390,0.001116417
69563,5.5,135.0,301,0.001397032
69564,5.5,131.0,354,0.002004405
69565,5.5,128.0,371,0.003047102
69566,5.5,101.0,580,0.014166542
69567,5.5,111.0,630,0.003439149
69568,5.5,101.0,986,0.013998118
69569,5.5,120.0,894,0.003071962
69570,5.5,207.0,294,0.000205631
69571,5.5,224.0,694,0.000343792
69572,5.5,152.0,367,0.001453736
69573,5.5,122.0,337,0.00235914
69574,5.5,189.0,359,0.000681121
69575,5.5,144.0,206,0.002783041
69576,5.5,145.0,356,0.001339611
69577,5.5,177.0,395,0.000525178
69578,5.5,139.0,462,0.001503409
69579,5.5,106.0,344,0.007422095
69580,5.5,149.0,232,0.001695059
69581,5.5,151.0,805,0.000684997
69582,5.5,127.0,303,0.002969008
69583,5.5,82.0,549,0.004644098
69584,5.5,97.0,567,0.00364338
69585,5.5,121.0,477,0.00261083
69586,5.5,213.0,771,0.001895498
69587,5.5,169.0,286,0.001879826
69588,5.5,216.0,313,0.008051353
69589,5.5,209.0,827,0.00167009
69590,5.5,211.0,468,0.003659247
69591,5.5,216.0,196,0.0065782
69592,5.5,218.0,836,0.002835651
69593,5.5,219.0,460,0.002880387
69594,5.5,206.0,695,0.00256258
69595,5.5,217.0,131,0.010937361
69596,5.5,216.0,875,0.001496723
69597,5.5,220.0,145,0.004679799
69598,5.5,212.0,249,0.003322968
69599,5.5,221.0,414,0.002061494
69600,5.5,222.0,459,0.002992504
69601,5.5,209.0,745,0.002804176
69602,5.5,235.0,205,0.004086092
69603,5.5,213.0,271,0.00529153
69604,5.5,175.0,271,0.002809276
69605,5.5,178.0,328,0.008818505
69606,5.5,197.0,415,0.004624718
69607,5.5,257.0,361,0.000980688
69608,5.5,205.0,1141,0.003659115
69609,5.5,224.0,340,0.002285884
69610,5.5,184.0,359,0.000439193
69611,5.5,197.0,273,0.001211067
69612,5.5,205.0,341,0.004854918
69613,5.5,232.0,229,0.002103653
69614,5.5,77.0,248,0.017913089
69615,5.5,77.0,324,0.018439533
69616,5.5,70.0,697,0.010287422
69617,5.5,47.0,873,0.030433785
69618,5.5,77.0,747,0.003782717
69619,5.5,14.0,393,0.031348615
69620,5.5,49.0,372,0.057466036
69621,5.5,45.0,732,0.01537819
69622,5.5,13.0,278,0.03980921
69623,5.5,49.0,236,0.066024067
69624,5.5,80.0,948,0.014486829
69625,5.5,82.0,1010,0.008621933
69626,5.5,42.0,219,0.024229828
69627,5.5,47.0,234,0.029070825
69628,5.5,200.0,462,0.000584841
69646,4.6,129.0,371,0.000445321
69647,4.6,101.0,580,0.002141718
69648,4.6,112.0,630,0.000734452
69649,4.6,101.0,986,0.001181784
69650,4.6,121.0,894,0.000960729
69651,4.6,126.0,337,0.000530573
69652,4.6,109.0,344,0.000838257
69653,4.6,85.0,549,0.001129889
69654,4.6,99.0,567,0.001274773
69655,4.6,58.0,1024,0.005853197
69656,4.6,82.0,248,0.006219421
69657,4.6,77.0,324,0.003861196
69658,4.6,71.0,697,0.002618531
69659,4.6,48.0,873,0.012394527
69660,4.6,78.0,747,0.001461263
69662,4.6,52.0,372,0.012301272
69663,4.6,47.0,732,0.003018436
69665,4.6,53.0,236,0.012755796
69666,4.6,80.0,948,0.004872546
69667,4.6,83.0,1010,0.003259314
69668,4.6,42.0,219,0.010738098
69669,4.6,48.0,234,0.023927659
69747,3.9,139.0,403,0.000200699
69753,4.4,92.0,469,0.000258471
69755,4.4,149.0,907,3.61832e-05
69756,4.4,131.0,329,4.45481e-05
69757,4.4,71.0,450,0.000403311
69759,4.4,122.0,875,0.000266434
69760,4.4,142.0,444,0.000129699
69761,4.4,27.0,1380,0.002359566
69762,4.4,89.0,579,0.000220789
69763,4.4,55.0,815,0.00192709
69764,4.4,61.0,654,0.00088769
69765,4.4,123.0,731,0.000231807
69767,4.4,155.0,440,9.29499e-05
69769,4.4,103.0,543,0.000428511
69773,4.4,54.0,390,0.002524791
69827,4.3,77.0,369,0.001078703
69829,4.3,123.0,630,0.000181127
69830,4.3,136.0,986,0.000269511
69831,4.3,109.0,894,0.000191885
69832,4.3,139.0,430,0.000778414
69833,4.3,79.0,193,0.009204926
69835,4.3,99.0,558,0.001737176
69838,4.3,40.0,468,0.00251164
69839,4.3,42.0,836,0.001020127
69842,4.3,38.0,131,0.002282143
69843,4.3,35.0,145,0.005767566
69847,4.3,29.0,532,0.007291784
69849,4.3,86.0,271,0.000826836
69850,4.3,63.0,328,0.002009705
69851,4.3,41.0,415,0.00353813
69852,4.3,32.0,328,0.018393145
69853,4.3,52.0,361,0.001872836
69854,4.3,24.0,1141,0.002956314
69855,4.3,65.0,340,0.000961056
69856,4.3,85.0,229,0.001218695
70013,3.9,119.0,403,0.00019127
70050,5.6,45.0,660,0.002039358
70051,5.6,101.0,469,0.00073144
70052,5.6,168.0,528,0.001790417
70053,5.6,61.0,407,0.007024408
70054,5.6,131.0,907,0.001066405
70055,5.6,114.0,329,0.002223195
70056,5.6,53.0,450,0.019288175
70057,5.6,62.0,860,0.004103743
70058,5.6,185.0,567,0.000617091
70059,5.6,117.0,875,0.003086301
70060,5.6,182.0,372,0.001060427
70061,5.6,136.0,444,0.002761186
70062,5.6,232.0,309,0.000513729
70063,5.6,230.0,425,0.000424655
70064,5.6,265.0,533,0.000408483
70065,5.6,10.0,1380,0.09359662
70066,5.6,93.0,579,0.001372601
70067,5.6,64.0,815,0.001414539
70068,5.6,71.0,654,0.000632229
70069,5.6,133.0,731,0.000738969
70070,5.6,194.0,246,0.00099678
70071,5.6,145.0,541,0.00171645
70072,5.6,163.0,484,0.000621764
70073,5.6,186.0,390,0.000409286
70074,5.6,167.0,346,0.000667831
70075,5.6,113.0,543,0.000777466
70076,5.6,198.0,428,0.000609298
70077,5.6,221.0,414,0.000384447
70078,5.6,202.0,804,0.000348402
70079,5.6,141.0,936,0.002340501
70083,5.6,61.0,390,0.004057004
70099,5.6,199.0,709,0.001345504
70107,4.4,53.0,660,0.000386089
70109,4.4,51.0,450,0.000584276
70111,4.4,117.0,875,0.000190561
70113,4.4,80.0,654,0.000130213
70120,4.5,51.0,660,0.000577616
70123,4.5,53.0,450,0.001181444
70125,4.5,118.0,875,0.000587674
70127,4.5,96.0,579,0.001197173
70128,4.5,70.0,815,0.001122228
70129,4.5,78.0,654,0.000260037
70134,4.5,121.0,543,0.000354406
70162,4.9,189.0,709,0.000416464
70163,4.9,119.0,314,0.000535134
70250,4.0,43.0,660,0.000254057
70251,4.0,102.0,469,0.000136044
70252,4.0,139.0,907,2.16473e-05
70253,4.0,61.0,450,0.000267828
70258,4.0,15.0,1380,0.001306138
70260,4.0,67.0,815,0.000577692
70261,4.0,72.0,654,0.000172169
70262,4.0,133.0,731,0.000146291
70264,4.0,114.0,543,0.000164705
70265,4.0,91.0,376,0.000424584
70309,4.8,101.0,469,0.000419113
70312,4.8,69.0,860,0.001326201
70313,4.8,124.0,875,0.000291839
70314,4.8,193.0,305,0.000385979
70316,4.8,16.0,1380,0.001925233
70318,4.8,65.0,815,0.001787526
70319,4.8,71.0,654,0.00041762
70320,4.8,132.0,731,0.000369154
70321,4.8,145.0,541,0.000802829
70324,4.8,164.0,440,0.000279055
70327,4.8,170.0,317,0.000449874
70328,4.8,190.0,347,0.00013899
70329,4.8,113.0,543,0.000418334
70330,4.8,197.0,428,0.000309133
70366,4.1,55.0,330,0.001603932
70369,4.1,147.0,430,0.000602362
70371,4.1,137.0,444,0.000965033
70372,4.1,107.0,293,0.000990712
70374,4.1,142.0,396,0.000529574
70375,4.1,149.0,448,0.000355492
70376,4.1,145.0,377,0.000541187
70377,4.1,150.0,488,0.000425769
70379,4.1,96.0,375,0.001254399
70380,4.1,105.0,192,0.001230025
70381,4.1,52.0,304,0.002306824
70382,4.1,85.0,324,0.002287654
70383,4.1,69.0,286,0.002642206
70384,4.1,103.0,483,0.000734615
70385,4.1,105.0,429,0.000719044
70386,4.1,71.0,214,0.002098641
70387,4.1,148.0,366,0.001770194
70388,4.1,105.0,238,0.00111672
70391,4.1,149.0,1236,0.000595732
70392,4.1,140.0,595,0.000489616
70393,4.1,83.0,639,0.000366999
70394,4.1,137.0,323,0.000795506
70395,4.1,137.0,452,0.000378733
70396,4.1,120.0,283,0.003606851
70397,4.1,118.0,500,0.000703095
70398,4.1,75.0,317,0.001061928
70399,4.1,141.0,515,0.000553021
70400,4.1,54.0,224,0.001068525
70401,4.1,59.0,313,0.000459513
70402,4.1,35.0,538,0.005260919
70403,4.1,33.0,484,0.014588118
70404,4.1,121.0,277,0.001055785
70405,4.1,141.0,312,0.000810093
70407,4.1,22.0,225,0.009770429
70409,4.1,54.0,397,0.00095446
70410,4.1,64.0,280,0.001164622
70413,4.1,87.0,284,0.001299465
70415,4.1,90.0,333,0.00377091
70417,4.1,103.0,316,0.001416872
70419,4.1,108.0,321,0.000814186
70422,4.1,124.0,420,0.000420156
70429,4.1,139.0,349,0.000915665
70468,4.1,67.0,528,0.00018841
70470,4.1,40.0,463,0.003076398
70472,4.1,103.0,907,9.00555e-05
70474,4.1,67.0,375,0.000750757
70477,4.1,90.0,375,0.000687742
70478,4.1,57.0,303,0.003438939
70481,4.1,75.0,314,0.000670613
70520,4.7,106.0,356,0.000823827
70521,4.7,86.0,463,0.000969867
70524,4.7,77.0,303,0.001559892
70525,4.7,189.0,709,0.000641415
70526,4.7,42.0,314,0.003926523
70550,4.2,108.0,356,0.000228589
70552,4.2,79.0,303,0.000468461
70554,4.2,69.0,311,0.000643427
70579,4.1,113.0,660,4.69426e-05
70581,4.1,109.0,469,4.457e-05
70582,4.1,98.0,407,0.000190169
70583,4.1,112.0,450,5.03364e-05
70587,4.1,73.0,875,0.000521768
70588,4.1,93.0,444,0.000145138
70591,4.1,90.0,1380,4.83655e-05
70594,4.1,70.0,654,0.000147282
70597,4.1,100.0,543,0.000224689
70598,4.1,134.0,282,0.000111544
70600,4.1,74.0,528,0.0006114
70601,4.1,155.0,376,5.66795e-05
70605,4.1,83.0,340,0.000348754
70615,4.2,111.0,660,0.000407174
70616,4.2,109.0,469,0.000256462
70621,4.2,73.0,875,0.001176238
70625,4.2,149.0,637,6.3127e-05
70627,4.2,88.0,1380,0.000183098
70629,4.2,42.0,815,0.003799454
70634,4.2,166.0,574,0.000136493
70641,4.2,74.0,528,0.001439358
70642,4.2,154.0,376,0.000206939
70646,4.2,85.0,340,0.001234915
70668,5.2,155.0,946,0.000317329
70671,5.2,159.0,519,0.000429133
70673,5.2,128.0,521,0.000728498
70675,5.2,122.0,494,0.000915832
70678,5.2,113.0,291,0.001018161
70682,5.2,247.0,597,0.000120644
70691,5.2,262.0,272,0.000232499
70695,5.2,257.0,533,0.000102651
70698,5.2,104.0,612,0.001438014
70701,5.2,133.0,499,0.000480665
70702,5.2,115.0,384,0.002196896
70703,5.2,126.0,460,0.000508122
70704,5.2,119.0,280,0.000840259
70707,5.2,213.0,246,0.001278867
70712,5.2,93.0,366,0.00033167
70716,5.2,193.0,426,0.000300221
70731,5.2,237.0,373,0.000759921
70734,5.2,259.0,361,0.000163364
70737,4.1,131.0,521,0.000172071
70740,4.1,107.0,612,0.000248444
70741,4.1,117.0,384,0.000656528
70743,4.1,95.0,366,0.000173057
70762,4.4,137.0,521,0.000323441
70763,4.4,134.0,494,0.000326888
70764,4.4,102.0,291,0.000195187
70765,4.4,119.0,612,0.000399478
70766,4.4,131.0,499,0.000132364
70767,4.4,117.0,384,0.000952038
70768,4.4,115.0,460,0.000176525
70769,4.4,112.0,280,0.000163852
70772,4.4,27.0,214,0.002899679
70779,4.2,53.0,555,0.000188123
70780,4.2,81.0,595,0.00193689
70781,4.2,77.0,323,0.003499337
70782,4.2,46.0,247,0.006761386
70785,4.2,87.0,317,0.000137083
70786,4.2,21.0,224,0.001097951
70788,4.2,49.0,538,0.000156002
70791,4.2,65.0,420,0.002393945
70874,4.0,132.0,521,9.51161e-05
70875,4.0,35.0,214,0.001989768
70892,4.6,116.0,894,0.000126572
70893,4.6,145.0,873,0.000354573
70894,4.6,82.0,732,0.000169403
70895,4.6,113.0,278,0.000482571
70921,5.3,227.0,894,5.45495e-05
70922,5.3,172.0,732,0.000135246
70923,5.3,196.0,278,0.000192973
70924,5.3,260.0,236,0.000317555
70925,5.3,270.0,1010,9.35555e-05
70926,5.3,214.0,219,0.000422147
70927,5.3,250.0,234,0.0005148
70954,4.0,92.0,907,6.70911e-05
70957,4.0,117.0,303,0.000308226
70958,4.0,85.0,373,0.000646983
70959,4.0,95.0,314,0.000698818
70992,7.0,281.0,198,0.005611938
70993,7.0,294.0,357,0.002149432
70994,7.0,321.0,245,0.00132023
70995,7.0,299.0,1113,0.001453522
70996,7.0,330.0,299,0.001866288
70997,7.0,278.0,813,0.001684896
70998,7.0,341.0,596,0.000716619
70999,7.0,28.0,369,0.168289568
71000,7.0,41.0,307,0.059174857
71001,7.0,158.0,390,0.006489928
71002,7.0,133.0,301,0.009043349
71003,7.0,97.0,371,0.011466866
71004,7.0,101.0,580,0.013783482
71005,7.0,55.0,630,0.036357293
71006,7.0,84.0,986,0.01907624
71007,7.0,47.0,894,0.028883101
71008,7.0,150.0,387,0.013515058
71009,7.0,282.0,321,0.007896272
71010,7.0,192.0,300,0.00762364
71011,7.0,234.0,562,0.002541667
71012,7.0,184.0,223,0.010438998
71013,7.0,250.0,397,0.004394548
71014,7.0,180.0,312,0.014282304
71015,7.0,172.0,430,0.011375192
71016,7.0,208.0,662,0.007940562
71017,7.0,285.0,555,0.002554677
71018,7.0,173.0,444,0.01201496
71019,7.0,288.0,294,0.000648215
71020,7.0,324.0,694,0.000449162
71021,7.0,257.0,367,0.001725182
71022,7.0,239.0,337,0.001906567
71023,7.0,284.0,359,0.002599193
71024,7.0,269.0,206,0.003854575
71025,7.0,265.0,265,0.006735775
71026,7.0,319.0,314,0.001254938
71027,7.0,313.0,459,0.002847456
71028,7.0,309.0,396,0.003368612
71029,7.0,310.0,448,0.004655715
71030,7.0,316.0,377,0.006137514
71031,7.0,314.0,249,0.008612254
71032,7.0,329.0,301,0.003418169
71033,7.0,282.0,375,0.004130437
71034,7.0,241.0,192,0.015818131
71035,7.0,257.0,304,0.007414463
71036,7.0,201.0,403,0.007958205
71037,7.0,224.0,324,0.011917061
71038,7.0,273.0,286,0.007905131
71039,7.0,244.0,483,0.008865648
71040,7.0,238.0,429,0.007775569
71041,7.0,267.0,214,0.01460715
71042,7.0,181.0,366,0.013011176
71043,7.0,246.0,238,0.009987763
71044,7.0,190.0,356,0.005647998
71045,7.0,239.0,395,0.001155349
71046,7.0,188.0,462,0.004785071
71047,7.0,166.0,345,0.009277336
71048,7.0,228.0,344,0.00348241
71049,7.0,173.0,232,0.010400175
71050,7.0,202.0,805,0.00347813
71051,7.0,217.0,303,0.005127822
71052,7.0,184.0,549,0.007004738
71053,7.0,173.0,567,0.005123582
71054,7.0,190.0,477,0.001570452
71055,7.0,308.0,315,0.005792472
71056,7.0,317.0,445,0.000743586
71057,7.0,126.0,193,0.056131766
71058,7.0,53.0,771,0.046642174
71059,7.0,134.0,558,0.015351733
71060,7.0,61.0,827,0.035765861
71061,7.0,55.0,468,0.061074997
71062,7.0,62.0,196,0.107126703
71063,7.0,63.0,836,0.044731837
71064,7.0,48.0,460,0.048979084
71065,7.0,54.0,695,0.036729524
71066,7.0,60.0,131,0.13640437
71067,7.0,65.0,875,0.047378777
71068,7.0,61.0,145,0.099096155
71069,7.0,60.0,249,0.077632854
71070,7.0,42.0,414,0.072966804
71071,7.0,64.0,459,0.066028825
71072,7.0,72.0,205,0.082070751
71073,7.0,74.0,207,0.066639265
71074,7.0,38.0,532,0.148572762
71075,7.0,39.0,415,0.063274011
71076,7.0,79.0,328,0.083633287
71077,7.0,28.0,1141,0.06698906
71078,7.0,132.0,608,0.008419664
71079,7.0,312.0,266,0.005703881
71080,7.0,244.0,343,0.004137812
71081,7.0,254.0,304,0.009679708
71082,7.0,312.0,438,0.001944405
71083,7.0,219.0,259,0.006416772
71084,7.0,283.0,313,0.002787637
71085,7.0,271.0,391,0.003358228
71086,7.0,85.0,340,0.03934715
71087,7.0,133.0,292,0.025656836
71088,7.0,145.0,359,0.010226736
71089,7.0,192.0,336,0.016547939
71090,7.0,120.0,273,0.024599936
71091,7.0,92.0,341,0.028201947
71092,7.0,104.0,229,0.034985757
71093,7.0,233.0,248,0.007292187
71094,7.0,92.0,324,0.026756791
71095,7.0,117.0,697,0.006140788
71096,7.0,140.0,873,0.004246557
71097,7.0,95.0,747,0.009193245
71098,7.0,157.0,393,0.00416329
71099,7.0,137.0,732,0.003182522
71100,7.0,77.0,694,0.025761835
71101,7.0,157.0,278,0.002726699
71102,7.0,200.0,236,0.006726309
71103,7.0,85.0,948,0.015423465
71104,7.0,131.0,1010,0.005236401
71105,7.0,125.0,219,0.016320163
71106,7.0,249.0,599,0.001782208
71107,7.0,151.0,234,0.017685216
71108,7.0,229.0,286,0.003499545
71109,7.0,185.0,462,0.004802115
71110,7.0,329.0,277,0.002737088
71111,7.0,320.0,488,0.002027921
71153,7.0,326.0,333,0.003569024
71377,4.8,66.0,630,0.007653605
71378,4.8,95.0,986,0.00185648
71383,4.8,71.0,131,0.005322291
71388,4.8,92.0,207,0.001937445
71390,4.8,90.0,328,0.003155526
71396,4.8,51.0,307,0.005457844
71397,4.8,53.0,415,0.002552556
71401,4.8,58.0,894,0.002691531
71474,5.2,32.0,369,0.009717509
71475,5.2,44.0,307,0.005133555
71476,5.2,59.0,630,0.002066561
71477,5.2,88.0,986,0.001844689
71478,5.2,51.0,894,0.003038147
71479,5.2,64.0,771,0.00365295
71480,5.2,72.0,827,0.002153187
71481,5.2,73.0,196,0.006343172
71482,5.2,74.0,836,0.002767962
71483,5.2,65.0,695,0.002454609
71484,5.2,69.0,298,0.006950659
71485,5.2,70.0,131,0.007499695
71486,5.2,76.0,875,0.001966265
71488,5.2,71.0,249,0.00621711
71489,5.2,53.0,414,0.009491481
71490,5.2,75.0,459,0.005966997
71491,5.2,62.0,745,0.005226114
71492,5.2,82.0,205,0.006071957
71493,5.2,92.0,207,0.003843036
71494,5.2,65.0,532,0.007180752
71495,5.2,50.0,415,0.003597846
71496,5.2,90.0,328,0.007056311
71498,5.2,96.0,340,0.002760409
71499,5.2,102.0,341,0.002443627
71501,5.2,99.0,747,0.001023139
71502,5.2,82.0,694,0.001381986
72249,5.0,48.0,307,0.003605882
72250,5.0,65.0,630,0.001921791
72251,5.0,93.0,986,0.001186053
72252,5.0,57.0,894,0.001998139
72253,5.0,61.0,313,0.013782444
72254,5.0,71.0,827,0.001741914
72255,5.0,64.0,468,0.005055188
72257,5.0,72.0,836,0.003158174
72258,5.0,63.0,695,0.001772864
72260,5.0,74.0,875,0.002747494
72261,5.0,68.0,145,0.007459364
72262,5.0,69.0,249,0.005626739
72264,5.0,72.0,459,0.007461744
72265,5.0,60.0,745,0.006112394
72266,5.0,78.0,205,0.003729526
72267,5.0,88.0,207,0.002066321
72269,5.0,49.0,415,0.002941356
72270,5.0,86.0,328,0.004423749
72271,5.0,34.0,1141,0.004232625
72272,5.0,94.0,340,0.001826674
72275,5.0,105.0,747,0.000591125
72276,5.0,87.0,694,0.001064566
72277,5.0,95.0,948,0.000855294
72545,4.8,47.0,307,0.001361169
72546,4.8,61.0,630,0.000670131
72547,4.8,90.0,986,0.000533066
72548,4.8,53.0,894,0.000570697
72549,4.8,68.0,771,0.000685109
72550,4.8,68.0,313,0.002564865
72551,4.8,76.0,827,0.000582278
72553,4.8,77.0,196,0.00114222
72554,4.8,78.0,836,0.000516563
72555,4.8,69.0,695,0.00049382
72556,4.8,73.0,298,0.001130732
72557,4.8,74.0,131,0.001657585
72558,4.8,80.0,875,0.000572089
72559,4.8,75.0,145,0.001942345
72560,4.8,58.0,414,0.001316887
72561,4.8,79.0,459,0.00103644
72562,4.8,66.0,745,0.001165915
72563,4.8,86.0,205,0.000977275
72564,4.8,97.0,207,0.000759173
72566,4.8,55.0,415,0.000778777
72567,4.8,95.0,328,0.00183089
72568,4.8,43.0,1141,0.001539623
72569,4.8,100.0,340,0.000432499
72570,4.8,107.0,341,0.000631512
72571,4.8,119.0,229,0.000701134
72572,4.8,100.0,747,0.000258729
72573,4.8,84.0,694,0.000423797
73063,4.1,39.0,307,0.001661827
73065,4.1,100.0,580,0.000225956
73066,4.1,61.0,630,0.000990018
73067,4.1,83.0,986,0.000767932
73068,4.1,49.0,894,0.000594423
73071,4.1,140.0,558,0.000255588
73073,4.1,61.0,468,0.001220166
73074,4.1,67.0,196,0.001837073
73075,4.1,69.0,836,0.001132601
73078,4.1,66.0,131,0.001799327
73079,4.1,71.0,875,0.000711692
73080,4.1,67.0,145,0.001973113
73082,4.1,54.0,414,0.001986294
73083,4.1,70.0,459,0.002296894
73085,4.1,79.0,205,0.001563867
73087,4.1,45.0,415,0.001070307
73088,4.1,90.0,328,0.001304143
73089,4.1,38.0,1141,0.001719795
73090,4.1,90.0,340,0.000527536
73095,4.1,144.0,732,6.67125e-05
73096,4.1,80.0,694,0.000475656
73097,4.1,90.0,948,0.000698191
73098,4.1,131.0,1010,0.000133672
73099,4.1,128.0,219,0.000330616
73133,4.5,143.0,558,0.000561007
73135,4.5,69.0,827,0.002920772
73136,4.5,64.0,468,0.003889036
73137,4.5,71.0,196,0.005568694
73138,4.5,73.0,836,0.001931118
73139,4.5,63.0,695,0.002846519
73141,4.5,69.0,131,0.003608317
73142,4.5,74.0,875,0.002159766
73143,4.5,70.0,145,0.003541737
73144,4.5,56.0,414,0.0067292
73146,4.5,60.0,745,0.003809221
73147,4.5,82.0,205,0.002776458
73148,4.5,96.0,207,0.001067725
73149,4.5,48.0,415,0.003159909
73150,4.5,93.0,328,0.002123103
73153,4.5,93.0,340,0.001732867
73155,4.5,99.0,341,0.002689956
73157,4.5,141.0,873,0.000248488
73158,4.5,100.0,747,0.000373053
73159,4.5,79.0,694,0.001599576
73160,4.5,88.0,948,0.001075734
73161,4.5,131.0,1010,0.000364818
73162,4.5,127.0,219,0.000833128
73297,4.6,46.0,660,0.003535464
73300,4.6,96.0,469,0.000939428
73302,4.6,72.0,407,0.000734719
73303,4.6,96.0,907,0.000218895
73306,4.6,120.0,875,0.000850464
73307,4.6,139.0,444,0.000354998
73308,4.6,169.0,758,0.001199396
73309,4.6,186.0,305,0.000783453
73310,4.6,23.0,1380,0.004229929
73311,4.6,89.0,579,0.001222665
73312,4.6,57.0,815,0.005887149
73314,4.6,123.0,315,0.002099158
73315,4.6,127.0,731,0.001044727
73316,4.6,187.0,246,0.00116973
73317,4.6,140.0,541,0.003121864
73318,4.6,158.0,484,0.000926463
73319,4.6,181.0,390,0.00052579
73320,4.6,171.0,574,0.000503594
73321,4.6,166.0,715,0.000630542
73322,4.6,168.0,545,0.000566044
73323,4.6,165.0,484,0.000554205
73324,4.6,159.0,440,0.000627889
73326,4.6,166.0,280,0.001362626
73328,4.6,164.0,317,0.001252307
73330,4.6,185.0,347,0.000524384
73331,4.6,107.0,543,0.001491967
73332,4.6,193.0,428,0.000758616
73334,4.6,94.0,376,0.00570144
73338,4.6,58.0,390,0.008435272
73403,5.0,73.0,273,0.003993597
73404,5.0,150.0,303,0.001563959
73479,5.4,277.0,368,0.000293938
73481,5.4,191.0,507,0.000929553
73483,5.4,133.0,350,0.005724109
73485,5.4,117.0,534,0.005574299
73486,5.4,159.0,299,0.008311493
73488,5.4,148.0,596,0.001706094
73491,5.4,233.0,367,0.001551533
73492,5.4,244.0,337,0.001254685
73493,5.4,222.0,359,0.001355159
73494,5.4,213.0,206,0.002228564
73495,5.4,253.0,344,0.001747341
73496,5.4,272.0,303,0.001796092
73498,5.4,254.0,367,0.001350156
73502,5.4,151.0,490,0.005272422
73503,5.4,85.0,855,0.007429013
73504,5.4,254.0,363,0.000394648
73505,5.4,149.0,406,0.002477953
73508,5.4,236.0,599,0.001518749
73509,5.4,108.0,402,0.005952393
73511,5.4,123.0,408,0.003220108
73512,5.4,153.0,457,0.005002859
73513,5.4,173.0,679,0.002460889
73631,4.7,100.0,295,0.000421204
73633,4.7,162.0,303,0.000116509
73635,4.7,87.0,311,0.0007416
73636,4.7,26.0,293,0.002789738
73712,4.1,42.0,907,0.000446701
73714,4.1,67.0,329,0.000172668
73717,4.1,108.0,875,0.00015308
73718,4.1,122.0,444,0.000132314
73720,4.1,44.0,1380,0.000186408
73726,5.6,256.0,965,0.000130948
73727,5.6,112.0,390,0.003217449
73728,5.6,51.0,555,0.009755125
73729,5.6,90.0,660,0.001727749
73730,5.6,117.0,528,0.001148474
73731,5.6,175.0,356,0.000664568
73732,5.6,265.0,273,0.001093844
73733,5.6,107.0,519,0.008641629
73734,5.6,41.0,907,0.014637259
73735,5.6,81.0,907,0.001193204
73736,5.6,63.0,329,0.004751311
73737,5.6,11.0,450,0.335467124
73738,5.6,47.0,860,0.008652423
73739,5.6,134.0,315,0.000559537
73740,5.6,154.0,567,0.00063079
73741,5.6,116.0,416,0.002249836
73742,5.6,101.0,875,0.002426126
73743,5.6,172.0,284,0.000360769
73744,5.6,122.0,955,0.000464505
73745,5.6,156.0,435,0.000648064
73746,5.6,138.0,372,0.001306569
73747,5.6,114.0,444,0.00183183
73748,5.6,227.0,495,0.000178469
73749,5.6,233.0,303,0.000268682
73750,5.6,193.0,373,0.000393808
73751,5.6,224.0,758,0.000716085
73752,5.6,269.0,523,0.000331181
73753,5.6,265.0,555,0.000264205
73754,5.6,200.0,309,0.000505489
73755,5.6,204.0,425,0.000351773
73756,5.6,211.0,513,9.6854e-05
73757,5.6,175.0,594,0.000274403
73758,5.6,187.0,367,0.000393371
73759,5.6,181.0,521,0.000426193
73760,5.6,228.0,305,0.000712857
73761,5.6,71.0,481,0.003396133
73762,5.6,108.0,579,0.000806806
73763,5.6,102.0,815,0.001073941
73764,5.6,118.0,654,0.000567365
73766,5.6,182.0,731,0.000631816
73767,5.6,237.0,246,0.000933978
73768,5.6,197.0,541,0.000871078
73769,5.6,215.0,484,0.000424476
73770,5.6,237.0,390,0.000304665
73771,5.6,226.0,574,0.000435988
73772,5.6,222.0,715,0.000372406
73773,5.6,223.0,545,0.000447455
73774,5.6,221.0,484,0.000359204
73775,5.6,215.0,440,0.000606634
73776,5.6,219.0,561,0.000607932
73777,5.6,220.0,317,0.001034373
73778,5.6,194.0,186,0.000809154
73779,5.6,246.0,382,0.000421896
73780,5.6,242.0,347,0.000193349
73781,5.6,160.0,543,0.000858988
73782,5.6,249.0,428,0.000715907
73783,5.6,199.0,314,0.001280656
73784,5.6,202.0,414,0.000258227
73785,5.6,194.0,282,0.000678121
73786,5.6,228.0,660,0.000435288
73787,5.6,265.0,691,0.000100807
73788,5.6,129.0,528,0.00138379
73789,5.6,185.0,426,0.000566981
73790,5.6,232.0,978,0.000150261
73791,5.6,174.0,804,0.000250727
73792,5.6,259.0,377,0.000172324
73793,5.6,148.0,936,0.003912781
73794,5.6,136.0,376,0.006829911
73795,5.6,182.0,450,0.00244378
73796,5.6,267.0,463,0.000717106
73797,5.6,94.0,660,0.002131591
73798,5.6,40.0,1380,0.006430546
73822,5.6,208.0,518,0.000115003
73836,4.0,86.0,344,0.000370399
73837,4.0,88.0,549,0.000255648
73838,4.0,93.0,1024,0.000320536
73840,4.0,59.0,372,0.001778452
73841,4.0,102.0,732,0.000155161
73842,4.0,71.0,278,0.000353407
73843,4.0,97.0,219,0.00049234
73844,4.0,56.0,599,0.003089774
73845,4.0,80.0,234,0.001020898
73846,4.0,88.0,873,0.000448345
73848,4.0,117.0,1010,0.000274934
73858,4.2,74.0,369,0.001358069
73859,4.2,85.0,307,0.00089977
73861,4.2,127.0,986,0.000321358
73862,4.2,87.0,894,0.000279716
73864,4.2,88.0,313,0.004446295
73865,4.2,102.0,827,0.001314427
73866,4.2,94.0,468,0.003600451
73867,4.2,77.0,460,0.002981805
73868,4.2,95.0,145,0.002635078
73869,4.2,99.0,459,0.002217275
73870,4.2,89.0,745,0.004986242
73871,4.2,101.0,205,0.004892518
73872,4.2,95.0,207,0.002075645
73875,4.2,92.0,328,0.002352137
73876,4.2,81.0,415,0.003324251
73877,4.2,102.0,328,0.003688587
73878,4.2,124.0,340,0.001612564
73881,4.2,120.0,948,0.000164975
73884,4.2,87.0,630,0.000380003
73885,4.2,89.0,771,0.002932395
73886,4.2,94.0,695,0.001210976
73887,4.2,96.0,131,0.005423239
73888,4.2,99.0,196,0.004092634
73889,4.2,100.0,836,0.001535868
73891,4.2,103.0,875,0.001188264
74041,4.0,112.0,403,0.000304068
74042,4.0,134.0,286,0.000385587
74043,4.0,109.0,483,0.000486384
74044,4.0,110.0,429,0.000512325
74046,4.0,126.0,366,0.000611314
74047,4.0,105.0,238,0.000475843
74050,4.0,150.0,709,0.000165813
74051,4.0,134.0,333,0.000469196
74052,4.0,86.0,1005,0.000634825
74053,4.5,184.0,363,0.000459059
74054,4.5,166.0,415,0.000335922
74055,4.5,120.0,340,0.000779358
74057,4.5,121.0,291,0.000923424
74059,4.5,51.0,265,0.00328362
74063,4.5,16.0,473,0.018088243
74065,4.5,59.0,257,0.001974838
74067,4.5,126.0,445,0.000724578
74069,4.5,130.0,362,0.000573033
74070,4.5,136.0,338,0.000533348
74071,4.5,161.0,229,0.000224198
74075,4.5,67.0,885,0.000766848
74076,4.5,89.0,1076,0.000298626
74080,4.5,162.0,255,0.000640545
74081,4.5,148.0,193,0.000300364
74089,4.5,124.0,362,0.000523844
74090,4.5,134.0,299,0.00022674
74093,4.5,122.0,460,0.001014536
74098,4.5,130.0,906,0.000819482
74099,4.5,185.0,361,0.000300755
74108,4.5,142.0,530,0.00011413
74109,4.5,122.0,393,0.000682656
74180,4.1,81.0,507,0.000189092
74183,4.1,125.0,299,0.00016436
74184,4.1,90.0,813,0.000127367
74185,4.1,108.0,390,0.000154881
74186,4.1,112.0,301,0.000162605
74187,4.1,111.0,580,0.000227505
74189,4.1,68.0,367,0.000463854
74190,4.1,39.0,337,0.001361537
74191,4.1,105.0,359,0.000161089
74192,4.1,86.0,356,0.000319667
74195,4.1,81.0,462,0.000593856
74196,4.1,114.0,345,0.000192911
74197,4.1,23.0,344,0.003816832
74200,4.1,50.0,303,0.00139524
74201,4.1,28.0,549,0.001846533
74202,4.1,50.0,567,0.000534303
74203,4.1,59.0,477,0.000892224
74207,4.1,46.0,248,0.00225685
74208,4.1,120.0,324,0.000172637
74209,4.1,91.0,697,0.000126932
74210,4.1,72.0,873,0.000455679
74213,4.1,37.0,372,0.002415701
74214,4.1,130.0,732,0.000156948
74215,4.1,101.0,278,0.000251505
74216,4.1,39.0,236,0.002418211
74217,4.1,134.0,948,0.000108773
74218,4.1,79.0,1010,0.000267549
74219,4.1,99.0,219,0.00056914
74220,4.1,49.0,599,0.001059404
74221,4.1,60.0,234,0.000739839
74222,4.1,153.0,462,0.000115393
74269,4.9,46.0,369,0.004014103
74270,4.9,58.0,307,0.002039966
74272,4.9,115.0,371,0.000363753
74273,4.9,119.0,580,0.000341948
74274,4.9,102.0,986,0.00080247
74275,4.9,65.0,894,0.000993219
74278,4.9,161.0,387,0.000298726
74279,4.9,187.0,430,0.000370099
74280,4.9,185.0,345,0.000200633
74282,4.9,147.0,558,0.000440613
74283,4.9,66.0,313,0.006016751
74284,4.9,77.0,827,0.001533456
74286,4.9,77.0,836,0.001563011
74287,4.9,58.0,460,0.001722662
74288,4.9,70.0,695,0.001990268
74289,4.9,80.0,875,0.001882477
74290,4.9,74.0,145,0.00479523
74291,4.9,75.0,249,0.005469481
74292,4.9,78.0,459,0.002973959
74294,4.9,82.0,205,0.004123817
74295,4.9,89.0,207,0.001931974
74296,4.9,59.0,532,0.005102934
74298,4.9,63.0,328,0.005806764
74299,4.9,56.0,415,0.006085195
74300,4.9,89.0,328,0.003002324
74305,4.9,100.0,340,0.001353591
74306,4.9,165.0,359,0.000250558
74307,4.9,180.0,629,0.000521385
74308,4.9,120.0,229,0.001997615
74309,4.9,111.0,324,0.000704057
74310,4.9,111.0,747,0.000289845
74311,4.9,96.0,694,0.000517492
74312,4.9,103.0,948,0.000531786
74404,4.3,130.0,732,6.27401e-05
74415,5.0,133.0,709,0.00105671
74418,5.0,168.0,936,0.000852489
74419,5.0,266.0,376,0.000642396
74420,5.0,189.0,450,0.001352182
74424,4.0,145.0,430,8.80227e-05
74425,4.0,99.0,444,0.000793409
74429,4.0,93.0,403,0.000733266
74431,4.0,137.0,483,0.000230793
74432,4.0,132.0,429,0.000258513
74433,4.0,77.0,366,0.002789731
74438,4.0,115.0,558,9.13863e-05
74439,4.0,105.0,313,0.000142766
74440,4.0,53.0,207,0.000353656
74441,4.0,78.0,532,0.000535242
74442,4.0,69.0,328,0.000327011
74447,5.0,59.0,387,0.009342546
74448,5.0,217.0,321,0.000712938
74452,5.0,179.0,397,0.000576025
74453,5.0,137.0,430,0.000837586
74454,5.0,165.0,662,0.001550716
74455,5.0,211.0,555,0.00041302
74456,5.0,91.0,444,0.005707382
74465,5.0,87.0,403,0.005644719
74466,5.0,141.0,324,0.002185118
74467,5.0,164.0,286,0.001290085
74468,5.0,131.0,483,0.001951287
74469,5.0,126.0,429,0.001965545
74470,5.0,70.0,366,0.008593399
74471,5.0,132.0,238,0.003030406
74477,5.0,104.0,771,0.000542404
74478,5.0,107.0,558,0.000729207
74479,5.0,101.0,313,0.001864364
74482,5.0,104.0,836,0.000849261
74483,5.0,94.0,460,0.000919682
74486,5.0,108.0,875,0.00117081
74489,5.0,91.0,414,0.001236369
74491,5.0,108.0,745,0.001077504
74492,5.0,85.0,205,0.003881423
74493,5.0,50.0,207,0.002146931
74494,5.0,77.0,532,0.003947611
74499,5.0,64.0,328,0.00261076
74500,5.0,106.0,1141,0.000986979
74501,5.0,89.0,608,0.001129482
74504,5.0,185.0,629,0.000484444
74505,5.0,219.0,288,0.000991749
74508,5.0,93.0,1005,0.002395442
74514,4.8,97.0,444,0.005681528
74538,4.8,102.0,459,0.00127735
74542,4.8,76.0,532,0.003828501
74551,4.8,71.0,387,0.006012623
74552,4.8,191.0,397,0.000350637
74553,4.8,150.0,430,0.000596276
74555,4.8,104.0,444,0.003962942
74561,4.8,98.0,403,0.001846576
74563,4.8,141.0,483,0.000667844
74564,4.8,136.0,429,0.00087893
74565,4.8,81.0,366,0.00416142
74566,4.8,142.0,238,0.001194962
74572,4.8,119.0,558,0.000903556
74573,4.8,107.0,313,0.001884121
74575,4.8,116.0,875,0.000963907
74576,4.8,107.0,459,0.001185398
74577,4.8,114.0,745,0.000887498
74578,4.8,93.0,205,0.003614876
74579,4.8,54.0,207,0.001836846
74580,4.8,77.0,532,0.00243525
74583,4.8,71.0,328,0.003606542
74584,4.8,109.0,1141,0.000690223
74585,4.8,102.0,608,0.000867638
74593,5.2,63.0,387,0.012926052
74596,5.2,228.0,562,0.00012397
74597,5.2,183.0,397,0.000850224
74599,5.2,169.0,662,0.00199201
74600,5.2,215.0,555,0.000553583
74601,5.2,95.0,444,0.006182354
74602,5.2,206.0,293,0.001691753
74610,5.2,133.0,192,0.004585685
74611,5.2,92.0,403,0.005626324
74612,5.2,146.0,324,0.002777215
74613,5.2,169.0,286,0.001822548
74614,5.2,135.0,483,0.002765621
74615,5.2,130.0,429,0.002493435
74616,5.2,75.0,366,0.017870928
74626,5.2,110.0,558,0.001600926
74627,5.2,100.0,313,0.002461309
74629,5.2,108.0,468,0.001038091
74630,5.2,104.0,836,0.001216002
74631,5.2,93.0,460,0.00148717
74632,5.2,113.0,695,0.000634941
74633,5.2,102.0,131,0.004166707
74634,5.2,108.0,875,0.001128532
74635,5.2,110.0,249,0.002002015
74636,5.2,89.0,414,0.001803287
74637,5.2,99.0,459,0.002142006
74639,5.2,85.0,205,0.004801842
74640,5.2,48.0,207,0.003705685
74641,5.2,74.0,532,0.003033123
74643,5.2,139.0,328,0.001242861
74644,5.2,117.0,415,0.001200224
74645,5.2,64.0,328,0.004290597
74646,5.2,104.0,1141,0.000781622
74649,5.2,116.0,340,0.000951624
74650,5.2,188.0,629,0.000499796
74652,5.2,224.0,288,0.001690708
74653,5.2,213.0,272,0.001424633
74655,5.2,97.0,1005,0.003289263
74674,4.8,72.0,387,0.004686443
74679,4.8,97.0,403,0.004172089
74680,4.8,135.0,429,0.001255756
74681,4.8,81.0,366,0.005241862
74687,4.8,73.0,328,0.001236924
74709,4.8,163.0,369,0.000231452
74712,4.8,64.0,387,0.007941985
74714,4.8,106.0,223,0.00228524
74715,4.8,184.0,397,0.000316611
74716,4.8,143.0,430,0.000536627
74717,4.8,171.0,662,0.000838811
74718,4.8,97.0,444,0.002885419
74724,4.8,132.0,192,0.002241858
74725,4.8,91.0,403,0.003789982
74726,4.8,146.0,324,0.001239163
74728,4.8,134.0,483,0.001418332
74729,4.8,129.0,429,0.001376933
74730,4.8,162.0,214,0.001084076
74731,4.8,74.0,366,0.007261329
74732,4.8,135.0,238,0.001666593
74738,4.8,109.0,771,0.000407821
74739,4.8,113.0,558,0.000431608
74740,4.8,106.0,313,0.001237948
74741,4.8,120.0,827,0.000393053
74743,4.8,110.0,836,0.000523244
74744,4.8,99.0,460,0.000635146
74746,4.8,111.0,298,0.001352658
74747,4.8,108.0,131,0.001811528
74748,4.8,114.0,875,0.000602212
74749,4.8,104.0,145,0.001835018
74750,4.8,95.0,414,0.000742352
74751,4.8,105.0,459,0.000802227
74752,4.8,113.0,745,0.000644349
74753,4.8,91.0,205,0.002333815
74754,4.8,80.0,532,0.002095368
74756,4.8,116.0,271,0.000525252
74757,4.8,145.0,328,0.000516201
74758,4.8,122.0,415,0.000745867
74759,4.8,69.0,328,0.00178751
74760,4.8,110.0,1141,0.000574241
74761,4.8,96.0,608,0.000617198
74763,4.8,121.0,340,0.000347475
74764,4.8,191.0,629,0.000229499
74767,4.8,95.0,1005,0.001707298
74770,4.5,184.0,521,0.000461637
74771,4.5,145.0,583,0.000848188
74772,4.5,97.0,965,0.001346925
74773,4.5,149.0,372,0.000603079
74774,4.5,171.0,284,0.000296514
74775,4.5,184.0,373,0.000410646
74781,4.5,68.0,408,0.001826422
74782,4.5,81.0,305,0.00372946
74783,4.5,95.0,499,0.001420086
74784,4.5,52.0,637,0.002027805
74785,4.5,128.0,384,0.001437167
74789,4.5,167.0,579,0.000188762
74790,4.5,188.0,815,0.000128115
74794,4.5,142.0,315,0.001448817
74795,4.5,186.0,731,0.000218471
74796,4.5,127.0,246,0.002466977
74798,4.5,183.0,574,0.000201373
74800,4.5,184.0,545,0.000283042
74802,4.5,186.0,714,0.000344189
74804,4.5,191.0,280,0.000491974
74805,4.5,187.0,317,0.000558592
74806,4.5,123.0,186,0.002488755
74807,4.5,175.0,543,0.000380975
74808,4.5,125.0,366,0.000623108
74810,4.5,169.0,282,0.00049911
74811,4.5,107.0,660,0.000584634
74813,4.5,62.0,1072,0.001346734
74815,4.5,95.0,691,0.000763077
74816,4.5,115.0,340,0.002326471
74817,4.5,180.0,528,0.001007351
74818,4.5,41.0,207,0.007639886
74819,4.5,176.0,978,0.000256059
74823,4.5,141.0,324,0.000810263
74826,4.5,181.0,417,0.000107895
74827,4.5,141.0,313,0.000554737
74828,4.5,157.0,248,0.00117815
74832,4.5,132.0,906,0.000502359
74833,4.5,116.0,361,0.001021394
74839,4.5,193.0,426,0.000219806
74840,4.5,170.0,942,0.000338772
74869,4.0,68.0,387,0.000624837
74870,4.0,101.0,444,0.000485137
74874,4.0,97.0,403,0.001017179
74875,4.0,151.0,324,0.00021135
74876,4.0,140.0,483,0.000268842
74877,4.0,135.0,429,0.000299797
74884,4.0,103.0,313,0.000256104
74885,4.0,106.0,131,0.000357209
74886,4.0,112.0,875,0.000103887
74887,4.0,102.0,145,0.000291175
74888,4.0,91.0,414,0.00020782
74891,4.0,51.0,207,0.000377727
74893,4.0,68.0,328,0.000448385
74894,4.0,106.0,1141,0.000115781
74896,4.0,101.0,1005,0.000446
74898,4.4,145.0,583,0.000425216
74899,4.4,96.0,965,0.000596251
74900,4.4,150.0,372,0.000428769
74902,4.4,68.0,408,0.000578228
74903,4.4,80.0,305,0.001791634
74904,4.4,95.0,499,0.000697055
74905,4.4,51.0,637,0.001208187
74906,4.4,128.0,384,0.000771307
74910,4.4,126.0,246,0.000953997
74911,4.4,122.0,186,0.001421706
74912,4.4,106.0,660,0.000249859
74914,4.4,61.0,1072,0.00063562
74916,4.4,95.0,691,0.000319436
74917,4.4,114.0,340,0.000934384
74918,4.4,40.0,207,0.004504749
74925,4.4,134.0,906,0.00022525
74932,4.2,75.0,369,0.001689257
74933,4.2,86.0,307,0.001046267
74934,4.2,87.0,630,0.000383542
74935,4.2,87.0,894,0.000364045
74937,4.2,91.0,771,0.001507862
74938,4.2,90.0,313,0.002607533
74939,4.2,103.0,827,0.000733402
74940,4.2,79.0,460,0.001481529
74941,4.2,96.0,695,0.000800844
74943,4.2,105.0,875,0.00081746
74944,4.2,97.0,145,0.001441995
74946,4.2,70.0,414,0.002562322
74947,4.2,101.0,459,0.001268225
74948,4.2,91.0,745,0.003006244
74950,4.2,97.0,207,0.001118963
74954,4.2,83.0,415,0.001938036
74955,4.2,104.0,328,0.001859389
74956,4.2,61.0,1141,0.00156617
74959,4.2,126.0,340,0.000887866
74963,4.4,97.0,226,0.002109772
74965,4.4,121.0,357,0.000484424
74968,4.4,95.0,245,0.000677603
74973,4.4,169.0,291,0.000191415
74978,4.4,165.0,215,0.000611999
74981,4.4,163.0,348,0.003268678
74982,4.4,187.0,264,0.000384824
74983,4.4,110.0,482,0.001302951
74984,4.4,124.0,407,0.000912107
74997,4.4,112.0,280,0.001565018
75000,4.4,131.0,406,0.000141723
75001,4.4,103.0,286,0.000925446
75005,4.4,169.0,266,0.001100219
75006,4.4,166.0,438,0.000468931
75009,4.4,186.0,391,0.000307376
75012,4.4,175.0,630,0.000384335
75025,4.0,64.0,449,0.001897825
75029,4.0,111.0,482,0.000781395
75030,4.0,126.0,407,0.000445718
75039,4.0,26.0,458,0.008902868
75040,4.0,35.0,363,0.002183288
75118,4.5,138.0,415,0.00037335
75123,4.5,139.0,373,0.000388137
75124,4.5,146.0,257,0.000372025
75125,4.5,130.0,445,0.000563744
75126,4.5,133.0,365,0.000649761
75127,4.5,144.0,362,0.000477911
75128,4.5,143.0,338,0.00044036
75129,4.5,83.0,510,0.000768056
75130,4.5,82.0,348,0.001718024
75133,4.5,83.0,885,0.001154092
75134,4.5,62.0,1076,0.000775335
75137,4.5,81.0,688,0.001015045
75139,4.5,146.0,193,0.000421293
75148,4.5,57.0,466,0.003548197
75153,4.5,181.0,404,0.000388309
75154,4.5,152.0,328,0.000709387
75164,4.5,107.0,200,0.001597595
75167,4.5,97.0,393,0.00211193
75173,4.9,28.0,216,0.006542877
75249,4.1,69.0,528,0.000706466
75250,4.1,8.1,356,0.014364653
75252,4.1,39.0,463,0.004265484
75257,4.1,126.0,489,0.00017198
75258,4.1,106.0,907,0.000311709
75261,4.1,66.0,375,0.000982083
75263,4.1,53.0,303,0.001463607
75266,4.1,71.0,314,0.000354268
75331,4.2,131.0,1113,0.000168828
75334,4.2,139.0,307,0.000238041
75335,4.2,94.0,390,0.000945454
75336,4.2,90.0,301,0.000759307
75337,4.2,102.0,371,0.000370817
75338,4.2,81.0,580,0.00087826
75339,4.2,134.0,630,0.000147669
75342,4.2,93.0,367,0.000218982
75343,4.2,67.0,337,0.00060302
75344,4.2,129.0,359,0.000179357
75345,4.2,96.0,206,0.000300728
75346,4.2,82.0,356,0.001314934
75347,4.2,112.0,395,0.00078631
75350,4.2,77.0,462,0.002513488
75351,4.2,102.0,345,0.000626442
75352,4.2,53.0,344,0.001325616
75353,4.2,90.0,232,0.001437093
75354,4.2,86.0,805,0.000831461
75355,4.2,63.0,303,0.00198751
75357,4.2,35.0,567,0.005169719
75362,4.2,36.0,1024,0.001280605
75363,4.2,65.0,248,0.00082106
75364,4.2,88.0,324,0.000344597
75366,4.2,41.0,873,0.001737042
75370,4.2,105.0,732,0.000101752
75371,4.2,101.0,694,0.000148253
75372,4.2,80.0,278,0.000145191
75373,4.2,40.0,236,0.001668818
75374,4.2,102.0,948,0.000131237
75375,4.2,49.0,1010,0.001777096
75376,4.2,70.0,219,0.001005533
75377,4.2,76.0,599,0.00032882
75378,4.2,30.0,234,0.003704226
75383,4.2,143.0,462,0.000245304
75391,4.3,37.0,315,0.001576659
75396,4.3,57.0,955,0.000655371
75397,4.3,28.0,372,0.003290212
75398,4.3,60.0,444,0.000650987
75400,4.3,64.0,309,0.001385091
75401,4.3,78.0,425,0.000611119
75404,4.3,65.0,367,0.001741972
75405,4.3,42.0,521,0.003414123
75409,4.3,70.0,426,0.001097395
75410,4.3,139.0,978,0.000232537
75413,4.3,140.0,573,0.002123264
75416,4.3,108.0,518,0.000492454
75488,4.2,29.0,273,0.00103673
75489,4.2,80.0,303,0.000305137
75491,4.2,65.0,311,0.000484018
75492,4.5,152.0,580,0.000146648
75493,4.5,101.0,630,0.000169685
75494,4.5,137.0,986,0.000190058
75497,4.5,128.0,873,0.000140984
75498,4.5,69.0,747,0.000403278
75499,4.5,151.0,372,0.000115432
75500,4.5,58.0,732,0.000629928
75501,4.5,114.0,694,9.34305e-05
75502,4.5,87.0,278,0.000300764
75503,4.5,154.0,236,0.000168735
75504,4.5,155.0,1010,8.64868e-05
75505,4.5,99.0,219,0.000759698
75510,4.4,64.0,747,0.000414737
75511,4.4,52.0,732,0.000472276
75512,4.4,80.0,278,0.000465925
75513,4.4,148.0,236,0.000144631
75514,4.4,91.0,948,0.000425467
75524,5.3,147.0,369,0.000264924
75525,5.3,136.0,307,0.000369843
75527,5.3,187.0,301,0.000414886
75530,5.3,92.0,630,0.000941036
75531,5.3,125.0,986,0.00065191
75532,5.3,114.0,894,0.00027326
75540,5.3,213.0,462,0.000250897
75542,5.3,197.0,344,0.000530867
75543,5.3,175.0,567,0.000357081
75544,5.3,208.0,313,0.000318841
75546,5.3,210.0,532,0.000225732
75547,5.3,190.0,271,0.000114329
75551,5.3,187.0,1141,0.000168076
75554,5.3,169.0,248,0.00103271
75555,5.3,120.0,697,0.000418316
75556,5.3,114.0,873,0.000537862
75560,5.3,45.0,732,0.002302645
75561,5.3,102.0,694,0.00036267
75562,5.3,74.0,278,0.001200308
75563,5.3,142.0,236,0.000921075
75564,5.3,84.0,948,0.001222215
75565,5.3,141.0,1010,0.000288096
75566,5.3,85.0,219,0.002678492
75567,5.3,122.0,234,0.002202577
75610,5.0,135.0,986,0.000455843
75611,5.0,108.0,324,0.000834481
75612,5.0,123.0,873,0.0003225
75613,5.0,68.0,747,0.00159294
75614,5.0,53.0,732,0.001746398
75615,5.0,80.0,278,0.000973417
75616,5.0,147.0,236,0.000549376
75617,5.0,95.0,948,0.000825844
75618,5.0,94.0,219,0.001983884
75619,5.0,131.0,234,0.001318948
75623,4.2,99.0,630,9.54164e-05
75624,4.2,134.0,986,0.000102361
75626,4.2,66.0,747,0.000209714
75627,4.2,54.0,732,0.000428692
75628,4.2,82.0,278,0.000178857
75629,4.2,150.0,236,8.78137e-05
75630,4.2,95.0,219,0.00051538
75631,4.2,131.0,234,0.000291214
75685,4.8,105.0,630,0.000304983
75686,4.8,72.0,747,0.000655832
75688,4.8,56.0,732,0.001082204
75689,4.8,83.0,278,0.000536623
75690,4.8,150.0,236,0.000331576
75691,4.8,98.0,948,0.000464268
75692,4.8,154.0,1010,0.000119045
75706,4.0,150.0,307,2.39288e-05
75708,4.0,139.0,986,5.02336e-05
75709,4.0,72.0,747,0.00017268
75710,4.0,148.0,372,4.31651e-05
75711,4.0,56.0,732,0.000274499
75713,4.0,98.0,948,9.34429e-05
75714,4.0,98.0,219,0.000283171
75721,4.4,63.0,732,0.000253152
75722,4.4,89.0,278,0.000166933
75723,4.4,156.0,236,9.39348e-05
76154,4.2,65.0,521,0.001012315
76155,4.2,34.0,583,0.003655418
76156,4.2,78.0,965,0.000639608
76158,4.2,136.0,469,0.000245801
76160,4.2,75.0,720,0.000629029
76161,4.2,80.0,558,0.00037255
76162,4.2,69.0,523,0.00096455
76163,4.2,68.0,555,0.00047956
76170,4.2,91.0,618,0.00038157
76171,4.2,112.0,272,0.000486015
76172,4.2,88.0,445,0.000341869
76173,4.2,105.0,533,0.000223704
76175,4.2,107.0,305,0.00149435
76176,4.2,131.0,637,0.000260713
76178,4.2,103.0,541,0.00124315
76179,4.2,91.0,484,0.000583447
76180,4.2,66.0,390,0.000729368
76181,4.2,62.0,574,0.000307673
76182,4.2,65.0,715,0.000869082
76183,4.2,65.0,545,0.000760784
76184,4.2,68.0,484,0.001317684
76185,4.2,70.0,714,0.001225134
76186,4.2,71.0,561,0.001017399
76187,4.2,69.0,280,0.00104006
76188,4.2,75.0,346,0.001331363
76189,4.2,66.0,382,0.000757365
76190,4.2,64.0,347,0.000697649
76192,4.2,66.0,428,0.000793254
76194,4.2,56.0,430,0.0006692
76195,4.2,21.0,426,0.010768295
76197,4.1,126.0,873,9.9927e-05
76200,4.1,55.0,732,0.000437282
76202,4.1,150.0,236,0.000122785
76203,4.1,97.0,948,0.000157238
76205,4.1,133.0,234,0.000403494
76214,4.3,148.0,873,0.000701143
76216,4.3,108.0,732,0.000942067
76219,4.3,146.0,234,0.000699891
76291,5.5,226.0,1113,0.000217189
76292,5.5,270.0,299,0.000217963
76293,5.5,204.0,813,0.00022804
76294,5.5,161.0,369,0.000668329
76295,5.5,151.0,307,0.000763487
76296,5.5,226.0,390,0.000250545
76297,5.5,205.0,301,0.000520681
76298,5.5,180.0,371,0.0003227
76299,5.5,107.0,630,0.001198222
76300,5.5,237.0,345,0.000214448
76301,5.5,229.0,303,0.000540275
76302,5.5,183.0,549,0.000711863
76303,5.5,220.0,771,0.00033188
76304,5.5,223.0,827,0.000209989
76305,5.5,227.0,196,0.000606474
76306,5.5,218.0,460,0.000331532
76307,5.5,218.0,695,0.000259822
76308,5.5,226.0,131,0.000800102
76309,5.5,229.0,875,0.000182903
76310,5.5,228.0,145,0.001003657
76311,5.5,224.0,249,0.000605532
76312,5.5,214.0,414,0.000679263
76313,5.5,240.0,205,0.000569293
76314,5.5,252.0,207,0.000287364
76315,5.5,219.0,532,0.000583513
76316,5.5,171.0,306,0.000798555
76317,5.5,226.0,271,0.000513775
76318,5.5,206.0,271,0.00015348
76319,5.5,195.0,328,0.000750683
76320,5.5,204.0,415,0.000400196
76321,5.5,251.0,328,0.000417868
76322,5.5,199.0,1141,0.000521655
76323,5.5,260.0,229,0.000326999
76324,5.5,180.0,248,0.001568181
76325,5.5,115.0,324,0.00130082
76326,5.5,137.0,697,0.000359011
76327,5.5,131.0,873,0.000570397
76328,5.5,74.0,747,0.001603684
76329,5.5,111.0,393,0.001294807
76330,5.5,61.0,732,0.002679669
76331,5.5,88.0,278,0.00143214
76332,5.5,155.0,236,0.001271029
76333,5.5,159.0,1010,0.00031963
76334,5.5,103.0,219,0.003056514
76335,5.5,201.0,599,0.00027899
76336,5.5,139.0,234,0.002569413
76371,5.3,207.0,660,0.000276301
76376,5.3,73.0,463,0.003446687
76392,5.3,112.0,450,0.001202849
76393,5.3,134.0,860,0.000825948
76394,5.3,85.0,315,0.00174913
76397,5.3,111.0,416,0.002670855
76398,5.3,148.0,875,0.001438868
76401,5.3,62.0,955,0.003458917
76402,5.3,67.0,435,0.003937466
76403,5.3,95.0,372,0.001684789
76404,5.3,145.0,444,0.001283494
76406,5.3,86.0,365,0.001643801
76407,5.3,110.0,495,0.000425736
76408,5.3,125.0,303,0.000786048
76410,5.3,155.0,398,0.00039812
76413,5.3,177.0,309,0.000498215
76415,5.3,120.0,367,0.000693856
76416,5.3,144.0,521,0.000452107
76424,5.3,209.0,709,0.000919759
76431,5.3,188.0,426,0.000360031
76432,5.3,168.0,804,0.000337324
76439,5.3,164.0,450,0.001198005
76445,4.1,37.0,407,0.001031194
76448,4.1,55.0,907,0.000265773
76450,4.1,38.0,329,0.000922021
76451,4.1,23.0,450,0.002377477
76452,4.1,80.0,860,0.000113059
76453,4.1,127.0,875,8.47435e-05
76456,4.1,70.0,1380,0.000160906
76458,4.1,155.0,450,0.000252125
76477,4.2,107.0,363,0.000234733
76478,4.2,89.0,415,0.000125425
76481,4.2,90.0,373,0.000170834
76482,4.2,92.0,510,0.000111277
76483,4.2,92.0,885,0.000102299
76488,4.2,63.0,193,0.000303953
76494,4.2,108.0,362,0.000173109
76498,4.2,151.0,422,0.000111609
76500,4.2,140.0,404,0.00010495
76504,4.2,88.0,361,0.000338212
76666,4.7,146.0,986,8.87536e-05
76667,4.7,65.0,732,0.0004845
76668,4.7,92.0,278,0.000686758
76730,4.8,137.0,894,7.14402e-05
76731,4.8,83.0,747,0.000388366
76732,4.8,67.0,732,0.000789542
76733,4.8,94.0,278,0.00036781
76734,4.8,109.0,948,0.000285821
76739,5.6,206.0,813,0.000314405
76740,5.6,161.0,369,0.000443927
76741,5.6,157.0,580,0.000523624
76742,5.6,142.0,986,0.000583608
76743,5.6,129.0,894,0.000286668
76744,5.6,212.0,344,0.000896948
76745,5.6,183.0,549,0.000969718
76746,5.6,192.0,567,0.000486598
76747,5.6,229.0,875,0.000118838
76748,5.6,227.0,145,0.00053611
76749,5.6,251.0,207,0.000177
76750,5.6,218.0,532,0.000205515
76751,5.6,226.0,271,0.000295415
76752,5.6,204.0,415,0.000224916
76753,5.6,251.0,328,0.000194533
76754,5.6,115.0,324,0.001353187
76755,5.6,61.0,732,0.002710965
76756,5.6,119.0,694,0.000466893
76757,5.6,88.0,278,0.001259643
76758,5.6,155.0,236,0.001313438
76759,5.6,101.0,948,0.001121587
76760,5.6,103.0,219,0.002991957
76761,5.6,74.0,747,0.001543226
76762,5.6,106.0,630,0.000721709
76765,5.6,131.0,873,0.000646305
76766,5.6,139.0,234,0.002865281
76767,5.6,159.0,1010,0.000302591
76778,5.6,228.0,1113,0.000284496
76782,4.1,66.0,732,0.000199958
76785,4.8,52.0,732,0.000292778
76798,5.2,125.0,630,0.000627735
76799,5.2,161.0,986,0.000281688
76800,5.2,147.0,894,0.000214887
76803,5.2,149.0,873,0.000299904
76804,5.2,93.0,747,0.000930157
76805,5.2,78.0,732,0.001117386
76807,5.2,103.0,278,0.000720322
76808,5.2,169.0,236,0.000554698
76810,5.2,120.0,219,0.002124633
76811,5.2,156.0,234,0.001615362
76820,4.9,117.0,630,0.000261302
76821,4.9,152.0,986,0.000122905
76822,4.9,85.0,747,0.000466845
76823,4.9,69.0,732,0.000573873
76824,4.9,94.0,278,0.000325226
76825,4.9,160.0,236,0.000235212
76889,5.1,157.0,580,0.000168339
76890,5.1,110.0,630,0.000444215
76891,5.1,144.0,986,0.000198218
76896,5.1,141.0,1024,0.000193004
76899,5.1,130.0,873,0.000167793
76902,5.1,59.0,732,0.000688596
76903,5.1,121.0,694,0.000119833
76904,5.1,86.0,278,0.000411056
76905,5.1,152.0,236,0.000251157
76906,5.1,103.0,948,0.00037791
76907,5.1,159.0,1010,0.000101026
76908,5.1,102.0,219,0.000822433
76909,5.1,137.0,234,0.000699493
76962,4.8,166.0,350,0.000192126
76965,4.8,147.0,243,0.000280999
76969,4.8,94.0,432,0.000453315
76979,4.8,148.0,986,0.000225608
76980,4.8,136.0,894,8.18413e-05
76983,4.8,136.0,873,0.000221609
76985,4.8,66.0,732,0.001230189
76986,4.8,92.0,278,0.001079482
76987,4.8,108.0,948,0.000331563
76989,4.8,108.0,219,0.001181855
77017,5.1,108.0,368,0.002756575
77019,5.1,63.0,245,0.01159145
77023,5.1,197.0,340,0.00082672
77028,5.1,146.0,562,0.000370929
77030,5.1,211.0,662,0.000275371
77040,5.1,174.0,348,0.000796016
77041,5.1,157.0,459,0.000473664
77042,5.1,169.0,396,0.00050589
77043,5.1,167.0,488,0.000318669
77046,5.1,177.0,570,0.000256175
77060,5.1,167.0,462,0.00030685
77072,5.1,107.0,445,0.000936589
77077,5.1,132.0,363,0.00087919
77080,5.1,66.0,343,0.002451184
77082,5.1,103.0,259,0.001434528
77085,5.1,51.0,391,0.007372723
77099,5.1,203.0,312,0.000433021
77100,5.1,187.0,382,0.000403596
77101,5.1,191.0,358,0.000376395
77102,5.1,196.0,199,0.000418609
77107,5.1,211.0,338,0.000417885
77114,4.3,73.0,732,0.000272391
77115,4.3,79.0,278,0.000656565
77116,4.3,113.0,219,0.000347751
77117,4.3,136.0,234,0.000284274
77145,4.5,96.0,630,0.000215863
77146,4.5,130.0,986,0.000147851
77149,4.5,171.0,549,0.000107011
77150,4.5,179.0,567,8.0011e-05
77153,4.5,102.0,324,0.000323849
77155,4.5,119.0,873,0.000137285
77156,4.5,142.0,372,0.000110636
77157,4.5,49.0,732,0.000572825
77158,4.5,107.0,694,9.98999e-05
77159,4.5,78.0,278,0.000283319
77160,4.5,146.0,1010,7.52569e-05
77161,4.5,90.0,219,0.000775713
77162,4.5,127.0,234,0.000495365
77246,6.0,250.0,732,0.000101692
77247,6.0,275.0,278,0.000156551
77264,4.0,132.0,986,8.30925e-05
77268,4.0,64.0,747,0.000234981
77269,4.0,53.0,732,0.000422348
77270,4.0,82.0,278,0.000161861
77271,4.0,91.0,948,0.000220268
77272,4.0,149.0,1010,4.7455e-05
77273,4.0,93.0,219,0.000384391
77274,4.0,130.0,234,0.000260283
77321,6.5,311.0,369,0.000661893
77322,6.5,305.0,307,0.001042764
77323,6.5,339.0,371,0.000829036
77324,6.5,301.0,986,0.000452088
77325,6.5,283.0,894,0.000452556
77326,6.5,345.0,532,0.000606469
77327,6.5,274.0,324,0.001386373
77328,6.5,296.0,697,0.000706224
77329,6.5,286.0,873,0.001046888
77330,6.5,233.0,747,0.000656539
77331,6.5,259.0,393,0.001799076
77332,6.5,298.0,372,0.002227497
77333,6.5,216.0,732,0.001380784
77334,6.5,278.0,694,0.000393738
77335,6.5,260.0,948,0.000535443
77336,6.5,317.0,1010,0.000727312
77337,6.5,260.0,219,0.005402325
77338,6.5,325.0,599,0.000976909
77376,5.9,262.0,507,0.000706474
77377,5.9,286.0,350,0.001831356
77378,5.9,344.0,534,0.000752753
77379,5.9,194.0,813,0.00195316
77380,5.9,320.0,596,0.000890884
77381,5.9,358.0,369,0.000715488
77382,5.9,344.0,307,0.000937029
77383,5.9,346.0,371,0.001373481
77384,5.9,318.0,580,0.00320758
77385,5.9,305.0,630,0.000688549
77386,5.9,315.0,986,0.001282138
77387,5.9,323.0,894,0.0012372
77388,5.9,286.0,337,0.00205086
77389,5.9,345.0,359,0.00116852
77390,5.9,287.0,206,0.002370101
77391,5.9,342.0,462,0.001266498
77392,5.9,274.0,344,0.005675127
77393,5.9,349.0,805,0.000764753
77394,5.9,312.0,303,0.003773459
77395,5.9,281.0,549,0.003530089
77396,5.9,303.0,567,0.001638989
77397,5.9,220.0,248,0.011419168
77398,5.9,287.0,324,0.00168285
77399,5.9,288.0,697,0.001236589
77400,5.9,264.0,873,0.002052365
77401,5.9,249.0,372,0.00205005
77402,5.9,225.0,732,0.001019219
77403,5.9,300.0,694,0.001072238
77404,5.9,216.0,278,0.00328587
77405,5.9,229.0,236,0.003410724
77406,5.9,299.0,1010,0.002678312
77407,5.9,230.0,599,0.001761406
77408,5.9,262.0,234,0.005032187
77409,5.9,308.0,1822,0.000721378
77487,5.2,171.0,226,0.001054747
77488,5.2,173.0,198,0.001051433
77490,5.2,154.0,449,0.001368221
77495,5.2,173.0,291,0.000550816
77497,5.2,134.0,290,0.001181748
77498,5.2,139.0,534,0.000574477
77500,5.2,146.0,607,0.000720849
77501,5.2,165.0,596,0.000223318
77502,5.2,142.0,694,0.000283375
77504,5.2,201.0,482,0.000304205
77514,5.2,229.0,1007,0.000207572
77520,5.2,113.0,280,0.003656105
77521,5.2,112.0,458,0.005652108
77522,5.2,81.0,363,0.002264865
77523,5.2,38.0,286,0.032764488
77528,5.2,216.0,313,0.000251645
77549,4.8,53.0,660,0.000564399
77555,4.8,128.0,519,0.002236212
77560,4.8,79.0,907,0.001038893
77562,4.8,111.0,329,0.000601935
77564,4.8,152.0,416,0.000460868
77575,4.8,187.0,574,0.000120699
77576,4.8,123.0,543,0.000295672
77591,4.8,107.0,340,0.001809283
77596,4.8,248.0,562,0.00017969
77601,4.8,99.0,445,0.001575838
77603,4.8,88.0,365,0.002185867
77604,4.8,88.0,362,0.003893565
77605,4.8,85.0,338,0.001760718
77606,4.8,52.0,229,0.008962056
77608,4.8,155.0,252,0.002538916
77610,4.8,154.0,348,0.002099557
77611,4.8,187.0,396,0.000687962
77613,4.8,175.0,488,0.001376147
77616,4.8,156.0,570,0.000873353
77630,4.8,156.0,348,0.000511296
77635,4.8,127.0,298,0.002862675
77637,4.8,137.0,264,0.000864581
77639,4.8,158.0,407,0.000829962
77644,4.8,158.0,1236,0.000822811
77648,4.8,177.0,452,0.000792563
77649,4.8,192.0,283,0.002422647
77650,4.8,185.0,420,0.001184418
77656,4.8,198.0,299,0.000342645
77660,4.8,78.0,380,0.001350351
77661,4.8,87.0,282,0.002839426
77662,4.8,81.0,190,0.005045274
77663,4.8,85.0,214,0.003380804
77666,4.8,79.0,203,0.006667515
77675,4.8,233.0,458,0.000177533
77681,4.8,66.0,215,0.007075031
77682,4.8,72.0,381,0.009993349
77684,4.8,40.0,272,0.01221834
77698,4.8,166.0,312,0.001712487
77699,4.8,152.0,196,0.001837787
77702,4.8,129.0,280,0.001234541
77743,5.2,151.0,350,0.000512588
77747,5.2,118.0,463,0.001468519
77753,5.2,151.0,273,0.00149516
77757,5.2,193.0,907,0.000169787
77765,5.2,55.0,495,0.002350493
77766,5.2,92.0,581,0.000873245
77767,5.2,53.0,303,0.022075983
77768,5.2,80.0,373,0.003521654
77769,5.2,60.0,368,0.004271679
77770,5.2,114.0,243,0.001483983
77771,5.2,104.0,398,0.00080552
77776,5.2,84.0,645,0.001238156
77834,4.7,154.0,528,0.000389666
77840,4.7,191.0,907,0.000135014
77846,4.7,60.0,368,0.00317528
77848,4.7,103.0,398,0.000686358
77883,5.1,98.0,369,0.003424162
77884,5.1,108.0,307,0.002746695
77886,5.1,166.0,371,0.000446632
77887,5.1,148.0,986,0.000903381
77893,5.1,223.0,430,0.000657708
77900,5.1,264.0,429,0.000341217
77907,5.1,247.0,549,0.000386193
77908,5.1,238.0,567,0.00034906
77909,5.1,108.0,771,0.002355994
77910,5.1,183.0,558,0.000549485
77913,5.1,113.0,468,0.003145052
77915,5.1,119.0,836,0.001275874
77916,5.1,94.0,460,0.003200484
77917,5.1,114.0,695,0.002177192
77918,5.1,114.0,131,0.004311101
77919,5.1,123.0,875,0.001404476
77920,5.1,113.0,145,0.003540611
77921,5.1,118.0,459,0.001590242
77926,5.1,140.0,271,0.002346329
77928,5.1,102.0,415,0.006184062
77929,5.1,115.0,328,0.004834685
77930,5.1,78.0,1141,0.003252728
77931,5.1,175.0,608,0.000524114
77934,5.1,144.0,340,0.001865179
77939,5.1,164.0,229,0.001750508
77944,5.1,149.0,324,0.001163359
77946,5.1,198.0,873,0.000165832
77947,5.1,175.0,732,0.00020529
77948,5.1,136.0,694,0.000484235
77949,5.1,202.0,278,0.000123186
77950,5.1,255.0,236,0.00035244
77952,5.1,195.0,1010,0.000294672
77956,5.1,257.0,462,0.000293202
77992,4.9,162.0,303,0.000418982
77994,4.9,141.0,555,0.00023238
78107,5.6,276.0,986,0.000108184
78108,5.6,253.0,248,0.000712471
78109,5.6,263.0,697,0.000148928
78110,5.6,248.0,873,0.000195036
78111,5.6,218.0,393,0.000278219
78112,5.6,183.0,732,0.000251855
78113,5.6,255.0,694,1.72489e-05
78114,5.6,195.0,278,0.000214671
78115,5.6,243.0,236,0.000730204
78116,5.6,225.0,219,0.000882523
78117,5.6,271.0,599,9.76623e-05
78134,5.1,259.0,368,0.000197301
78137,5.1,141.0,507,0.000461886
78139,5.1,65.0,290,0.002129605
78140,5.1,70.0,540,0.004933295
78141,5.1,87.0,344,0.003794002
78142,5.1,195.0,294,0.000192732
78143,5.1,195.0,337,0.000421971
78144,5.1,180.0,359,0.000645039
78146,5.1,267.0,462,0.00037367
78147,5.1,203.0,344,0.000806957
78148,5.1,247.0,549,0.000552615
78149,5.1,254.0,477,0.000632064
78152,5.1,223.0,445,0.000157442
78160,5.1,168.0,286,0.001635332
78163,5.1,237.0,236,0.000625948
78164,5.1,185.0,599,0.000675435
78168,5.1,170.0,408,0.000720596
78169,5.1,202.0,457,0.001265618
78170,5.1,265.0,575,0.000349041
78171,5.1,258.0,263,0.000550517
78172,5.1,215.0,309,0.001248292
78176,5.1,126.0,1822,0.00065348
78199,6.6,333.0,485,0.00078087
78201,6.6,224.0,350,0.003583442
78203,6.6,232.0,534,0.002666759
78204,6.6,226.0,299,0.003171025
78205,6.6,174.0,607,0.003614766
78206,6.6,252.0,596,0.001277745
78209,6.6,304.0,694,0.001074592
78210,6.6,331.0,337,0.001718027
78211,6.6,304.0,206,0.005730884
78212,6.6,336.0,344,0.002683173
78216,6.6,324.0,612,0.001820711
78217,6.6,323.0,362,0.002513243
78218,6.6,218.0,490,0.00212073
78221,6.6,330.0,458,0.001820532
78222,6.6,300.0,286,0.006197093
78225,6.6,305.0,599,0.000713283
78230,6.6,103.0,457,0.005084635
78231,6.6,182.0,575,0.001576297
78236,6.6,271.0,1822,0.002315572
78302,5.5,256.0,324,0.001072886
78303,5.5,211.0,286,0.000913671
78304,5.5,185.0,483,0.001422354
78305,5.5,189.0,366,0.00123182
78306,5.5,181.0,238,0.001235098
78314,5.5,154.0,1005,0.001129238
78334,4.3,147.0,1005,0.000145736
78335,4.9,172.0,521,0.001290424
78336,4.9,136.0,583,0.001923568
78337,4.9,91.0,965,0.001626406
78344,4.9,154.0,372,0.001106583
78349,4.9,81.0,305,0.003539924
78350,4.9,81.0,499,0.004651104
78352,4.9,114.0,384,0.005215653
78357,4.9,178.0,579,0.000146738
78359,4.9,146.0,315,0.001049457
78360,4.9,187.0,731,0.000280231
78361,4.9,124.0,246,0.001872833
78363,4.9,181.0,574,0.000270567
78364,4.9,181.0,715,0.000328712
78365,4.9,182.0,545,0.000343611
78366,4.9,187.0,440,0.000279587
78367,4.9,187.0,561,0.000305063
78368,4.9,189.0,280,0.000562827
78369,4.9,125.0,186,0.002082501
78371,4.9,160.0,678,0.000522873
78374,4.9,123.0,660,0.000395528
78376,4.9,77.0,1072,0.000712474
78378,4.9,129.0,340,0.001082688
78382,4.9,154.0,324,0.000504073
78383,4.9,150.0,313,0.000695898
78384,4.9,171.0,248,0.001049706
78388,4.9,128.0,906,0.00172325
78394,4.9,185.0,426,0.000415283
78395,4.9,178.0,942,0.000515371
78446,4.6,110.0,321,0.001991641
78448,4.6,118.0,330,0.000875489
78449,4.6,117.0,397,0.001431202
78450,4.6,65.0,312,0.001835797
78451,4.6,101.0,430,0.000778031
78452,4.6,82.0,662,0.002175458
78453,4.6,128.0,555,0.000878142
78461,4.6,119.0,929,0.000642076
78466,4.6,83.0,252,0.002279599
78467,4.6,89.0,314,0.002284827
78468,4.6,105.0,348,0.002102716
78469,4.6,75.0,459,0.001910874
78470,4.6,112.0,410,0.002856887
78471,4.6,82.0,375,0.001518883
78473,4.6,107.0,570,0.00141999
78492,4.6,138.0,324,0.001250371
78495,4.6,147.0,328,0.001250912
78496,4.6,148.0,298,0.001944117
78498,4.6,118.0,264,0.001041368
78499,4.6,163.0,407,0.000929147
78503,4.6,154.0,1236,0.00035124
78505,4.6,171.0,452,0.000391874
78506,4.6,164.0,283,0.001326167
78507,4.6,158.0,420,0.000803285
78508,4.6,160.0,1747,0.000355328
78512,4.6,134.0,558,0.000623098
78513,4.6,184.0,827,0.000209625
78515,4.6,183.0,875,0.000181765
78517,4.6,142.0,300,0.000963661
78518,4.6,162.0,282,0.000749137
78519,4.6,169.0,190,0.000956969
78520,4.6,170.0,214,0.000696729
78521,4.6,142.0,484,0.00080023
78522,4.6,150.0,570,0.000531107
78523,4.6,160.0,370,0.000396282
78528,4.6,103.0,266,0.004781752
78529,4.6,81.0,343,0.001714172
78530,4.6,105.0,438,0.001724717
78531,4.6,54.0,259,0.005684505
78532,4.6,128.0,313,0.001054981
78534,4.6,81.0,391,0.002076132
78535,4.6,60.0,336,0.003636992
78540,4.6,188.0,412,0.000173438
78545,4.6,185.0,225,0.001010635
78546,4.6,174.0,224,0.000700754
78547,4.6,129.0,462,0.000717398
78550,4.6,123.0,312,0.00179799
78551,4.6,128.0,196,0.001593683
78552,4.6,120.0,382,0.001706128
78553,4.6,121.0,358,0.00253499
78554,4.6,130.0,199,0.001445682
78555,4.6,140.0,280,0.000841139
78559,4.6,146.0,630,0.000955965
78603,4.7,87.0,463,0.00336912
78607,4.7,134.0,519,0.000279538
78615,4.7,89.0,907,8.99439e-05
78620,4.7,83.0,315,0.000994591
78621,4.7,140.0,567,0.000484719
78622,4.7,103.0,416,0.001200134
78623,4.7,137.0,875,0.000785018
78624,4.7,93.0,284,0.000588816
78625,4.7,60.0,955,0.001742783
78626,4.7,75.0,435,0.001314342
78627,4.7,92.0,372,0.001060309
78628,4.7,134.0,375,0.000457024
78629,4.7,127.0,195,0.001050423
78630,4.7,129.0,495,0.000332463
78631,4.7,95.0,373,0.001319722
78632,4.7,181.0,368,0.0001331
78634,4.7,174.0,309,0.000256397
78635,4.7,191.0,425,0.000139215
78636,4.7,123.0,594,0.000340934
78637,4.7,124.0,367,0.000324411
78638,4.7,143.0,521,0.000230585
78640,4.7,147.0,1380,5.42039e-05
78641,4.7,187.0,579,9.58397e-05
78646,4.7,170.0,528,0.000883367
78647,4.7,182.0,426,0.000171333
78652,4.7,126.0,518,0.000149876
78653,4.7,169.0,450,0.000216654
78703,5.3,178.0,607,0.000420501
78707,5.3,81.0,473,0.006299202
78709,5.3,102.0,408,0.000953428
78710,5.3,130.0,457,0.000803755
78711,5.3,210.0,575,0.000208662
78713,5.3,130.0,309,0.000959987
78717,3.8,22.0,396,0.001001605
78718,3.8,23.0,249,0.001600482
78719,3.8,27.0,410,0.001727134
78720,3.8,58.0,375,0.002046024
78722,3.8,23.0,570,0.004334148
78740,3.8,74.0,452,0.000324216
78741,3.8,70.0,283,0.002053129
78742,3.8,62.0,420,0.000549719
78743,3.8,63.0,1747,0.000306689
78747,3.8,59.0,884,0.000383846
78748,3.8,49.0,484,0.000953753
78749,3.8,56.0,570,0.000382302
78752,3.8,33.0,196,0.001524545
78753,3.8,29.0,358,0.001710642
78754,3.8,38.0,199,0.000624424
78791,4.1,81.0,580,0.000412953
78794,4.1,61.0,697,0.000622874
78795,4.1,26.0,732,0.000702104
78797,4.1,45.0,278,0.001167038
78799,4.1,33.0,948,0.002915889
78800,4.1,30.0,219,0.004209776
78801,4.1,155.0,599,7.04201e-05
78821,5.3,174.0,350,0.000757255
78828,5.3,155.0,243,0.001298987
78831,5.3,61.0,417,0.012565995
78835,5.3,102.0,432,0.002725723
78868,4.0,57.0,330,0.001420522
78869,4.0,70.0,397,0.000868039
78870,4.0,124.0,662,0.000411504
78872,4.0,110.0,293,0.000637534
78882,4.0,107.0,429,0.000180385
78883,4.0,72.0,214,0.000644987
78887,4.0,136.0,349,0.000541154
78888,4.0,105.0,321,0.000300549
78889,4.0,89.0,333,0.000734045
78890,4.0,136.0,452,0.000154855
78891,4.0,119.0,283,0.001211926
78892,4.0,124.0,420,0.000125637
78897,4.0,114.0,500,0.000545202
78898,4.0,71.0,317,0.000780856
78899,4.0,138.0,515,0.000544337
78900,4.0,84.0,284,0.000705737
78901,4.0,99.0,316,0.00128261
78903,4.0,53.0,224,0.000771276
78904,4.0,57.0,313,0.00040872
78906,4.0,51.0,397,0.001311078
78907,4.0,47.0,288,0.002172014
78908,4.0,19.0,225,0.018217295
78910,4.0,122.0,277,0.000524491
78911,4.0,142.0,312,0.000173307
79010,4.2,36.0,390,0.026578062
79012,4.2,62.0,863,0.001441308
79017,4.2,118.0,907,9.88876e-05
79019,4.2,86.0,860,0.00071976
79021,4.2,135.0,875,0.000356647
79022,4.2,145.0,758,0.001104657
79028,4.2,91.0,579,0.000305864
79029,4.2,47.0,815,0.003648425
79036,4.2,105.0,315,0.000618928
79037,4.2,104.0,731,0.0020676
79038,4.2,116.0,541,0.004032658
79039,4.2,134.0,484,0.000718895
79040,4.2,157.0,390,0.000520602
79041,4.2,147.0,574,0.000384932
79042,4.2,143.0,715,0.000781349
79043,4.2,144.0,545,0.000875474
79044,4.2,142.0,484,0.000571338
79045,4.2,139.0,714,0.000730091
79046,4.2,135.0,440,0.000611791
79047,4.2,140.0,561,0.00074188
79048,4.2,143.0,280,0.001453774
79050,4.2,141.0,317,0.00111245
79051,4.2,130.0,186,0.000681429
79052,4.2,85.0,543,0.001235243
79053,4.2,123.0,445,0.000187749
79056,4.2,152.0,936,0.000503287
79074,3.9,80.0,460,0.000532277
79075,3.9,61.0,321,0.000882843
79076,3.9,86.0,300,0.001268422
79077,3.9,54.0,562,0.000344737
79078,3.9,71.0,330,0.000465979
79079,3.9,84.0,397,0.000833289
79081,3.9,113.0,430,0.000415154
79082,3.9,80.0,662,0.00058639
79083,3.9,81.0,555,0.00049758
79084,3.9,43.0,293,0.004353772
79089,3.9,41.0,314,0.00269209
79090,3.9,45.0,459,0.000563723
79091,3.9,35.0,396,0.002149506
79093,3.9,41.0,377,0.002998122
79097,3.9,69.0,570,0.000748148
79112,3.9,118.0,452,0.000179055
79113,3.9,107.0,283,0.000754475
79114,3.9,112.0,1747,0.000172836
79118,3.9,153.0,558,0.000218763
79122,3.9,143.0,190,0.000438605
79124,3.9,136.0,343,0.000311296
79126,3.9,129.0,629,0.000440967
79129,3.9,53.0,277,0.000831871
79130,3.9,74.0,312,0.000487
79131,3.9,80.0,382,0.000583118
79132,3.9,80.0,358,0.000556568
79208,5.3,40.0,660,0.002605738
79218,5.3,75.0,407,0.001387408
79219,5.3,94.0,907,0.000376667
79220,5.3,144.0,907,0.000145752
79225,5.3,126.0,875,0.001089056
79227,5.3,147.0,721,0.001099962
79233,5.3,190.0,305,0.000849695
79234,5.3,207.0,637,7.51905e-05
79236,5.3,95.0,579,0.001050887
79237,5.3,62.0,815,0.002789662
79238,5.3,77.0,735,0.001780724
79244,5.3,127.0,731,0.000877374
79245,5.3,190.0,246,0.000910226
79247,5.3,140.0,541,0.001975299
79250,5.3,171.0,574,0.000515931
79254,5.3,163.0,714,0.000621755
79256,5.3,164.0,561,0.000714794
79257,5.3,166.0,280,0.000916923
79260,5.3,190.0,382,0.000433844
79262,5.3,108.0,543,0.000777822
79264,5.3,205.0,709,0.000266178
79265,5.3,208.0,282,0.000292694
79270,5.3,89.0,376,0.003002833
79336,4.4,132.0,914,0.000621929
79337,4.4,147.0,338,0.000233337
79338,4.4,146.0,183,0.000314443
79339,4.4,112.0,407,0.004175061
79405,4.6,161.0,1007,9.19547e-05
79406,4.6,28.0,473,0.004414424
79407,4.6,58.0,408,0.000553186
79408,4.6,113.0,263,0.000611503
79409,4.6,114.0,409,0.000405931
79432,4.6,173.0,350,0.000200521
79433,4.6,58.0,417,0.001112465
79481,4.3,112.0,307,0.000644619
79482,4.3,157.0,986,0.00021542
79489,4.3,139.0,558,0.000501462
79491,4.3,82.0,468,0.001724608
79493,4.3,60.0,460,0.001780936
79494,4.3,81.0,131,0.001639657
79495,4.3,90.0,875,0.000950641
79496,4.3,79.0,145,0.002817954
79500,4.3,123.0,271,0.000822705
79501,4.3,98.0,328,0.001974053
79502,4.3,78.0,415,0.000974371
79503,4.3,68.0,328,0.005504969
79508,4.3,109.0,340,0.00115102
79515,4.3,144.0,243,0.000140025
79516,4.3,53.0,417,0.000919651
79573,4.2,127.0,449,0.00017353
79575,4.2,111.0,562,0.000619692
79583,4.2,101.0,264,0.000630865
79584,4.2,101.0,407,0.000485507
79587,4.2,124.0,445,8.8828e-05
79590,4.2,24.0,343,0.00275629
79591,4.2,55.0,438,0.001815731
79592,4.2,30.0,313,0.004104366
79594,4.2,24.0,391,0.01501274
79595,4.2,121.0,629,0.000232547
79597,4.2,89.0,462,0.00037921
79599,4.3,147.0,873,0.000732517
79600,4.3,82.0,732,0.001848203
79602,4.3,149.0,236,0.00093659
79609,3.8,58.0,330,0.001627053
79611,3.8,67.0,312,0.0010199
79614,3.8,67.0,555,0.000460409
79621,3.8,104.0,314,0.00127622
79622,3.8,100.0,396,0.000620618
79623,3.8,119.0,301,0.001110826
79624,3.8,58.0,375,0.001140959
79626,3.8,134.0,570,0.000456481
79639,3.8,135.0,403,0.000219661
79641,3.8,132.0,429,0.000292877
79642,3.8,121.0,214,0.000502728
79643,3.8,132.0,366,0.000430993
79644,3.8,140.0,238,0.000186635
79647,3.8,107.0,336,0.002069329
79649,3.8,112.0,225,0.00254511
79650,3.8,134.0,538,0.000260029
79651,3.8,148.0,288,0.000724591
79652,3.8,109.0,277,0.001463635
79653,3.8,134.0,312,0.000535701
79654,3.8,144.0,382,0.000422038
79655,3.8,143.0,358,0.000369084
79666,4.4,58.0,330,0.002825059
79669,4.4,68.0,312,0.00145996
79673,4.4,87.0,444,0.001576116
79682,4.4,180.0,929,0.000321434
79687,4.4,112.0,459,0.001208088
79688,4.4,102.0,396,0.001607811
79690,4.4,109.0,249,0.00144041
79692,4.4,140.0,410,0.001178794
79695,4.4,135.0,570,0.000894814
79715,4.4,134.0,192,0.001808297
79716,4.4,134.0,403,0.001009873
79718,4.4,125.0,286,0.003535881
79720,4.4,131.0,429,0.001127384
79721,4.4,120.0,214,0.002036349
79722,4.4,131.0,366,0.001918713
79723,4.4,138.0,238,0.000844407
79728,4.4,160.0,709,0.00111068
79729,4.4,178.0,333,0.000757198
79732,4.4,167.0,452,0.000368401
79733,4.4,153.0,283,0.001237311
79734,4.4,151.0,420,0.000424235
79735,4.4,171.0,1747,0.000243223
79736,4.4,161.0,1182,0.000339415
79742,4.4,120.0,193,0.003313496
79743,4.4,93.0,558,0.00156558
79744,4.4,173.0,313,0.000471899
79745,4.4,162.0,836,0.000328123
79746,4.4,166.0,131,0.00091801
79747,4.4,160.0,875,0.000367377
79749,4.4,174.0,745,0.000341642
79750,4.4,177.0,207,0.000185553
79751,4.4,179.0,271,0.000243575
79753,4.4,162.0,328,0.001533815
79754,4.4,101.0,608,0.0006083
79756,4.4,179.0,317,0.00041079
79757,4.4,172.0,300,0.000656374
79758,4.4,163.0,484,0.000448014
79763,4.4,186.0,438,0.000310507
79765,4.4,162.0,391,0.000861482
79766,4.4,141.0,340,0.000395578
79769,4.4,102.0,629,0.00142187
79770,4.4,124.0,229,0.001124985
79773,4.4,111.0,225,0.009456315
79774,4.4,129.0,224,0.001026775
79776,4.4,133.0,538,0.000581003
79777,4.4,135.0,484,0.001510997
79778,4.4,155.0,397,0.000477263
79779,4.4,170.0,280,0.000747761
79780,4.4,147.0,288,0.003068976
79781,4.4,110.0,277,0.00297716
79782,4.4,135.0,312,0.001255355
79783,4.4,147.0,196,0.000928469
79784,4.4,145.0,382,0.000836716
79785,4.4,144.0,358,0.001015146
79786,4.4,153.0,199,0.000707027
79824,5.0,210.0,344,0.000350697
79825,5.0,132.0,1007,0.000670001
79826,5.0,149.0,297,0.002931971
79830,5.0,110.0,408,0.000703408
79831,5.0,77.0,457,0.002714104
79832,5.0,54.0,575,0.001739301
79843,4.3,104.0,285,0.000773144
79844,4.3,83.0,290,0.000679051
79845,4.3,101.0,534,0.000598608
79846,4.3,115.0,299,0.000747849
79847,4.3,79.0,540,0.002653198
79849,4.3,150.0,402,0.00035158
79850,4.3,159.0,408,0.00020617
79867,5.2,230.0,495,0.000133508
79868,5.2,169.0,303,0.000420481
79878,5.2,39.0,364,0.003207501
79889,5.2,234.0,450,0.000171235
79923,4.9,158.0,732,0.000132751
79924,4.9,168.0,278,0.000171114
79925,4.9,215.0,236,0.000237316
79926,4.9,200.0,219,0.000294205
79936,4.3,162.0,965,0.000213513
79941,4.3,149.0,450,0.000286271
79944,4.3,127.0,567,0.000287037
79945,4.3,124.0,416,0.000918056
79947,4.3,163.0,372,0.000557554
79948,4.3,81.0,444,0.001807423
79951,4.3,165.0,309,0.000387257
79952,4.3,171.0,521,0.000238049
79953,4.3,128.0,305,0.000757836
79954,4.3,126.0,637,0.000116741
79955,4.3,135.0,1380,0.000153548
79964,4.3,161.0,246,0.00088706
79965,4.3,183.0,574,9.036e-05
79966,4.3,180.0,715,8.75788e-05
79969,4.3,185.0,280,0.000172445
79971,4.3,125.0,543,0.000616575
79972,4.3,92.0,1072,0.000534647
79973,4.3,138.0,320,0.00027387
79975,4.3,135.0,691,0.000282758
79977,4.3,46.0,528,0.024544156
79978,4.3,122.0,207,0.000937452
79979,4.3,125.0,426,0.000332322
79980,4.3,130.0,978,0.000132053
79981,4.3,132.0,804,0.000230732
79986,4.3,164.0,248,0.000794403
80003,4.5,166.0,350,0.00031682
80006,4.5,147.0,243,0.00038687
80009,4.5,94.0,432,0.000708314
80083,4.2,46.0,460,0.00249849
80084,4.2,85.0,387,0.002714587
80085,4.2,89.0,562,0.000501234
80086,4.2,94.0,397,0.00195099
80087,4.2,43.0,312,0.001635825
80089,4.2,46.0,662,0.002550409
80090,4.2,65.0,444,0.002184248
80091,4.2,83.0,293,0.00268405
80098,4.2,120.0,375,0.000841315
80101,4.2,127.0,403,0.001117812
80102,4.2,81.0,324,0.001051121
80103,4.2,146.0,483,0.000418562
80105,4.2,147.0,214,0.000958156
80107,4.2,71.0,193,0.003561709
80108,4.2,110.0,771,0.000648071
80110,4.2,110.0,313,0.001092755
80111,4.2,101.0,827,0.000635003
80112,4.2,107.0,468,0.001031852
80114,4.2,103.0,171,0.000777524
80115,4.2,121.0,460,0.000414333
80116,4.2,97.0,875,0.000751091
80117,4.2,103.0,145,0.000891121
80123,4.2,122.0,415,0.000412059
80124,4.2,104.0,328,0.001993889
80125,4.2,140.0,1141,0.000221767
80126,4.2,47.0,608,0.000884041
80129,4.2,152.0,343,0.000357957
80130,4.2,77.0,340,0.000762186
80131,4.2,42.0,292,0.001351634
80134,4.2,61.0,229,0.001607329
80136,4.2,148.0,462,0.00018271
80138,4.2,153.0,1005,0.000334274
80177,4.2,90.0,340,0.000711279
80181,4.2,132.0,257,0.000592696
80186,4.2,73.0,445,0.000729598
80187,4.2,40.0,273,0.002426689
80188,4.2,62.0,362,0.003836598
80189,4.2,59.0,338,0.001248857
80190,4.2,29.0,229,0.009552039
80198,4.2,119.0,305,0.000381964
80201,4.2,125.0,181,0.000563241
80202,4.2,112.0,282,0.000688258
80203,4.2,107.0,190,0.001243241
80211,4.2,129.0,370,0.000358886
80213,4.2,81.0,412,0.000278025
80214,4.2,95.0,381,0.000799673
80215,4.2,51.0,401,0.000803262
80228,4.2,16.0,282,0.012611094
80233,4.2,28.0,183,0.00644009
80234,4.2,33.0,407,0.003947681
80236,4.2,130.0,630,0.000171557
80238,4.3,68.0,460,0.001983339
80240,4.3,43.0,330,0.004847265
80242,4.3,122.0,312,0.000954594
80244,4.3,68.0,662,0.003622602
80245,4.3,70.0,293,0.002640801
80252,4.3,165.0,410,0.001719156
80258,4.3,85.0,192,0.003655449
80259,4.3,100.0,403,0.001875711
80260,4.3,69.0,286,0.003454063
80261,4.3,84.0,483,0.005039022
80262,4.3,84.0,429,0.001843513
80266,4.3,180.0,1747,0.000185329
80268,4.3,119.0,558,0.000967709
80269,4.3,175.0,328,0.000710021
80270,4.3,155.0,629,0.000709454
80272,4.3,56.0,225,0.008160816
80273,4.3,101.0,224,0.001736598
80274,4.3,92.0,538,0.001611769
80275,4.3,92.0,288,0.005633655
80276,4.3,58.0,272,0.003118324
80277,4.3,151.0,312,0.001427971
80279,4.3,172.0,199,0.000963578
80311,4.3,128.0,439,0.000215909
80314,4.3,98.0,583,0.00038488
80315,4.3,109.0,965,0.000671099
80322,4.3,121.0,390,0.000833535
80325,4.3,72.0,469,0.000347072
80327,4.3,58.0,758,0.000579269
80329,4.3,68.0,558,0.000602928
80330,4.3,48.0,523,0.001726969
80340,4.3,140.0,377,0.000208025
80341,4.3,96.0,374,0.000598604
80342,4.3,151.0,460,0.000188711
80343,4.3,95.0,688,0.000301051
80345,4.3,138.0,338,0.000291516
80347,4.3,77.0,445,0.000580853
80348,4.3,103.0,533,0.000305427
80350,4.3,119.0,305,0.000664365
80351,4.3,148.0,637,7.66904e-05
80353,4.3,109.0,654,0.000159141
80355,4.3,43.0,731,0.001650191
80356,4.3,74.0,246,0.001117566
80358,4.3,20.0,484,0.008458026
80360,4.3,16.0,574,0.00375524
80361,4.3,16.0,715,0.002139269
80362,4.3,15.0,545,0.002657668
80363,4.3,14.0,484,0.00848737
80365,4.3,11.0,561,0.003989786
80366,4.3,7.7,280,0.012205965
80368,4.3,12.0,317,0.007064895
80369,4.3,86.0,186,0.000615688
80370,4.3,24.0,382,0.003660109
80371,4.3,70.0,543,0.000646933
80372,4.3,28.0,428,0.003555915
80374,4.3,86.0,463,0.001695243
80483,4.6,121.0,1113,9.4488e-05
80484,4.6,69.0,285,0.000716192
80490,4.6,122.0,344,0.000525684
80494,4.4,65.0,285,0.001508708
80497,4.4,142.0,549,0.000111402
80498,4.4,74.0,248,0.002470854
80499,4.4,105.0,236,0.000700967
80500,4.4,66.0,599,0.000363598
80503,4.4,119.0,1822,0.000108244
80698,5.0,138.0,390,0.000283836
80699,5.0,67.0,630,0.002027218
80700,5.0,73.0,986,0.002116596
80704,5.0,156.0,387,0.000447578
80705,5.0,179.0,300,0.000288676
80706,5.0,219.0,562,0.000124569
80707,5.0,166.0,312,0.000352253
80708,5.0,163.0,430,0.000398302
80709,5.0,197.0,662,0.000190892
80710,5.0,171.0,444,0.000517495
80720,5.0,214.0,403,0.00025944
80721,5.0,219.0,324,0.000346866
80723,5.0,248.0,429,0.000179543
80724,5.0,194.0,366,0.000384119
80732,5.0,169.0,462,0.000202524
80733,5.0,145.0,345,0.000237878
80734,5.0,172.0,549,0.000141698
80735,5.0,158.0,567,0.000149434
80736,5.0,172.0,477,0.000180814
80740,5.0,126.0,558,0.000637605
80745,5.0,56.0,171,0.002320364
80747,5.0,54.0,131,0.003473628
80749,5.0,57.0,145,0.002892053
80754,5.0,95.0,207,0.001959308
80759,5.0,86.0,328,0.007094882
80765,5.0,253.0,391,7.62474e-05
80766,5.0,74.0,340,0.001274891
80768,5.0,125.0,359,0.000503841
80770,5.0,145.0,629,0.00056484
80771,5.0,101.0,273,0.003117866
80773,5.0,92.0,229,0.002016771
80777,5.0,91.0,324,0.001294737
80778,5.0,110.0,697,0.000326709
80779,5.0,134.0,873,0.000332039
80781,5.0,146.0,732,0.000111295
80783,5.0,161.0,278,9.21544e-05
80784,5.0,89.0,948,0.000788482
80785,5.0,119.0,1010,0.000503269
80786,5.0,125.0,219,0.000783345
80790,5.0,165.0,462,0.000135095
80792,5.0,230.0,1005,0.00019873
80879,4.7,107.0,580,0.001326075
80880,4.7,45.0,630,0.004223858
80883,4.7,91.0,771,0.000764128
80884,4.7,92.0,313,0.003928834
80886,4.7,86.0,460,0.001376161
80888,4.7,103.0,875,0.000630763
80889,4.7,99.0,145,0.001642753
80890,4.7,90.0,745,0.001812863
80891,4.7,78.0,328,0.003720001
80892,4.7,78.0,415,0.001553363
80896,4.7,123.0,340,0.000617622
80897,4.7,82.0,747,0.002262939
80898,4.7,124.0,732,0.000398816
80900,4.7,78.0,948,0.003178659
80901,4.7,135.0,1010,0.000508056
80902,4.7,118.0,219,0.002132902
80904,5.4,110.0,580,0.002418524
80905,5.4,47.0,630,0.01313567
80910,5.4,219.0,312,0.000426857
80912,5.4,248.0,662,0.000308449
80925,5.4,185.0,345,0.00076706
80927,5.4,189.0,549,0.000420297
80931,5.4,93.0,771,0.002056386
80933,5.4,95.0,468,0.003396988
80934,5.4,103.0,836,0.001423215
80935,5.4,101.0,171,0.004522199
80936,5.4,87.0,460,0.004695008
80937,5.4,100.0,131,0.004308065
80938,5.4,105.0,875,0.001499736
80940,5.4,100.0,249,0.003485083
80941,5.4,82.0,414,0.005500746
80942,5.4,91.0,745,0.00507925
80943,5.4,63.0,306,0.006902495
80944,5.4,102.0,271,0.002212474
80945,5.4,80.0,328,0.009171282
80946,5.4,80.0,415,0.003708143
80947,5.4,120.0,328,0.004704337
80948,5.4,68.0,1141,0.005654247
80952,5.4,124.0,340,0.001628818
80953,5.4,172.0,359,0.000558292
80956,5.4,143.0,229,0.002233692
80961,5.4,140.0,873,0.000768148
80962,5.4,83.0,747,0.00395405
80964,5.4,125.0,732,0.000856599
80966,5.4,149.0,278,0.000490861
80967,5.4,198.0,236,0.001034086
80968,5.4,80.0,948,0.005908651
80969,5.4,138.0,1010,0.000892887
80970,5.4,120.0,219,0.004043425
80975,5.4,211.0,462,0.00030042
80976,5.4,259.0,1005,0.000196131
80984,4.6,107.0,580,0.000904495
80985,4.6,42.0,630,0.002724525
80986,4.6,87.0,986,0.001994942
80991,4.6,97.0,313,0.002235356
80993,4.6,91.0,460,0.000946521
80994,4.6,108.0,875,0.000511671
80995,4.6,94.0,745,0.001272211
80997,4.6,63.0,306,0.003469069
80998,4.6,102.0,271,0.001004312
80999,4.6,82.0,415,0.001128517
81000,4.6,124.0,328,0.000635073
81004,4.6,127.0,340,0.000479891
81006,4.6,135.0,873,0.000231809
81007,4.6,119.0,732,0.000242026
81008,4.6,73.0,694,0.001891161
81009,4.6,75.0,948,0.00172119
81010,4.6,134.0,1010,0.000286732
81011,4.6,115.0,219,0.000939498
81076,4.8,60.0,463,0.004890486
81086,4.8,141.0,907,0.000313843
81088,4.8,88.0,907,0.002429158
81091,4.8,105.0,315,0.000599849
81092,4.8,170.0,567,0.000268241
81093,4.8,47.0,320,0.008448481
81094,4.8,141.0,416,0.000649162
81095,4.8,186.0,875,0.000422922
81096,4.8,83.0,284,0.001509803
81097,4.8,69.0,435,0.003396078
81098,4.8,114.0,372,0.00082219
81099,4.8,180.0,444,0.00044602
81100,4.8,76.0,375,0.001679292
81101,4.8,71.0,495,0.001355543
81103,4.8,125.0,368,0.000345131
81106,4.8,192.0,309,0.000288698
81107,4.8,131.0,594,0.000503458
81108,4.8,123.0,367,0.000939826
81109,4.8,157.0,521,0.000383255
81118,4.8,102.0,518,0.000261476
81119,4.8,176.0,450,0.000355836
81132,5.3,94.0,350,0.002478834
81135,5.3,118.0,368,0.000839122
81136,5.3,57.0,243,0.004017473
81137,5.3,46.0,417,0.004464689
81138,5.3,50.0,645,0.00183029
81140,5.3,41.0,432,0.009930419
81179,3.8,70.0,630,0.000173
81180,3.8,68.0,986,0.000375097
81181,3.8,51.0,697,0.000357451
81182,3.8,30.0,732,0.000626048
81183,3.8,53.0,694,0.000710348
81185,3.8,71.0,1010,0.000296456
81186,3.8,14.0,219,0.006878459
81212,4.3,77.0,528,0.000349777
81214,4.3,82.0,463,0.000642985
81220,4.3,102.0,907,0.000103546
81222,4.3,112.0,329,9.93751e-05
81223,4.3,89.0,315,0.000245573
81224,4.3,24.0,320,0.010637291
81226,4.3,61.0,284,0.000689406
81227,4.3,72.0,955,0.000168783
81228,4.3,49.0,435,0.002305395
81229,4.3,98.0,372,0.000219347
81230,4.3,72.0,375,0.001613641
81232,4.3,63.0,195,0.004930702
81234,4.3,104.0,303,0.000886412
81236,4.3,117.0,368,0.000348567
81240,4.3,111.0,594,0.000245009
81241,4.3,102.0,367,0.000166884
81250,4.3,80.0,518,0.000172797
81298,4.6,113.0,1113,0.000233272
81300,4.6,151.0,630,0.000131479
81301,4.6,112.0,986,0.000220044
81302,4.6,148.0,894,0.000106008
81303,4.6,55.0,337,0.001537047
81304,4.6,90.0,356,0.001076669
81307,4.6,85.0,462,0.001531793
81309,4.6,39.0,344,0.004247861
81310,4.6,60.0,303,0.004368743
81311,4.6,24.0,549,0.00797567
81312,4.6,47.0,567,0.001915354
81316,4.6,48.0,248,0.002756239
81317,4.6,57.0,873,0.00088315
81318,4.6,20.0,372,0.016857285
81319,4.6,114.0,732,0.000163582
81320,4.6,29.0,236,0.006792492
81321,4.6,68.0,1010,0.000855436
81322,4.6,57.0,599,0.001411304
81323,4.6,45.0,234,0.002943454
81352,5.7,127.0,293,0.002037415
81357,5.7,182.0,216,0.001196783
81411,5.0,91.0,946,0.000713398
81412,5.0,75.0,439,0.002990845
81413,5.0,44.0,501,0.003762151
81414,5.0,55.0,208,0.002292883
81415,5.0,65.0,583,0.001108677
81416,5.0,106.0,965,0.001382456
81426,5.0,181.0,390,0.001668379
81427,5.0,212.0,660,0.000265047
81428,5.0,147.0,863,0.000897935
81431,5.0,98.0,758,0.00611155
81432,5.0,138.0,721,0.001823948
81433,5.0,49.0,558,0.003707795
81434,5.0,39.0,523,0.01121256
81444,5.0,122.0,470,0.002660455
81445,5.0,119.0,283,0.002219778
81447,5.0,121.0,377,0.002078489
81448,5.0,54.0,374,0.007809964
81449,5.0,133.0,344,0.003373868
81451,5.0,81.0,272,0.006204154
81452,5.0,56.0,445,0.003634281
81453,5.0,64.0,485,0.008682696
81454,5.0,75.0,533,0.003104005
81457,5.0,151.0,612,0.000590449
81459,5.0,131.0,305,0.002747185
81461,5.0,157.0,637,0.000320443
81462,5.0,121.0,384,0.000662937
81463,5.0,248.0,1380,8.31349e-05
81465,5.0,165.0,654,0.00018839
81471,5.0,81.0,246,0.005203454
81477,5.0,59.0,545,0.002523824
81478,5.0,62.0,484,0.003965167
81479,5.0,65.0,714,0.004380216
81480,5.0,68.0,440,0.004581075
81481,5.0,64.0,561,0.002706846
81482,5.0,61.0,280,0.003547002
81483,5.0,66.0,346,0.005806296
81484,5.0,63.0,317,0.004770911
81485,5.0,118.0,186,0.002172492
81486,5.0,44.0,382,0.003405798
81487,5.0,46.0,347,0.003351747
81488,5.0,124.0,543,0.001568508
81489,5.0,43.0,428,0.003557049
81490,5.0,160.0,678,0.000783848
81493,5.0,222.0,1072,0.000125971
81497,5.0,197.0,376,0.001720124
81563,4.2,61.0,630,0.00059053
81566,4.2,54.0,771,0.000796814
81567,4.2,131.0,558,0.000368629
81570,4.2,62.0,836,0.00072401
81571,4.2,58.0,460,0.001150014
81572,4.2,60.0,131,0.001781705
81573,4.2,62.0,875,0.000960188
81575,4.2,60.0,414,0.001349682
81576,4.2,51.0,745,0.001716048
81577,4.2,76.0,205,0.001222961
81578,4.2,101.0,207,0.000313926
81580,4.2,50.0,271,0.001532468
81581,4.2,29.0,328,0.003553055
81582,4.2,38.0,415,0.002825309
81583,4.2,92.0,328,0.001932607
81586,4.2,147.0,629,0.000224088
81589,4.2,141.0,732,5.28123e-05
81590,4.2,70.0,694,0.000632905
81591,4.2,83.0,948,0.000882666
81592,4.2,113.0,1010,0.000209081
81593,4.2,119.0,219,0.000582552
81596,4.5,63.0,630,0.000434477
81600,4.5,54.0,827,0.000762829
81601,4.5,58.0,196,0.000902889
81602,4.5,61.0,836,0.00049015
81603,4.5,57.0,460,0.001509924
81605,4.5,60.0,875,0.000612582
81607,4.5,50.0,745,0.001208991
81610,4.5,27.0,328,0.003028191
81611,4.5,37.0,415,0.001350744
81612,4.5,91.0,328,0.001972153
81615,4.5,144.0,629,0.000157891
81627,4.3,143.0,439,0.000259291
81629,4.3,121.0,583,0.00093419
81630,4.3,128.0,965,0.000670206
81637,4.3,103.0,390,0.006387187
81638,4.3,132.0,660,0.000586415
81645,4.3,76.0,558,0.001262988
81646,4.3,59.0,523,0.004866935
81665,4.3,115.0,272,0.000869677
81666,4.3,144.0,338,0.000548817
81667,4.3,84.0,445,0.002221724
81668,4.3,96.0,485,0.00103203
81669,4.3,110.0,533,0.0005251
81673,4.3,163.0,637,0.000129583
81674,4.3,172.0,1380,0.000252234
81678,4.3,98.0,654,0.00062707
81683,4.3,89.0,315,0.000877202
81685,4.3,93.0,246,0.002197534
81690,4.3,38.0,574,0.001085157
81691,4.3,36.0,715,0.001565957
81692,4.3,35.0,545,0.002177028
81693,4.3,33.0,484,0.002933294
81694,4.3,31.0,714,0.002764818
81695,4.3,27.0,440,0.004653569
81696,4.3,28.0,280,0.005300083
81697,4.3,31.0,317,0.004283418
81698,4.3,96.0,186,0.001000451
81700,4.3,35.0,347,0.002427039
81701,4.3,66.0,543,0.001259172
81702,4.3,41.0,428,0.001018397
81704,4.3,192.0,986,0.000216873
81709,4.3,97.0,426,0.001228283
81769,3.2,50.0,192,0.000273215
81771,3.2,52.0,483,0.000192409
81777,3.8,32.0,460,0.003165909
81780,3.8,94.0,330,0.000577034
81781,3.8,80.0,397,0.000801003
81782,3.8,33.0,312,0.00349492
81784,3.8,33.0,662,0.005589944
81785,3.8,42.0,293,0.0023163
81793,3.8,110.0,314,0.000634419
81794,3.8,135.0,348,0.000469328
81797,3.8,103.0,448,0.00099064
81801,3.8,136.0,570,0.000428515
81822,3.8,87.0,558,0.000203189
81823,3.8,149.0,827,0.000137454
81826,3.8,146.0,875,0.000155936
81829,3.8,119.0,343,0.000695778
81830,3.8,83.0,259,0.000422891
81833,3.8,68.0,336,0.001626807
81834,3.8,67.0,629,0.001064609
81836,3.8,142.0,462,0.0002142
81837,3.8,143.0,312,0.000312504
81838,3.8,148.0,382,0.000398416
81901,4.8,109.0,290,0.000792114
81902,4.8,115.0,534,0.000691157
81903,4.8,122.0,596,0.000285012
81908,4.8,167.0,599,0.000465527
81910,4.8,189.0,473,0.000903205
81912,4.8,188.0,408,0.000255886
81926,4.8,54.0,369,0.00656005
81927,4.8,141.0,390,0.000700826
81928,4.8,120.0,301,0.000858067
81929,4.8,111.0,580,0.000820271
81931,4.8,103.0,986,0.00140172
81935,4.8,156.0,460,0.000903274
81936,4.8,141.0,300,0.000956747
81937,4.8,184.0,562,0.000267689
81938,4.8,139.0,223,0.002556924
81939,4.8,129.0,312,0.001691991
81940,4.8,121.0,430,0.001749409
81941,4.8,156.0,662,0.000853719
81942,4.8,130.0,444,0.002445071
81958,4.8,176.0,462,0.000277585
81959,4.8,146.0,345,0.00070204
81961,4.8,85.0,193,0.006884543
81962,4.8,12.0,771,0.074278786
81964,4.8,16.0,313,0.105376631
81965,4.8,9.1,827,0.02658634
81968,4.8,15.0,836,0.014923136
81969,4.8,17.0,171,0.043986301
81970,4.8,28.0,460,0.043005979
81971,4.8,3.4,695,0.048631026
81972,4.8,15.0,131,0.063061198
81973,4.8,14.0,875,0.016177712
81974,4.8,18.0,145,0.047383951
81975,4.8,9.8,249,0.048201647
81976,4.8,38.0,414,0.010939303
81977,4.8,9.3,745,0.178170533
81978,4.8,69.0,207,0.001514547
81979,4.8,47.0,306,0.008254922
81980,4.8,12.0,271,0.002618365
81981,4.8,41.0,271,0.005149703
81982,4.8,25.0,328,0.026461415
81983,4.8,12.0,415,0.026508668
81989,4.8,174.0,259,0.000862914
81990,4.8,33.0,340,0.006177692
81991,4.8,82.0,292,0.001249886
81992,4.8,114.0,359,0.00185313
81993,4.8,146.0,336,0.00159465
81994,4.8,114.0,629,0.00189148
81996,4.8,47.0,341,0.011820128
81997,4.8,52.0,229,0.0044721
82001,4.8,165.0,873,0.000231634
82003,4.8,113.0,694,0.000539842
82004,4.8,128.0,948,0.000434067
82005,4.8,154.0,462,0.000618605
82174,5.4,278.0,1113,0.000318284
82175,5.4,167.0,630,0.000227846
82176,5.4,209.0,986,0.000147858
82177,5.4,277.0,344,0.001017431
82178,5.4,250.0,549,0.001075941
82179,5.4,260.0,567,0.000446606
82180,5.4,274.0,313,0.000140587
82182,5.4,248.0,1141,9.90262e-05
82185,5.4,200.0,873,0.000869378
82186,5.4,129.0,732,0.000806336
82187,5.4,186.0,694,0.000128465
82188,5.4,154.0,278,0.002386985
82189,5.4,172.0,219,0.00157047
82190,5.4,260.0,599,0.000397118
82191,5.4,207.0,234,0.001636337
82195,6.1,228.0,226,0.003869462
82196,6.1,254.0,368,0.000897853
82197,6.1,199.0,449,0.002121928
82198,6.1,254.0,245,0.00131093
82202,6.1,100.0,340,0.014795525
82204,6.1,165.0,429,0.006118215
82206,6.1,205.0,473,0.001992432
82207,6.1,210.0,373,0.004546396
82209,6.1,148.0,257,0.009713679
82211,6.1,238.0,562,0.001831558
82212,6.1,254.0,293,0.003258264
82213,6.1,109.0,929,0.004791308
82218,6.1,91.0,445,0.009917015
82219,6.1,46.0,471,0.054893546
82220,6.1,81.0,365,0.012653968
82221,6.1,25.0,273,0.109650262
82222,6.1,80.0,362,0.027500845
82223,6.1,77.0,338,0.013202241
82224,6.1,45.0,229,0.119129717
82226,6.1,145.0,252,0.016232826
82227,6.1,176.0,314,0.003559477
82228,6.1,145.0,348,0.016366206
82229,6.1,167.0,459,0.004866345
82230,6.1,177.0,396,0.004721552
82231,6.1,173.0,448,0.004714663
82232,6.1,169.0,249,0.012405426
82233,6.1,160.0,301,0.012124032
82234,6.1,142.0,410,0.009736425
82235,6.1,227.0,375,0.00333138
82237,6.1,147.0,570,0.004255286
82257,6.1,211.0,510,0.001316454
82258,6.1,148.0,348,0.005597091
82260,6.1,211.0,335,0.003464576
82263,6.1,118.0,328,0.009300065
82265,6.1,128.0,264,0.005791008
82266,6.1,144.0,482,0.002688427
82267,6.1,152.0,407,0.004462855
82273,6.1,149.0,1236,0.003435022
82274,6.1,164.0,595,0.005468343
82275,6.1,118.0,587,0.008348314
82276,6.1,166.0,323,0.003801017
82277,6.1,169.0,452,0.002656967
82278,6.1,184.0,283,0.010867873
82279,6.1,139.0,1182,0.003807606
82287,6.1,246.0,362,0.001831565
82288,6.1,233.0,514,0.001990796
82289,6.1,191.0,299,0.002906114
82295,6.1,76.0,999,0.011428028
82296,6.1,82.0,769,0.004451661
82297,6.1,82.0,290,0.020622636
82298,6.1,71.0,380,0.006648626
82299,6.1,114.0,300,0.010589666
82300,6.1,92.0,352,0.015602624
82301,6.1,78.0,282,0.014852715
82302,6.1,76.0,303,0.014151497
82303,6.1,85.0,826,0.005935726
82304,6.1,86.0,188,0.015237535
82305,6.1,86.0,215,0.010835572
82306,6.1,70.0,203,0.030739555
82307,6.1,130.0,484,0.007560897
82308,6.1,130.0,570,0.004839027
82311,6.1,129.0,304,0.009539512
82317,6.1,230.0,458,0.001678842
82318,6.1,239.0,343,0.002204075
82319,6.1,174.0,438,0.003675001
82320,6.1,252.0,259,0.002560263
82321,6.1,231.0,313,0.001617605
82323,6.1,210.0,391,0.002264214
82325,6.1,47.0,412,0.011819918
82326,6.1,57.0,215,0.026248886
82327,6.1,62.0,381,0.068389406
82328,6.1,30.0,272,0.073350476
82337,6.1,252.0,224,0.003211703
82340,6.1,231.0,421,0.002496487
82343,6.1,180.0,277,0.00841108
82344,6.1,157.0,312,0.011043544
82345,6.1,143.0,196,0.011934639
82346,6.1,140.0,382,0.017260458
82347,6.1,142.0,358,0.009202242
82348,6.1,136.0,199,0.009787072
82349,6.1,120.0,280,0.006662759
82352,6.1,132.0,530,0.007472093
82353,6.1,119.0,393,0.008269378
82355,6.1,2.5,282,0.287464411
82356,6.1,3.6,280,0.330655576
82357,6.1,5.6,398,0.366613658
82358,6.1,6.9,914,0.584654201
82359,6.1,6.8,338,0.346320074
82360,6.1,3.5,183,0.314088128
82361,6.1,27.0,407,0.143307914
82431,4.4,107.0,340,0.000648646
82435,4.4,110.0,929,0.000126498
82440,4.4,105.0,445,0.000360232
82441,4.4,46.0,471,0.004376895
82442,4.4,96.0,365,0.001060966
82444,4.4,94.0,362,0.001205647
82445,4.4,91.0,338,0.000603826
82448,4.4,144.0,410,0.000559044
82449,4.4,148.0,570,0.00023531
82454,4.4,142.0,482,0.000231735
82455,4.4,151.0,407,0.000235099
82460,4.4,142.0,1182,0.000269937
82461,4.4,84.0,769,0.00030565
82464,4.4,116.0,300,0.000300011
82465,4.4,94.0,352,0.000454173
82466,4.4,80.0,282,0.000705205
82467,4.4,79.0,303,0.000673235
82470,4.4,89.0,215,0.00037841
82471,4.4,132.0,484,0.000251582
82480,4.4,64.0,381,0.005377397
82482,4.4,31.0,272,0.003193277
82494,4.4,145.0,196,0.000348421
82495,4.4,141.0,382,0.000459056
82496,4.4,144.0,358,0.000395315
82498,4.4,122.0,280,0.000194324
82499,4.4,147.0,530,0.000324094
82500,4.4,134.0,393,0.000511118
82505,4.4,37.0,407,0.010647891
82540,4.1,120.0,929,0.00027561
82545,4.1,54.0,471,0.007479496
82546,4.1,87.0,365,0.000512508
82548,4.1,87.0,362,0.001126887
82549,4.1,84.0,338,0.000463351
82550,4.1,51.0,229,0.003687594
82556,4.1,126.0,328,0.001056456
82557,4.1,128.0,298,0.001536182
82559,4.1,138.0,264,0.000396626
82560,4.1,148.0,482,0.000310793
82567,4.1,93.0,769,0.000503842
82568,4.1,93.0,290,0.001675954
82569,4.1,79.0,380,0.000516388
82570,4.1,124.0,300,0.00069669
82571,4.1,103.0,352,0.000807824
82572,4.1,107.0,253,0.000590269
82574,4.1,88.0,282,0.001163746
82575,4.1,86.0,214,0.001474599
82576,4.1,102.0,279,0.001404511
82577,4.1,96.0,826,0.00038647
82578,4.1,96.0,188,0.001087111
82580,4.1,140.0,484,0.000691772
82583,4.1,104.0,370,0.000580974
82584,4.1,140.0,304,0.000835104
82590,4.1,68.0,215,0.002057525
82591,4.1,73.0,381,0.00596172
82593,4.1,41.0,272,0.00381082
82604,4.1,150.0,382,0.00088499
82605,4.1,146.0,199,0.00059797
82606,4.1,131.0,280,0.000417999
82607,4.1,138.0,530,0.000233809
82608,4.1,125.0,393,0.000330694
82610,4.1,21.0,345,0.017777479
82616,4.1,28.0,407,0.010638371
82618,4.1,119.0,630,0.001010118
82679,3.7,111.0,929,0.000111125
82684,3.7,47.0,471,0.003956905
82690,3.7,148.0,570,0.000155985
82694,3.7,125.0,348,0.000454496
82696,3.7,145.0,482,5.56913e-05
82702,3.7,84.0,290,0.000671913
82705,3.7,94.0,352,0.00033072
82706,3.7,79.0,282,0.000549673
82707,3.7,74.0,190,0.000881262
82708,3.7,77.0,214,0.000735377
82711,3.7,131.0,484,0.000210142
82713,3.7,132.0,570,0.000169325
82716,3.7,96.0,370,0.000328688
82722,3.7,58.0,215,0.00112981
82723,3.7,64.0,381,0.001748854
82736,3.7,141.0,382,0.000240421
82737,3.7,144.0,358,0.000259303
82738,3.7,137.0,199,0.000252509
82739,3.7,134.0,393,0.000142081
82740,3.7,17.0,282,0.00582982
82741,3.7,19.0,280,0.005080805
82742,3.7,28.0,345,0.002443981
82746,3.7,35.0,407,0.007543357
82747,3.7,111.0,630,0.000295705
82942,4.2,102.0,460,0.001998727
82943,4.2,123.0,387,0.005178681
82944,4.2,75.0,321,0.002334838
82945,4.2,64.0,330,0.001505459
82946,4.2,119.0,430,0.0009644
82947,4.2,101.0,662,0.001983948
82949,4.2,97.0,444,0.002100566
82962,4.2,63.0,483,0.001510621
82963,4.2,35.0,214,0.005226247
82969,4.2,109.0,441,0.002063031
82970,4.2,134.0,321,0.001178612
82971,4.2,86.0,333,0.001181708
82972,4.2,144.0,247,0.000950548
82975,4.2,145.0,193,0.00155615
82976,4.2,144.0,558,0.000774786
82977,4.2,112.0,317,0.002317023
82978,4.2,119.0,284,0.001666253
82979,4.2,145.0,316,0.001478637
82981,4.2,28.0,225,0.061684332
82982,4.2,97.0,224,0.002778944
82984,4.2,78.0,538,0.001963519
82985,4.2,76.0,484,0.006129541
82986,4.2,96.0,397,0.000887458
82987,4.2,95.0,280,0.002400965
82988,4.2,61.0,288,0.00257316
82989,4.2,36.0,272,0.006701901
82990,4.2,65.0,225,0.002650357
82993,4.2,146.0,277,0.001559487
82996,4.2,107.0,1005,0.001647592
82998,3.8,49.0,630,0.000837539
82999,3.8,61.0,986,0.001893112
83003,3.8,66.0,771,0.000237669
83004,3.8,69.0,313,0.000378567
83009,3.8,69.0,460,0.000418251
83011,3.8,75.0,875,0.000229372
83013,3.8,77.0,459,0.000372794
83015,3.8,20.0,306,0.003714573
83016,3.8,60.0,271,0.001479708
83018,3.8,55.0,1141,0.00049598
83021,3.8,60.0,694,0.003146794
83041,4.6,43.0,435,0.000486416
83042,4.6,14.0,365,0.005130054
83043,4.6,59.0,495,0.00012402
83048,4.6,71.0,439,0.003150914
83049,4.6,127.0,501,0.000488631
83051,4.6,89.0,208,0.000980083
83052,4.6,158.0,521,0.000447625
83059,4.6,187.0,469,0.000963523
83060,4.6,109.0,758,0.00335331
83061,4.6,138.0,721,0.002093711
83062,4.6,60.0,558,0.010790964
83063,4.6,80.0,523,0.011537123
83074,4.6,30.0,597,0.050324255
83078,4.6,31.0,283,0.006197495
83080,4.6,34.0,350,0.018272478
83090,4.6,57.0,210,0.005016682
83093,4.6,51.0,445,0.007169467
83094,4.6,40.0,485,0.010993307
83098,4.6,167.0,731,0.000993398
83100,4.6,142.0,541,0.001838286
83101,4.6,126.0,484,0.001540043
83102,4.6,114.0,390,0.002277671
83103,4.6,138.0,715,0.001006276
83104,4.6,137.0,545,0.000881022
83105,4.6,138.0,484,0.001088176
83106,4.6,139.0,714,0.001564973
83108,4.6,133.0,280,0.002528034
83109,4.6,135.0,346,0.002024357
83110,4.6,137.0,317,0.003405323
83111,4.6,103.0,382,0.003463328
83112,4.6,110.0,347,0.002501253
83113,4.6,194.0,543,0.001070395
83114,4.6,99.0,428,0.004390869
83117,4.6,77.0,350,0.003474603
83118,4.6,113.0,426,0.000796624
84139,7.8,400.0,415,0.002971525
84140,7.8,233.0,356,0.014996982
84141,7.8,290.0,375,0.006275955
84143,7.8,13.0,424,0.274059523
84144,7.8,11.0,448,0.927674182
84145,7.8,13.0,350,1.092027194
84146,7.8,16.0,447,1.38327523
84147,7.8,29.0,460,0.985780397
84148,7.8,35.0,210,0.212028558
84150,7.8,151.0,367,0.034483874
84152,7.8,6.3,346,0.461296279
84153,7.8,245.0,691,0.004709098
84154,7.8,102.0,946,0.039392668
84155,7.8,76.0,485,0.043301798
84156,7.8,52.0,439,0.121686946
84157,7.8,79.0,501,0.056481328
84158,7.8,98.0,519,0.03937238
84159,7.8,155.0,583,0.009113728
84160,7.8,63.0,208,0.110352489
84161,7.8,95.0,583,0.059277432
84162,7.8,132.0,494,0.012637832
84163,7.8,110.0,965,0.048942345
84184,7.8,352.0,284,0.003525713
84185,7.8,389.0,368,0.003662139
84186,7.8,345.0,373,0.005847756
84187,7.8,401.0,363,0.004123589
84188,7.8,375.0,201,0.008907944
84189,7.8,405.0,450,0.003445419
84190,7.8,340.0,291,0.004872912
84191,7.8,422.0,473,0.002642028
84192,7.8,423.0,373,0.005811628
84193,7.8,375.0,540,0.004009943
84194,7.8,377.0,607,0.00248916
84195,7.8,347.0,344,0.003701464
84200,7.8,219.0,463,0.024355982
84207,7.8,429.0,255,0.002642023
84208,7.8,384.0,193,0.008739127
84215,7.8,130.0,519,0.07308707
84221,7.8,85.0,907,0.222295609
84222,7.8,115.0,489,0.041433057
84223,7.8,136.0,907,0.068225453
84224,7.8,119.0,329,0.037149862
84225,7.8,58.0,450,0.260698003
84226,7.8,68.0,860,0.035931239
84228,7.8,185.0,315,0.01150553
84229,7.8,191.0,567,0.00814312
84230,7.8,227.0,320,0.01078473
84231,7.8,159.0,416,0.028305872
84232,7.8,123.0,875,0.016921103
84233,7.8,227.0,284,0.097248669
84234,7.8,177.0,955,0.008175121
84235,7.8,213.0,435,0.064225849
84236,7.8,188.0,372,0.011145383
84237,7.8,142.0,444,0.01920873
84238,7.8,256.0,365,0.00671586
84239,7.8,283.0,195,0.00998898
84240,7.8,285.0,495,0.005517719
84241,7.8,289.0,303,0.008551552
84242,7.8,251.0,373,0.021590553
84243,7.8,31.0,758,0.147589981
84257,7.8,238.0,309,0.007577569
84258,7.8,236.0,425,0.007662957
84259,7.8,260.0,513,0.004631948
84260,7.8,224.0,594,0.012028648
84261,7.8,238.0,367,0.010599234
84262,7.8,225.0,521,0.006859837
84268,7.8,12.0,868,0.172602783
84273,7.8,12.0,470,0.595967447
84274,7.8,9.5,283,0.632974033
84275,7.8,15.0,567,0.352179415
84276,7.8,13.0,377,0.506100037
84277,7.8,31.0,377,0.161539076
84278,7.8,21.0,374,0.22907203
84279,7.8,22.0,344,0.449820629
84280,7.8,3.0,688,0.660547887
84282,7.8,3.1,272,0.579450699
84283,7.8,2.3,539,0.682446771
84284,7.8,1.2,445,0.361078076
84286,7.8,0.8,533,0.711147579
84289,7.8,235.0,1007,0.007137892
84291,7.8,202.0,297,0.019707769
84292,7.8,132.0,362,0.018987793
84293,7.8,248.0,490,0.010037703
84294,7.8,302.0,855,0.002996015
84295,7.8,186.0,408,0.022517088
84296,7.8,118.0,305,0.090423081
84297,7.8,164.0,499,0.024546256
84298,7.8,147.0,637,0.014739216
84299,7.8,154.0,384,0.021786098
84300,7.8,306.0,460,0.003158291
84311,7.8,11.0,1380,0.13415909
84312,7.8,90.0,579,0.121307591
84313,7.8,42.0,815,0.123708578
84314,7.8,77.0,735,0.03540431
84315,7.8,20.0,654,0.111121727
84321,7.8,15.0,731,0.346251174
84322,7.8,75.0,246,0.132915326
84326,7.8,0.6,390,0.536988233
84327,7.8,17.0,574,0.139582456
84329,7.8,14.0,484,0.302966548
84331,7.8,8.8,280,0.345650936
84332,7.8,78.0,186,0.090967507
84337,7.8,197.0,709,0.027347064
84340,7.8,233.0,366,0.005863549
84341,7.8,196.0,678,0.022050963
84345,7.8,318.0,198,0.007576004
84346,7.8,325.0,1024,0.003101881
84348,7.8,374.0,422,0.002998095
84349,7.8,414.0,246,0.006486324
84350,7.8,390.0,404,0.007041932
84352,7.8,386.0,1510,0.003019561
84354,7.8,403.0,420,0.004326598
84357,7.8,227.0,414,0.008187365
84358,7.8,208.0,282,0.012229228
84359,7.8,219.0,660,0.011863972
84360,7.8,205.0,392,0.021184454
84361,7.8,180.0,1072,0.015818138
84362,7.8,247.0,320,0.005648402
84363,7.8,106.0,445,0.035288312
84364,7.8,153.0,340,0.027224369
84365,7.8,142.0,528,0.018792282
84366,7.8,203.0,207,0.016107615
84367,7.8,214.0,426,0.011152716
84368,7.8,247.0,978,0.004869669
84369,7.8,209.0,804,0.005296081
84374,7.8,293.0,324,0.004464421
84375,7.8,273.0,377,0.005159476
84376,7.8,330.0,327,0.011062808
84377,7.8,307.0,417,0.0047813
84378,7.8,316.0,313,0.005660208
84379,7.8,285.0,248,0.014472543
84388,7.8,136.0,936,0.057015794
84389,7.8,68.0,986,0.110874057
84390,7.8,73.0,376,0.226266832
84393,7.8,321.0,906,0.00237551
84394,7.8,312.0,361,0.006622423
84399,7.8,267.0,214,0.015428679
84400,7.8,263.0,518,0.009927037
84401,7.8,280.0,538,0.005254532
84402,7.8,398.0,421,0.003621349
84405,7.8,213.0,450,0.035088525
84411,7.8,9.1,430,0.249606363
84412,7.8,28.0,350,0.157772699
84413,7.8,55.0,426,0.181880972
84414,7.8,331.0,473,0.006356018
84417,7.8,310.0,408,0.004104934
84418,7.8,281.0,457,0.007395355
84419,7.8,259.0,679,0.007426798
84420,7.8,202.0,575,0.009994495
84421,7.8,243.0,263,0.016757677
84422,7.8,244.0,409,0.011713256
84424,7.8,285.0,309,0.009051676
84426,7.8,350.0,942,0.004133658
84577,6.8,129.0,946,0.012456063
84578,6.8,138.0,485,0.011460579
84579,6.8,96.0,439,0.046001981
84580,6.8,90.0,501,0.020192948
84581,6.8,127.0,519,0.038408797
84582,6.8,170.0,583,0.003099619
84583,6.8,87.0,208,0.026768956
84584,6.8,102.0,583,0.024042898
84585,6.8,151.0,494,0.003733636
84586,6.8,112.0,965,0.015479883
84601,6.8,280.0,519,0.006858869
84606,6.8,251.0,907,0.001818327
84607,6.8,281.0,489,0.002333885
84608,6.8,302.0,907,0.002165081
84609,6.8,285.0,329,0.001796885
84610,6.8,225.0,450,0.004713535
84613,6.8,309.0,567,0.001188097
84614,6.8,293.0,416,0.00226395
84615,6.8,237.0,875,0.002475452
84616,6.8,328.0,955,0.001388599
84617,6.8,257.0,444,0.003532339
84618,6.8,44.0,758,0.045597441
84619,6.8,81.0,721,0.040623423
84620,6.8,12.0,523,0.375767767
84627,6.8,85.0,424,0.074613751
84628,6.8,77.0,868,0.051933373
84633,6.8,120.0,447,0.194984152
84635,6.8,100.0,377,0.049481618
84636,6.8,61.0,374,0.065520504
84637,6.8,114.0,460,0.04904489
84638,6.8,123.0,344,0.063605556
84639,6.8,56.0,688,0.093011263
84640,6.8,44.0,618,0.107951442
84641,6.8,70.0,272,0.140776637
84642,6.8,139.0,210,0.050747306
84643,6.8,99.0,338,0.071533925
84644,6.8,80.0,539,0.064804278
84645,6.8,38.0,445,0.150380401
84646,6.8,50.0,485,0.087464738
84647,6.8,64.0,533,0.060920425
84649,6.8,305.0,1007,0.001241618
84650,6.8,266.0,297,0.003643692
84651,6.8,168.0,362,0.005348943
84652,6.8,301.0,490,0.001935222
84653,6.8,189.0,408,0.013307899
84654,6.8,119.0,305,0.031946958
84655,6.8,169.0,499,0.014791555
84656,6.8,149.0,637,0.005889156
84657,6.8,161.0,384,0.008550293
84658,6.8,312.0,460,0.001036328
84660,6.8,244.0,458,0.004479221
84662,6.8,178.0,1380,0.004226058
84663,6.8,168.0,579,0.005216038
84664,6.8,126.0,815,0.013651283
84665,6.8,180.0,735,0.004007041
84666,6.8,100.0,654,0.00810758
84670,6.8,37.0,731,0.04307215
84671,6.8,77.0,246,0.069209287
84673,6.8,20.0,541,0.108087178
84674,6.8,9.3,484,0.110336314
84675,6.8,7.9,390,0.266172535
84676,6.8,20.0,574,0.135852312
84678,6.8,11.0,280,0.168566464
84679,6.8,7.0,346,0.09701148
84680,6.8,323.0,709,0.003491281
84681,6.8,239.0,366,0.002414317
84685,6.8,313.0,414,0.001028085
84686,6.8,275.0,282,0.002105144
84687,6.8,251.0,660,0.001660559
84688,6.8,206.0,392,0.009289498
84689,6.8,200.0,1072,0.002732227
84690,6.8,321.0,320,0.000854803
84691,6.8,139.0,445,0.008434308
84692,6.8,267.0,691,0.000655864
84693,6.8,197.0,340,0.005183759
84694,6.8,230.0,528,0.002206398
84695,6.8,215.0,207,0.00740495
84696,6.8,311.0,426,0.001532009
84697,6.8,307.0,978,0.000727502
84698,6.8,317.0,804,0.000788976
84702,6.8,319.0,324,0.001120695
84703,6.8,324.0,377,0.000937653
84704,6.8,322.0,248,0.004317118
84711,6.8,238.0,936,0.008354732
84712,6.8,201.0,986,0.005464431
84713,6.8,128.0,376,0.038477427
84716,6.8,323.0,906,0.000551632
84717,6.8,316.0,361,0.002367372
84722,6.8,277.0,214,0.008788386
84723,6.8,314.0,538,0.001254261
84724,6.8,53.0,463,0.16067263
84725,6.8,19.0,430,0.140761084
84726,6.8,45.0,350,0.059816514
84727,6.8,65.0,426,0.052191724
84728,6.8,294.0,575,0.001272906
84729,6.8,338.0,263,0.002541102
84730,6.8,340.0,409,0.001947164
84929,5.3,121.0,485,0.001269589
84930,5.3,79.0,439,0.003512551
84931,5.3,83.0,501,0.002712645
84932,5.3,159.0,583,0.000359901
84933,5.3,73.0,208,0.002303986
84934,5.3,140.0,494,0.00043977
84943,5.3,65.0,758,0.008941012
84944,5.3,7.9,523,0.149819887
84949,5.3,88.0,377,0.005536521
84950,5.3,40.0,688,0.011270022
84951,5.3,53.0,272,0.015484685
84952,5.3,21.0,445,0.078452954
84953,5.3,47.0,533,0.009364756
84955,5.3,161.0,305,0.003501918
84956,5.3,189.0,637,0.000487232
84957,5.3,111.0,246,0.013205736
84962,5.3,244.0,392,0.000833444
84963,5.3,249.0,1072,0.000340849
84964,5.3,18.0,430,0.060097208
84965,5.3,60.0,426,0.005416039
85074,5.3,123.0,439,0.00255868
85075,5.3,106.0,501,0.003535684
85076,5.3,188.0,583,0.000314107
85077,5.3,112.0,208,0.002016155
85078,5.3,112.0,583,0.005808252
85079,5.3,128.0,965,0.00364574
85093,5.3,40.0,758,0.009579721
85094,5.3,38.0,523,0.008975339
85099,5.3,90.0,533,0.013561477
85101,5.3,139.0,305,0.004003103
85103,5.3,168.0,637,0.000532737
85104,5.3,171.0,384,0.001883507
85106,5.3,118.0,654,0.034987518
85110,5.3,93.0,246,0.013768161
85112,5.3,16.0,484,0.008921226
85113,5.3,17.0,390,0.014285041
85114,5.3,28.0,280,0.016602137
85128,5.3,81.0,426,0.008574862
85565,4.8,146.0,519,0.000746382
85569,4.8,103.0,907,0.000330687
85570,4.8,153.0,907,0.000617485
85571,4.8,136.0,329,0.00018506
85572,4.8,75.0,450,0.000990824
85573,4.8,76.0,860,0.001730863
85576,4.8,129.0,875,0.000329447
85577,4.8,148.0,444,0.000214966
85578,4.8,159.0,758,0.001854594
85581,4.8,183.0,305,0.000719366
85582,4.8,29.0,1380,0.003142557
85592,4.8,119.0,731,0.014036565
85593,4.8,181.0,246,0.00128906
85594,4.8,131.0,541,0.025838228
85596,4.8,163.0,574,0.001915891
85597,4.8,158.0,280,0.007330078
85598,4.8,143.0,186,0.000964879
85599,4.8,181.0,382,0.020993191
85600,4.8,176.0,347,0.02072325
85601,4.8,100.0,543,0.001752954
85602,4.8,132.0,445,0.000392826
85603,4.8,159.0,340,0.000368418
85604,4.8,143.0,528,0.000274539
85607,4.8,145.0,936,0.001096194
85609,4.8,85.0,376,0.00371389
85863,4.5,72.0,485,0.001108639
85864,4.5,57.0,439,0.001780234
85865,4.5,125.0,501,0.000750663
85866,4.5,103.0,519,0.000760446
85867,4.5,164.0,583,0.000452925
85870,4.5,140.0,494,0.000265368
85884,4.5,134.0,758,0.001693554
85888,4.5,61.0,618,0.007592554
85889,4.5,56.0,485,0.004698284
85892,4.5,165.0,612,0.000393252
85895,4.5,190.0,246,0.001022858
85897,4.5,96.0,463,0.005307024
85899,4.5,84.0,350,0.003216184
85900,4.5,199.0,575,0.000103753
86664,7.7,152.0,946,0.025864641
86665,7.7,189.0,485,0.010246181
86666,7.7,152.0,439,0.021696087
86667,7.7,89.0,501,0.058813236
86668,7.7,153.0,519,0.027501472
86669,7.7,160.0,583,0.015677652
86670,7.7,128.0,208,0.054968798
86671,7.7,58.0,583,0.063152277
86672,7.7,155.0,494,0.020003358
86673,7.7,37.0,965,0.165575293
86686,7.7,64.0,660,0.04835184
86689,7.7,276.0,372,0.009011929
86690,7.7,295.0,284,0.004211021
86691,7.7,329.0,368,0.004769025
86692,7.7,299.0,373,0.007754547
86693,7.7,337.0,363,0.006004535
86694,7.7,332.0,415,0.004215782
86695,7.7,316.0,201,0.016544292
86696,7.7,341.0,450,0.003113939
86697,7.7,281.0,291,0.005713731
86698,7.7,354.0,473,0.00277565
86699,7.7,354.0,373,0.007136722
86700,7.7,412.0,257,0.004721893
86703,7.7,224.0,528,0.010467199
86704,7.7,281.0,356,0.005638527
86706,7.7,271.0,463,0.005225063
86711,7.7,367.0,273,0.00531147
86715,7.7,381.0,510,0.002253676
86717,7.7,407.0,335,0.004269352
86718,7.7,381.0,885,0.002446174
86720,7.7,387.0,688,0.003767518
86721,7.7,359.0,255,0.003896741
86722,7.7,311.0,193,0.011910716
86729,7.7,187.0,519,0.026389523
86735,7.7,140.0,907,0.014770658
86737,7.7,187.0,907,0.005314125
86738,7.7,169.0,329,0.014641024
86739,7.7,110.0,450,0.053768558
86740,7.7,86.0,860,0.053060126
86742,7.7,210.0,315,0.010668806
86743,7.7,197.0,567,0.014527416
86744,7.7,265.0,320,0.005820601
86745,7.7,175.0,416,0.022202012
86746,7.7,124.0,875,0.031550443
86747,7.7,257.0,284,0.003462157
86748,7.7,207.0,955,0.005644286
86749,7.7,245.0,435,0.006628799
86750,7.7,210.0,372,0.011437345
86751,7.7,144.0,444,0.02732664
86752,7.7,333.0,375,0.005240927
86753,7.7,294.0,365,0.002964862
86754,7.7,325.0,195,0.006817139
86755,7.7,328.0,495,0.005219191
86756,7.7,367.0,375,0.005420122
86757,7.7,339.0,303,0.002958415
86758,7.7,295.0,373,0.00298356
86759,7.7,378.0,368,0.001688976
86760,7.7,357.0,398,0.001497978
86763,7.7,100.0,758,0.06091286
86764,7.7,107.0,721,0.051842803
86768,7.7,242.0,309,0.016008613
86769,7.7,233.0,425,0.012750459
86770,7.7,277.0,513,0.00353755
86771,7.7,242.0,594,0.008078149
86772,7.7,260.0,367,0.009771206
86773,7.7,237.0,521,0.011012445
86776,7.7,165.0,424,0.025950264
86777,7.7,157.0,868,0.018667378
86778,7.7,202.0,470,0.023950739
86779,7.7,199.0,283,0.025895916
86780,7.7,199.0,448,0.020719235
86781,7.7,205.0,447,0.024048511
86782,7.7,134.0,374,0.036507495
86783,7.7,186.0,460,0.016703566
86784,7.7,211.0,344,0.022270205
86785,7.7,146.0,688,0.024523458
86787,7.7,158.0,272,0.051014021
86788,7.7,220.0,210,0.028688603
86789,7.7,183.0,338,0.025089537
86790,7.7,168.0,539,0.015497746
86791,7.7,128.0,445,0.043145773
86792,7.7,139.0,485,0.06799497
86796,7.7,333.0,1007,0.0029491
86797,7.7,195.0,612,0.015610439
86798,7.7,293.0,297,0.005077355
86799,7.7,188.0,362,0.01374632
86800,7.7,313.0,490,0.007729673
86801,7.7,392.0,855,0.003349701
86802,7.7,394.0,362,0.004271908
86803,7.7,116.0,408,0.035000843
86804,7.7,47.0,305,0.196786001
86805,7.7,100.0,499,0.027998935
86806,7.7,76.0,637,0.035124009
86807,7.7,103.0,384,0.041510956
86808,7.7,241.0,460,0.003496116
86812,7.7,322.0,280,0.003514066
86813,7.7,225.0,458,0.02785678
86818,7.7,68.0,1380,0.047499988
86819,7.7,67.0,579,0.150471324
86820,7.7,16.0,815,0.445071839
86827,7.7,26.0,731,0.145534855
86828,7.7,4.0,246,0.58968803
86830,7.7,54.0,541,0.164222922
86831,7.7,68.0,484,0.064448942
86832,7.7,74.0,390,0.058800747
86833,7.7,52.0,574,0.066150246
86834,7.7,53.0,484,0.075687857
86835,7.7,58.0,280,0.07378064
86838,7.7,250.0,709,0.008520898
86842,7.7,171.0,366,0.007563979
86843,7.7,163.0,678,0.032461807
86847,7.7,307.0,198,0.012571269
86848,7.7,301.0,1024,0.00449387
86852,7.7,321.0,422,0.003654371
86853,7.7,356.0,246,0.007971056
86854,7.7,333.0,404,0.008697878
86856,7.7,337.0,1510,0.003437806
86864,7.7,217.0,414,0.012350428
86865,7.7,188.0,282,0.022415455
86866,7.7,183.0,660,0.018202112
86868,7.7,131.0,1072,0.026953786
86869,7.7,232.0,320,0.00792994
86870,7.7,74.0,445,0.089653119
86871,7.7,198.0,691,0.008713193
86872,7.7,128.0,340,0.057839038
86873,7.7,128.0,528,0.031526927
86874,7.7,144.0,207,0.037704775
86875,7.7,209.0,426,0.01502365
86876,7.7,227.0,978,0.00644528
86877,7.7,210.0,804,0.007902055
86882,7.7,249.0,324,0.007261979
86883,7.7,250.0,377,0.008461834
86884,7.7,290.0,327,0.013781988
86885,7.7,278.0,417,0.007807196
86886,7.7,261.0,313,0.008760439
86887,7.7,253.0,248,0.022297632
86891,7.7,337.0,573,0.00503331
86897,7.7,180.0,936,0.021190807
86898,7.7,119.0,986,0.023919065
86900,7.7,248.0,906,0.003118687
86901,7.7,243.0,361,0.014710806
86906,7.7,222.0,214,0.020564605
86907,7.7,292.0,518,0.002601527
86908,7.7,306.0,538,0.004958701
86909,7.7,329.0,421,0.004426477
86912,7.7,270.0,450,0.013315923
86918,7.7,142.0,463,0.050099299
86919,7.7,90.0,430,0.064069311
86920,7.7,105.0,350,0.055652782
86921,7.7,412.0,457,0.003302596
86922,7.7,395.0,679,0.002910986
86923,7.7,347.0,575,0.003209231
86924,7.7,394.0,263,0.004381122
86925,7.7,396.0,409,0.004935596
86927,7.7,422.0,309,0.004258571
86929,7.7,293.0,942,0.008051538
87865,4.8,85.0,501,0.002086756
87867,4.8,126.0,208,0.000443226
87868,4.8,49.0,583,0.004153878
87869,4.8,147.0,494,0.000314646
87870,4.8,29.0,965,0.029752313
87886,4.8,138.0,758,0.001784916
87890,4.8,168.0,424,0.000445772
87891,4.8,160.0,868,0.00051557
87892,4.8,136.0,374,0.001768113
87893,4.8,186.0,612,0.000314204
87895,4.8,49.0,305,0.006603572
87896,4.8,90.0,499,0.001587148
87897,4.8,76.0,637,0.001059211
87898,4.8,92.0,384,0.003804329
87906,4.8,161.0,366,0.000312266
87907,4.8,152.0,678,0.001069684
87910,4.8,130.0,392,0.001363959
87911,4.8,140.0,1072,0.000458957
87915,4.8,107.0,350,0.000920279
87916,4.8,78.0,426,0.002350734
88163,5.2,165.0,965,0.000394352
88191,5.2,107.0,450,0.000485337
88192,5.2,79.0,860,0.001909677
88217,5.2,68.0,1380,0.001149318
88218,5.2,60.0,579,0.002966167
88225,5.2,94.0,731,0.00426886
88228,5.2,131.0,484,0.000632443
88236,5.2,89.0,445,0.001033916
88894,4.3,120.0,501,0.000307053
88896,4.3,66.0,965,0.000917339
88916,4.3,58.0,305,0.001448484
88917,4.3,131.0,499,0.000155449
88918,4.3,87.0,637,0.000227033
88919,4.3,137.0,384,0.000273063
88926,4.3,73.0,541,0.001182321
88927,4.3,78.0,484,0.00216888
88928,4.3,55.0,574,0.000257215
88929,4.3,144.0,392,0.000283136
88930,4.3,135.0,1072,0.000101336
88931,4.3,78.0,445,0.00041639
89626,4.5,128.0,907,9.75709e-05
89628,4.5,174.0,907,2.60164e-05
89630,4.5,97.0,450,0.00041144
89631,4.5,72.0,860,0.00186203
89635,4.5,113.0,875,0.000561199
89636,4.5,134.0,444,0.000323793
89643,4.5,58.0,1380,0.000797608
89644,4.5,63.0,579,0.001276435
89645,4.5,55.0,735,0.00047461
89657,4.5,121.0,528,0.000673383
89665,4.5,105.0,376,0.001188928
89846,4.9,128.0,439,0.001236922
89847,4.9,108.0,501,0.000745318
89848,4.9,116.0,208,0.000876565
89849,4.9,112.0,583,0.00102546
89851,4.9,126.0,965,0.001490376
89866,4.9,42.0,758,0.019234476
89870,4.9,118.0,424,0.005095691
89871,4.9,109.0,868,0.003764271
89873,4.9,146.0,460,0.002154026
89874,4.9,76.0,618,0.00803362
89875,4.9,101.0,272,0.008645099
89880,4.9,164.0,637,0.000171358
89883,4.9,181.0,579,0.00028016
89889,4.9,50.0,731,0.005470099
89891,4.9,33.0,715,0.004907811
89892,4.9,32.0,545,0.006347556
89893,4.9,25.0,428,0.019102615
89896,4.9,130.0,376,0.004916113
89898,4.9,83.0,426,0.002821603
89902,5.2,80.0,501,0.00204817
89904,5.2,48.0,583,0.002917624
89905,5.2,144.0,494,0.000287905
89906,5.2,39.0,965,0.007374191
89920,5.2,192.0,660,0.000214371
89926,5.2,231.0,875,8.4418e-05
89929,5.2,160.0,721,0.000616357
89944,5.2,115.0,408,0.000633899
89945,5.2,97.0,499,0.000872172
89946,5.2,85.0,637,0.000455691
89947,5.2,96.0,384,0.002043245
89953,5.2,162.0,579,0.000134511
89960,5.2,78.0,731,0.001199509
89962,5.2,74.0,390,0.002223626
89963,5.2,55.0,715,0.002590194
89964,5.2,56.0,545,0.002252476
89965,5.2,58.0,484,0.003832744
89967,5.2,168.0,366,0.000208744
89968,5.2,154.0,678,0.000823468
89973,5.2,140.0,392,0.000487837
89975,5.2,111.0,445,0.000578552
89978,5.2,156.0,207,0.000371169
89988,5.2,195.0,376,0.000595042
89990,5.2,248.0,361,0.00012713
89996,5.2,71.0,426,0.00283074
90261,4.5,172.0,501,0.000133219
90262,4.5,154.0,583,0.00024075
90263,4.5,133.0,965,0.000209432
90270,4.5,154.0,450,0.00021348
90271,4.5,133.0,860,0.000268835
90273,4.5,186.0,444,0.000114836
90281,4.5,163.0,618,0.000336126
90282,4.5,187.0,272,0.000357953
90283,4.5,156.0,445,0.000297797
90284,4.5,168.0,485,0.00028856
90285,4.5,143.0,637,7.62585e-05
90286,4.5,109.0,1380,0.000180662
90287,4.5,100.0,579,0.00042916
90288,4.5,52.0,815,0.002144212
90296,4.5,77.0,484,0.000339939
90297,4.5,84.0,574,0.000465642
90298,4.5,80.0,715,0.000463686
90299,4.5,81.0,545,0.000578089
90302,4.5,101.0,347,0.000405235
90303,4.5,169.0,1072,7.25231e-05
90304,4.5,95.0,445,0.000537252
90305,4.5,164.0,528,0.00353588
90306,4.5,192.0,207,0.000128564
90309,4.5,98.0,376,0.002457157
90312,4.5,145.0,463,0.002208519
90313,4.5,128.0,430,0.000417102
90314,4.5,156.0,350,0.0001938
90315,4.5,152.0,426,0.000317144
90444,4.2,102.0,501,0.000253988
90445,4.2,69.0,583,0.000484064
90446,4.2,42.0,965,0.002066185
90464,4.2,45.0,305,0.001989046
90465,4.2,74.0,637,0.000361663
90469,4.2,89.0,484,0.003962889
90470,4.2,81.0,390,0.002826053
90471,4.2,58.0,574,0.000704777
90472,4.2,58.0,715,0.001228633
90473,4.2,59.0,545,0.001224862
90474,4.2,60.0,484,0.004309592
90475,4.2,31.0,186,0.005837939
90479,4.2,89.0,445,0.000422491
90481,4.2,143.0,207,0.000290535
90482,4.2,116.0,350,0.000281039
90483,4.2,91.0,426,0.000467908
90620,4.9,125.0,485,0.000402726
90621,4.9,83.0,439,0.001353323
90622,4.9,83.0,501,0.000889125
90623,4.9,105.0,583,0.000760886
90625,4.9,138.0,965,0.001078216
90636,4.9,62.0,758,0.003514075
90641,4.9,64.0,868,0.004069113
90642,4.9,70.0,374,0.004136068
90643,4.9,108.0,447,0.005013279
90644,4.9,100.0,460,0.003917233
90645,4.9,112.0,344,0.004492672
90646,4.9,26.0,445,0.055750824
90648,4.9,182.0,612,0.000218884
90649,4.9,157.0,305,0.001779096
90651,4.9,185.0,637,0.000339561
90655,4.9,56.0,484,0.003579434
90656,4.9,38.0,390,0.00959296
90657,4.9,59.0,574,0.002618534
90658,4.9,62.0,715,0.004358507
90659,4.9,61.0,545,0.005647644
90660,4.9,61.0,484,0.005718527
90662,4.9,34.0,347,0.013195215
90663,4.9,169.0,376,0.001619254
90665,4.9,33.0,350,0.003822634
90666,4.9,59.0,426,0.002419231
91069,4.6,85.0,501,0.000686425
91072,4.6,61.0,583,0.001298394
91073,4.6,153.0,494,7.68658e-05
91074,4.6,55.0,965,0.001661178
91088,4.6,177.0,660,0.000163561
91091,4.6,112.0,758,0.001021329
91092,4.6,143.0,721,0.000700187
91100,4.6,145.0,868,0.000260604
91106,4.6,120.0,618,0.000913287
91107,4.6,114.0,445,0.000652613
91108,4.6,194.0,612,9.88539e-05
91110,4.6,67.0,305,0.000945651
91111,4.6,114.0,499,0.00038527
91112,4.6,96.0,637,0.000190639
91113,4.6,112.0,384,0.000528265
91115,4.6,130.0,815,0.00026569
91121,4.6,72.0,484,0.000810261
91122,4.6,38.0,574,0.001056571
91123,4.6,39.0,715,0.001137558
91124,4.6,40.0,545,0.001527727
91125,4.6,41.0,484,0.001636831
91126,4.6,42.0,714,0.001074012
91127,4.6,47.0,280,0.003410747
91128,4.6,49.0,186,0.001830776
91129,4.6,62.0,347,0.000941365
91130,4.6,185.0,366,7.01674e-05
91131,4.6,170.0,678,0.000264985
91134,4.6,152.0,392,0.000274941
91135,4.6,156.0,1072,8.41823e-05
91136,4.6,110.0,445,0.000276492
91137,4.6,165.0,340,0.000281989
91138,4.6,166.0,207,0.000240879
91140,4.6,177.0,376,0.000659672
91142,4.6,137.0,463,0.000833324
91143,4.6,76.0,430,0.001392422
91145,4.6,71.0,426,0.001403426
91230,5.0,184.0,519,0.000500743
91235,5.0,135.0,907,0.000213651
91236,5.0,182.0,907,6.73082e-05
91237,5.0,164.0,329,0.000212182
91238,5.0,105.0,450,0.001280116
91239,5.0,81.0,860,0.003083579
91242,5.0,194.0,567,8.41869e-05
91245,5.0,120.0,875,0.001102866
91250,5.0,141.0,444,0.000367821
91251,5.0,148.0,758,0.000790737
91263,5.0,248.0,868,0.000113321
91266,5.0,215.0,618,0.000302864
91267,5.0,208.0,445,0.000292264
91268,5.0,145.0,305,0.000963216
91270,5.0,163.0,637,0.000104635
91272,5.0,64.0,1380,0.001315134
91273,5.0,66.0,579,0.003473601
91274,5.0,19.0,815,0.025328069
91275,5.0,62.0,735,0.001150011
91282,5.0,129.0,484,0.000754333
91283,5.0,149.0,390,0.00075098
91284,5.0,136.0,574,0.000665979
91285,5.0,132.0,715,0.000673859
91286,5.0,133.0,545,0.000709211
91287,5.0,131.0,484,0.000538066
91288,5.0,128.0,714,0.000579882
91289,5.0,133.0,280,0.000879437
91290,5.0,106.0,186,0.001117261
91291,5.0,153.0,347,0.000600188
91292,5.0,248.0,709,0.000195225
91296,5.0,208.0,392,0.000245582
91297,5.0,167.0,1072,0.000172863
91299,5.0,95.0,445,0.00094471
91301,5.0,126.0,528,0.001480178
91302,5.0,195.0,207,0.000277845
91304,5.0,226.0,978,0.000106348
91310,5.0,250.0,377,0.0001167
91311,5.0,261.0,248,0.000310148
91317,5.0,180.0,936,0.000776757
91319,5.0,102.0,376,0.006873602
91324,5.0,192.0,463,0.000684306
91325,5.0,181.0,430,0.001013091
91327,5.0,203.0,426,0.000310758
91594,4.8,134.0,439,0.000161567
91595,4.8,65.0,501,0.002081135
91596,4.8,108.0,208,0.001176063
91597,4.8,30.0,583,0.004784586
91598,4.8,127.0,494,0.000206124
91599,4.8,38.0,965,0.011532037
91615,4.8,137.0,758,0.00144609
91616,4.8,171.0,721,0.000827124
91623,4.8,145.0,868,0.000244699
91625,4.8,190.0,377,0.000223089
91626,4.8,121.0,374,0.000466089
91630,4.8,66.0,305,0.004895865
91631,4.8,85.0,499,0.001079678
91632,4.8,90.0,637,0.00092434
91633,4.8,80.0,384,0.001670639
91640,4.8,25.0,246,0.078003878
91642,4.8,99.0,484,0.002671735
91643,4.8,80.0,390,0.003067136
91644,4.8,66.0,715,0.002323404
91645,4.8,67.0,545,0.002043803
91646,4.8,74.0,280,0.004912081
91647,4.8,71.0,317,0.006158692
91648,4.8,70.0,186,0.005552343
91649,4.8,81.0,347,0.002719949
91650,4.8,105.0,543,0.001397209
91652,4.8,137.0,678,0.000404872
91656,4.8,141.0,392,0.001056523
91658,4.8,126.0,445,0.000805173
91661,4.8,155.0,463,0.001121805
91662,4.8,86.0,430,0.001652298
91663,4.8,93.0,350,0.000663289
91664,4.8,61.0,426,0.001673851
92552,4.4,85.0,501,0.001126926
92554,4.4,51.0,583,0.002320978
92556,4.4,34.0,965,0.005338328
92573,4.4,133.0,758,0.001050465
92579,4.4,157.0,868,0.00021021
92581,4.4,134.0,374,0.000397528
92582,4.4,135.0,618,0.00068158
92584,4.4,95.0,499,0.000541833
92585,4.4,79.0,637,0.000370595
92586,4.4,96.0,384,0.001841057
92591,4.4,3.2,246,0.197844074
92593,4.4,92.0,484,0.000860836
92594,4.4,79.0,390,0.001164778
92595,4.4,58.0,574,0.000959191
92596,4.4,59.0,715,0.001100269
92597,4.4,60.0,545,0.001048175
92598,4.4,63.0,714,0.000676297
92599,4.4,67.0,440,0.000482749
92600,4.4,67.0,280,0.002220313
92601,4.4,49.0,186,0.006802313
92602,4.4,81.0,347,0.000769355
92603,4.4,86.0,543,0.000716989
92606,4.4,134.0,392,0.000511897
92607,4.4,142.0,1072,0.000171158
92608,4.4,106.0,445,0.000453468
92610,4.4,92.0,430,0.001837658
92612,4.4,77.0,426,0.001224199
92667,4.4,86.0,907,0.000137617
92669,4.4,136.0,907,3.96642e-05
92670,4.4,119.0,329,8.3701e-05
92671,4.4,58.0,450,0.000822787
92672,4.4,66.0,860,0.00090655
92674,4.4,121.0,875,0.000214961
92675,4.4,140.0,444,0.000122835
92679,4.4,14.0,1380,0.006252105
92680,4.4,95.0,579,0.000191347
92681,4.4,67.0,815,0.000622103
92689,4.4,116.0,543,0.000259877
92694,4.4,74.0,986,0.000267667
92695,4.4,95.0,376,0.001125176
93602,4.6,123.0,439,0.000570855
93603,4.6,99.0,501,0.001134072
93604,4.6,110.0,208,0.000516783
93605,4.6,102.0,583,0.00214233
93607,4.6,116.0,965,0.002101527
93625,4.6,52.0,758,0.001673192
93626,4.6,87.0,721,0.001604177
93627,4.6,61.0,558,0.00148898
93628,4.6,38.0,555,0.003104962
93635,4.6,108.0,868,0.001247497
93636,4.6,115.0,597,0.001560618
93637,4.6,114.0,374,0.000733026
93638,4.6,132.0,377,0.00064168
93639,4.6,91.0,374,0.001779367
93640,4.6,144.0,460,0.0004871
93641,4.6,155.0,344,0.000691762
93642,4.6,76.0,618,0.001898922
93643,4.6,130.0,338,0.001010004
93647,4.6,170.0,499,0.000431339
93648,4.6,156.0,637,0.000367556
93649,4.6,160.0,384,0.000542315
93650,4.6,192.0,1380,0.000263567
93651,4.6,180.0,579,0.006364313
93657,4.6,93.0,315,0.001897926
93658,4.6,81.0,246,0.004297376
93660,4.6,33.0,541,0.009157333
93661,4.6,17.0,484,0.012758162
93662,4.6,24.0,574,0.008851646
93663,4.6,24.0,715,0.005366697
93664,4.6,22.0,484,0.024721761
93665,4.6,22.0,714,0.025416673
93666,4.6,22.0,440,0.011250768
93667,4.6,16.0,280,0.0181239
93668,4.6,21.0,317,0.009542438
93669,4.6,94.0,186,0.002291805
93670,4.6,13.0,347,0.039273985
93671,4.6,77.0,543,0.002123449
93673,4.6,151.0,445,0.000567496
93674,4.6,139.0,376,0.003100381
93676,4.6,77.0,463,0.002787692
93677,4.6,40.0,430,0.005311572
93678,4.6,75.0,426,0.002849804
94085,4.8,48.0,583,0.00305521
94086,4.8,146.0,494,0.000278758
94087,4.8,30.0,965,0.015312385
94104,4.8,124.0,558,0.002128793
94105,4.8,104.0,555,0.0047645
94109,4.8,135.0,374,0.001217179
94110,4.8,185.0,338,0.001016864
94111,4.8,142.0,485,0.003076728
94112,4.8,89.0,499,0.000720492
94113,4.8,77.0,637,0.000585194
94114,4.8,91.0,384,0.001296915
94119,4.8,97.0,484,0.003605607
94120,4.8,83.0,390,0.002929275
94121,4.8,63.0,574,0.001255503
94122,4.8,64.0,715,0.001726948
94123,4.8,65.0,545,0.001911516
94124,4.8,67.0,484,0.002735664
94125,4.8,68.0,714,0.001533906
94126,4.8,72.0,440,0.001237985
94127,4.8,72.0,280,0.003941353
94128,4.8,76.0,346,0.002720152
94129,4.8,52.0,186,0.009646667
94130,4.8,85.0,347,0.0024062
94131,4.8,91.0,543,0.001603069
94132,4.8,93.0,428,0.005247685
94135,4.8,131.0,392,0.00065116
94136,4.8,107.0,445,0.000831102
94140,4.8,106.0,350,0.00143782
94141,4.8,77.0,426,0.0028627
94309,4.0,25.0,372,0.001953706
94311,4.0,36.0,363,0.001890686
94323,4.0,56.0,422,0.000259426
94324,4.0,61.0,246,0.000820109
94325,4.0,49.0,404,0.00048624
94326,4.0,78.0,1510,9.05561e-05
94327,4.0,130.0,691,2.92971e-05
94329,4.0,131.0,417,3.86987e-05
94331,4.0,130.0,248,0.000214066
94337,4.0,38.0,942,0.000997184
94339,4.5,161.0,439,0.000292963
94340,4.5,99.0,501,0.001298914
94341,4.5,68.0,583,0.002125182
94342,4.5,165.0,494,0.000144311
94343,4.5,43.0,965,0.005964955
94358,4.5,176.0,660,0.000134931
94363,4.5,128.0,758,0.00116147
94364,4.5,125.0,558,0.001108711
94365,4.5,106.0,523,0.002470401
94366,4.5,103.0,555,0.001038088
94374,4.5,173.0,424,0.000458923
94375,4.5,164.0,868,0.000362481
94377,4.5,159.0,271,0.001494716
94378,4.5,142.0,374,0.0008511
94379,4.5,152.0,688,0.00056353
94380,4.5,165.0,272,0.001024094
94381,4.5,191.0,338,0.000537697
94382,4.5,175.0,539,0.00025754
94383,4.5,134.0,445,0.000842448
94384,4.5,145.0,485,0.001680458
94386,4.5,121.0,408,0.000268675
94387,4.5,48.0,305,0.003132246
94388,4.5,108.0,499,0.000381138
94389,4.5,77.0,637,0.000639785
94390,4.5,112.0,384,0.000870615
94391,4.5,141.0,579,0.000143854
94392,4.5,121.0,815,0.000324033
94397,4.5,14.0,246,0.023714587
94399,4.5,87.0,484,0.001505355
94400,4.5,55.0,574,0.001004409
94401,4.5,55.0,715,0.001325517
94402,4.5,56.0,545,0.001479968
94403,4.5,61.0,440,0.00073613
94404,4.5,33.0,186,0.014705745
94405,4.5,81.0,347,0.001144152
94406,4.5,70.0,543,0.002684078
94407,4.5,90.0,428,0.001624364
94408,4.5,134.0,392,0.000363638
94409,4.5,136.0,1072,0.000129916
94410,4.5,92.0,445,0.001193689
94411,4.5,146.0,340,0.00064209
94412,4.5,195.0,528,0.00014103
94415,4.5,182.0,376,0.000480501
94417,4.5,156.0,463,0.00077617
94418,4.5,96.0,430,0.001426097
94419,4.5,113.0,350,0.000974261
94420,4.5,89.0,426,0.002143381
94423,4.4,40.0,660,0.001140663
94430,4.4,150.0,907,3.56124e-05
94432,4.4,72.0,450,0.000360577
94433,4.4,73.0,860,0.001216522
94435,4.4,126.0,875,0.000410112
94436,4.4,146.0,444,0.000221486
94440,4.4,27.0,1380,0.001790432
94442,4.4,57.0,815,0.000947285
94450,4.4,132.0,445,0.000115334
94453,4.4,80.0,986,0.000318661
94454,4.4,88.0,376,0.000944459
94457,4.0,48.0,583,0.000487935
94458,4.0,47.0,965,0.000810958
94477,4.0,120.0,618,0.000156075
94479,4.0,94.0,637,5.77876e-05
94480,4.0,16.0,246,0.007694081
94482,4.0,82.0,484,0.000240581
94483,4.0,48.0,715,0.000235353
94484,4.0,57.0,440,0.000114723
94485,4.0,56.0,280,0.00034255
94487,4.0,75.0,428,0.000322376
94488,4.0,77.0,430,0.000302174
94489,4.0,64.0,426,0.000368414
94492,4.7,87.0,485,0.00045763
94502,4.7,187.0,758,0.000240046
94503,4.7,153.0,523,0.000512733
94508,4.7,87.0,868,0.000430876
94509,4.7,82.0,374,0.001347869
94510,4.7,93.0,271,0.001398807
94512,4.7,76.0,377,0.000987611
94514,4.7,59.0,460,0.002522631
94515,4.7,44.0,344,0.003753793
94517,4.7,118.0,618,0.00099591
94518,4.7,93.0,272,0.001694437
94519,4.7,63.0,338,0.001986112
94520,4.7,82.0,539,0.001077544
94521,4.7,124.0,445,0.000399334
94524,4.7,182.0,612,0.000224881
94526,4.7,188.0,390,0.000137452
94527,4.7,159.0,430,0.000305668
94529,4.7,197.0,501,0.00021004
94530,4.7,174.0,583,0.000243152
94531,4.7,143.0,965,0.000505443
94538,4.7,80.0,660,0.001414191
94544,4.7,161.0,907,0.000189537
94545,4.7,131.0,450,0.000638449
94546,4.7,103.0,860,0.002435734
94549,4.7,134.0,875,0.001253126
94550,4.7,155.0,444,0.000501544
94551,4.7,133.0,758,0.001378501
94552,4.7,131.0,721,0.001827272
94554,4.7,160.0,523,0.001115994
94555,4.7,156.0,555,0.000614654
94561,4.7,194.0,618,0.000445344
94562,4.7,187.0,445,0.00031705
94563,4.7,122.0,305,0.001514897
94564,4.7,141.0,637,0.000223699
94565,4.7,90.0,1380,0.00072936
94566,4.7,70.0,579,0.002936652
94567,4.7,76.0,735,0.00108055
94575,4.7,108.0,484,0.001305237
94576,4.7,111.0,574,0.001109423
94577,4.7,107.0,715,0.001275201
94578,4.7,109.0,545,0.001214293
94579,4.7,101.0,440,0.001388569
94580,4.7,109.0,280,0.001725592
94581,4.7,106.0,317,0.001950012
94582,4.7,81.0,186,0.002089269
94583,4.7,131.0,347,0.001575082
94584,4.7,44.0,543,0.010873376
94585,4.7,140.0,428,0.00153486
94587,4.7,154.0,1072,0.000389937
94588,4.7,80.0,445,0.001630341
94589,4.7,134.0,528,0.001398711
94598,4.7,158.0,430,0.000769527
94599,4.7,178.0,426,0.000508997
94602,4.0,141.0,583,0.000139575
94603,4.0,118.0,965,0.000142414
94616,4.0,124.0,523,0.000415615
94617,4.0,121.0,555,0.000221637
94624,4.0,152.0,445,0.000249016
94625,4.0,104.0,305,0.000276744
94626,4.0,128.0,637,4.43396e-05
94628,4.0,99.0,579,0.000276063
94637,4.0,90.0,390,0.000496177
94638,4.0,70.0,715,0.000344272
94639,4.0,72.0,545,0.000442221
94641,4.0,69.0,317,0.000473672
94643,4.0,94.0,347,0.000261868
94644,4.0,7.4,543,0.034959407
94645,4.0,104.0,428,0.000349418
94647,4.0,139.0,340,0.000143002
94648,4.0,121.0,430,0.000321913
94649,4.0,141.0,426,0.00023301
94652,5.1,48.0,485,0.001364893
94653,5.1,58.0,439,0.001496371
94654,5.1,131.0,501,0.000621046
94655,5.1,85.0,208,0.000770218
94656,5.1,127.0,494,0.000319412
94673,5.1,168.0,758,0.000906378
94675,5.1,105.0,558,0.00207874
94676,5.1,123.0,523,0.003042064
94677,5.1,127.0,555,0.00139819
94685,5.1,51.0,233,0.003755977
94686,5.1,49.0,424,0.00626034
94687,5.1,57.0,868,0.002327647
94688,5.1,51.0,597,0.008792824
94689,5.1,52.0,374,0.005601603
94690,5.1,62.0,271,0.006219978
94691,5.1,38.0,283,0.01302865
94692,5.1,74.0,377,0.003391178
94693,5.1,76.0,374,0.003368841
94694,5.1,47.0,344,0.016527605
94695,5.1,82.0,688,0.002946648
94696,5.1,91.0,618,0.00506542
94697,5.1,70.0,272,0.006423136
94698,5.1,26.0,210,0.049227947
94699,5.1,61.0,539,0.003671241
94700,5.1,98.0,445,0.001576229
94703,5.1,196.0,1007,0.000209894
94704,5.1,144.0,612,0.000360523
94706,5.1,106.0,362,0.000698047
94707,5.1,262.0,855,0.00012664
94711,5.1,176.0,484,0.000531882
94712,5.1,158.0,390,0.000929024
94713,5.1,176.0,574,0.000347853
94714,5.1,180.0,715,0.000497435
94715,5.1,178.0,545,0.000428041
94716,5.1,184.0,440,0.000820756
94717,5.1,176.0,280,0.000856795
94718,5.1,244.0,186,0.000384042
94719,5.1,153.0,347,0.000822012
94720,5.1,144.0,428,0.001377885
94724,5.1,275.0,376,0.000623783
94726,5.1,103.0,350,0.001670857
94727,5.1,129.0,426,0.000528623
94729,5.1,270.0,408,8.4647e-05
94730,5.1,163.0,575,0.000217105
94733,4.0,59.0,660,0.000384126
94739,4.0,130.0,450,0.000144419
94741,4.0,112.0,758,0.00048811
94743,4.0,146.0,555,0.000146156
94749,4.0,142.0,305,0.000194891
94750,4.0,98.0,579,0.000185738
94757,4.0,95.0,484,0.000220989
94758,4.0,118.0,390,0.000276333
94759,4.0,108.0,574,0.000191386
94760,4.0,104.0,715,0.000193478
94761,4.0,105.0,545,0.000241845
94762,4.0,103.0,280,0.0004061
94763,4.0,98.0,186,0.000214971
94765,4.0,48.0,543,0.001207286
94766,4.0,130.0,428,0.000208862
94767,4.0,109.0,445,0.000135428
94769,4.0,79.0,376,0.003518306
94771,4.0,156.0,463,0.000445818
94775,4.0,128.0,660,3.00137e-05
94779,4.0,113.0,450,0.000102829
94780,4.0,52.0,860,0.004809696
94782,4.0,55.0,875,0.000947796
94784,4.0,75.0,444,0.000231783
94787,4.0,18.0,579,0.00761626
94788,4.0,16.0,735,0.00315197
94796,4.0,118.0,282,0.000105915
94797,4.0,127.0,1072,5.97748e-05
94798,4.0,78.0,445,0.000320245
94799,4.0,55.0,528,0.001285388
94804,4.8,40.0,528,0.001241852
94810,4.8,136.0,519,0.000218741
94816,4.8,95.0,907,6.60059e-05
94818,4.8,48.0,907,0.001261712
94819,4.8,55.0,329,0.000877765
94820,4.8,108.0,450,0.000132903
94822,4.8,87.0,315,0.000321297
94823,4.8,146.0,567,0.000126233
94824,4.8,145.0,875,0.000253047
94825,4.8,64.0,955,0.000428286
94826,4.8,74.0,435,0.000759827
94827,4.8,96.0,372,0.000273234
94828,4.8,143.0,444,0.000256119
94829,4.8,125.0,375,0.000284326
94830,4.8,95.0,365,0.000453614
94832,4.8,121.0,495,0.000193956
94835,4.8,178.0,309,0.000119671
94836,4.8,155.0,513,6.43278e-05
94837,4.8,125.0,594,0.000124459
94839,4.8,146.0,521,0.000123214
94846,4.8,178.0,528,0.00018164
94852,4.8,123.0,518,0.000121739
94853,4.8,166.0,450,0.000169917
94855,4.0,152.0,439,7.91997e-05
94856,4.0,119.0,583,0.000326962
94857,4.0,120.0,965,0.000242474
94870,4.0,127.0,660,0.000188302
94875,4.0,53.0,758,0.002031018
94876,4.0,87.0,558,0.001534556
94877,4.0,69.0,523,0.001754784
94878,4.0,65.0,555,0.000799063
94886,4.0,135.0,868,0.000219088
94888,4.0,130.0,271,0.000560731
94889,4.0,153.0,377,0.000442567
94890,4.0,118.0,374,0.000485588
94891,4.0,101.0,618,0.000828318
94892,4.0,126.0,272,0.000818895
94894,4.0,137.0,539,0.000278293
94895,4.0,95.0,445,0.000960681
94897,4.0,152.0,637,4.91425e-05
94898,4.0,85.0,246,0.000764907
94900,4.0,17.0,484,0.00338707
94901,4.0,35.0,574,0.00116081
94902,4.0,32.0,715,0.000549134
94903,4.0,32.0,545,0.00123126
94904,4.0,22.0,440,0.002780889
94905,4.0,26.0,280,0.00553123
94906,4.0,84.0,186,0.000530166
94907,4.0,41.0,347,0.001207462
94908,4.0,53.0,543,0.000317656
94909,4.0,49.0,428,0.000620591
94911,4.0,116.0,376,0.001307676
94913,4.0,91.0,463,0.002704521
94914,4.0,68.0,430,0.000524488
94915,4.0,100.0,426,0.000511055
94922,4.1,100.0,450,0.000161987
94924,4.1,117.0,875,0.00028689
94925,4.1,138.0,444,0.000107422
94930,4.1,60.0,1380,0.000208608
94931,4.1,65.0,579,0.000665043
94938,4.1,152.0,246,0.00025393
94942,4.1,137.0,715,0.000129093
94943,4.1,138.0,545,0.000127905
94947,4.1,129.0,340,0.000357676
94949,4.1,103.0,376,0.000625197
94952,4.4,81.0,501,0.000882484
94953,4.4,41.0,583,0.001888967
94954,4.4,139.0,494,0.000116857
94955,4.4,19.0,965,0.009252998
94971,4.4,114.0,555,0.00056779
94977,4.4,159.0,271,0.000543794
94978,4.4,157.0,688,0.000157668
94979,4.4,145.0,618,0.000294562
94980,4.4,92.0,408,0.000395924
94981,4.4,49.0,305,0.003413487
94982,4.4,73.0,499,0.000579867
94983,4.4,72.0,637,0.00056853
94984,4.4,76.0,384,0.000995857
94985,4.4,146.0,654,0.000108678
94987,4.4,24.0,246,0.018427788
94989,4.4,112.0,484,0.00095148
94990,4.4,96.0,390,0.000758092
94991,4.4,79.0,715,0.000381748
94992,4.4,80.0,545,0.000480658
94993,4.4,87.0,440,0.000432087
94994,4.4,87.0,280,0.00090607
94995,4.4,63.0,186,0.002584494
94996,4.4,106.0,543,0.000892579
94998,4.4,137.0,678,0.000251418
94999,4.4,139.0,1072,0.00016481
95000,4.4,114.0,445,0.000305951
95002,4.4,104.0,430,0.000461562
95003,4.4,80.0,426,0.000815959
95005,4.3,148.0,485,0.000119675
95006,4.3,91.0,501,0.000480419
95008,4.3,102.0,583,0.00041748
95009,4.3,125.0,965,0.000363396
95014,4.3,139.0,390,0.00391007
95016,4.3,51.0,758,0.001655794
95017,4.3,91.0,721,0.001927778
95018,4.3,23.0,523,0.009441809
95019,4.3,19.0,555,0.010311742
95026,4.3,98.0,424,0.000943223
95027,4.3,95.0,374,0.000910946
95028,4.3,114.0,377,0.000522524
95029,4.3,126.0,460,0.00065432
95030,4.3,69.0,688,0.000564455
95031,4.3,111.0,338,0.000868778
95032,4.3,93.0,539,0.000643567
95033,4.3,51.0,445,0.001375382
95035,4.3,133.0,654,0.000195214
95038,4.3,32.0,484,0.001316747
95039,4.3,14.0,390,0.006688313
95040,4.3,37.0,574,0.000974723
95041,4.3,39.0,715,0.000914503
95042,4.3,38.0,545,0.001022548
95043,4.3,40.0,440,0.001099438
95044,4.3,33.0,280,0.002040708
95045,4.3,11.0,347,0.012611872
95046,4.3,96.0,543,0.000746087
95047,4.3,4.6,428,0.021881294
95048,4.3,150.0,376,0.001664511
95049,4.3,65.0,463,0.004938213
95050,4.3,53.0,350,0.001525332
95051,4.3,66.0,426,0.001456532
95054,4.5,136.0,946,0.00013575
95056,4.5,106.0,439,0.000456737
95057,4.5,92.0,501,0.000513086
95059,4.5,95.0,208,0.002383772
95060,4.5,103.0,583,0.000721104
95062,4.5,126.0,965,0.00068052
95078,4.5,139.0,390,0.006284755
95079,4.5,169.0,660,0.000499802
95085,4.5,50.0,758,0.002182441
95086,4.5,89.0,721,0.003267787
95087,4.5,22.0,523,0.008562054
95088,4.5,19.0,555,0.006073925
95095,4.5,97.0,424,0.000903776
95096,4.5,89.0,868,0.000865203
95097,4.5,94.0,374,0.000695292
95099,4.5,84.0,271,0.00160365
95100,4.5,126.0,283,0.000273786
95101,4.5,72.0,374,0.00187706
95102,4.5,125.0,460,0.000528566
95103,4.5,135.0,344,0.000474729
95104,4.5,68.0,688,0.000583317
95105,4.5,56.0,618,0.001837007
95107,4.5,111.0,338,0.000646151
95108,4.5,92.0,539,0.000447407
95109,4.5,50.0,445,0.001074386
95114,4.5,141.0,305,0.001164231
95115,4.5,175.0,499,0.000245047
95116,4.5,170.0,637,0.000162921
95117,4.5,162.0,384,0.000194644
95118,4.5,133.0,654,0.000258477
95122,4.5,93.0,246,0.003202534
95124,4.5,32.0,484,0.002324446
95125,4.5,16.0,390,0.01510104
95126,4.5,39.0,574,0.001807474
95127,4.5,41.0,715,0.00246198
95128,4.5,39.0,545,0.001778885
95129,4.5,41.0,440,0.003005769
95130,4.5,34.0,280,0.003594849
95131,4.5,112.0,186,0.001375934
95132,4.5,12.0,347,0.034015334
95133,4.5,97.0,543,0.001262836
95134,4.5,170.0,445,0.000231081
95135,4.5,149.0,376,0.002663926
95138,4.5,64.0,463,0.007434631
95139,4.5,53.0,350,0.001096293
95140,4.5,67.0,426,0.001244703
95144,4.7,157.0,660,0.000134361
95148,4.7,49.0,528,0.000722123
95156,4.7,88.0,519,0.000764736
95162,4.7,44.0,907,0.001198329
95164,4.7,13.0,907,0.011195077
95165,4.7,5.1,329,0.041351468
95167,4.7,122.0,315,0.000150207
95168,4.7,170.0,567,0.000126155
95170,4.7,129.0,416,0.000373906
95171,4.7,144.0,875,0.000106893
95172,4.7,141.0,284,9.06116e-05
95174,4.7,123.0,435,0.000129534
95176,4.7,150.0,444,0.000154709
95181,4.7,165.0,303,8.83685e-05
95185,4.7,181.0,521,6.69366e-05
95190,4.7,166.0,709,0.000527289
95195,4.7,178.0,528,9.31055e-05
95198,4.7,174.0,518,2.55033e-05
95199,4.7,137.0,450,0.000504387
95203,4.8,155.0,660,0.000123638
95214,4.8,88.0,519,0.000913789
95220,4.8,43.0,907,0.001155715
95222,4.8,15.0,907,0.011131831
95223,4.8,2.7,329,0.02929429
95225,4.8,122.0,315,0.000273926
95226,4.8,169.0,567,0.000166251
95227,4.8,125.0,320,0.000239763
95228,4.8,128.0,416,0.000558643
95229,4.8,142.0,875,0.000141222
95230,4.8,141.0,284,0.000173468
95231,4.8,102.0,955,0.000245755
95234,4.8,148.0,444,0.000190518
95243,4.8,181.0,521,7.42435e-05
95248,4.8,167.0,709,0.00055715
95253,4.8,176.0,528,9.43742e-05
95261,4.6,154.0,660,0.000127872
95267,4.6,99.0,463,0.000440499
95273,4.6,87.0,519,0.001008622
95279,4.6,42.0,907,0.000878368
95281,4.6,15.0,907,0.00820231
95282,4.6,2.7,329,0.020660389
95284,4.6,123.0,315,0.000328443
95285,4.6,170.0,567,0.00011389
95286,4.6,126.0,320,0.000212821
95287,4.6,129.0,416,0.000507388
95288,4.6,143.0,875,0.000147426
95289,4.6,142.0,284,0.000168399
95290,4.6,103.0,955,0.000272655
95292,4.6,131.0,372,0.000257322
95293,4.6,149.0,444,0.0001766
95298,4.6,168.0,303,8.5413e-05
95299,4.6,135.0,373,0.000113715
95304,4.6,110.0,1380,0.000195865
95309,4.6,166.0,709,0.000596114
95314,4.6,176.0,528,7.54475e-05
95318,4.6,138.0,450,0.000530037
95322,4.5,172.0,439,6.62963e-05
95323,4.5,113.0,501,0.000374703
95325,4.5,84.0,583,0.000265828
95327,4.5,56.0,965,0.001080369
95343,4.5,133.0,390,0.003184036
95344,4.5,162.0,660,0.00037716
95345,4.5,104.0,863,0.001233171
95351,4.5,185.0,860,0.000154365
95352,4.5,124.0,758,0.000779647
95353,4.5,148.0,721,0.000750139
95354,4.5,111.0,523,0.001238313
95355,4.5,107.0,555,0.000579882
95362,4.5,181.0,424,0.000217191
95367,4.5,167.0,271,0.000651058
95368,4.5,150.0,374,0.000324131
95369,4.5,158.0,688,0.000242256
95370,4.5,145.0,618,0.000788617
95371,4.5,181.0,539,0.000104076
95372,4.5,139.0,445,0.000549332
95374,4.5,133.0,408,0.000639599
95375,4.5,51.0,305,0.001594175
95376,4.5,121.0,499,0.000143202
95377,4.5,80.0,637,0.000331383
95378,4.5,127.0,384,0.000206792
95379,4.5,181.0,1380,0.000155501
95380,4.5,127.0,579,0.000288484
95386,4.5,30.0,246,0.005479976
95388,4.5,83.0,484,0.001069485
95389,4.5,79.0,390,0.001013448
95390,4.5,56.0,574,0.000516352
95391,4.5,54.0,715,0.000699797
95392,4.5,56.0,545,0.000728584
95393,4.5,62.0,280,0.001223813
95394,4.5,20.0,186,0.021563182
95395,4.5,82.0,347,0.000713614
95396,4.5,56.0,543,0.005230743
95397,4.5,92.0,428,0.000906083
95401,4.5,138.0,392,0.000334447
95402,4.5,132.0,1072,0.00023376
95403,4.5,81.0,445,0.002625089
95404,4.5,137.0,340,0.001166655
95405,4.5,182.0,528,0.00018355
95408,4.5,155.0,463,0.000625508
95409,4.5,102.0,430,0.000542623
95410,4.5,101.0,426,0.000485303
95421,4.4,89.0,519,0.000352872
95427,4.4,45.0,907,0.00034199
95429,4.4,12.0,907,0.012459035
95430,4.4,5.5,329,0.01460356
95435,4.4,144.0,875,4.63598e-05
95436,4.4,139.0,284,5.13649e-05
95440,4.4,149.0,444,4.90535e-05
95442,4.4,131.0,373,7.62268e-05
95443,4.4,113.0,1380,6.57568e-05
95452,4.5,156.0,660,7.47323e-05
95464,4.5,85.0,519,0.000578098
95470,4.5,43.0,907,0.000540138
95472,4.5,12.0,907,0.013223219
95473,4.5,6.2,329,0.012951345
95478,4.5,147.0,875,6.36642e-05
95479,4.5,143.0,284,9.33403e-05
95483,4.5,152.0,444,9.06382e-05
95488,4.5,166.0,303,5.97153e-05
95494,4.5,112.0,1380,9.61426e-05
95499,4.5,164.0,709,0.000371903
95504,4.5,162.0,936,0.000241461
95507,4.5,135.0,450,0.000364426
95509,6.3,77.0,439,0.025012413
95510,6.3,148.0,501,0.006859541
95511,6.3,178.0,583,0.006119799
95512,6.3,189.0,583,0.002058695
95513,6.3,154.0,494,0.007820675
95514,6.3,238.0,965,0.001403087
95530,6.3,268.0,390,0.00723611
95536,6.3,325.0,344,0.001778616
95538,6.3,155.0,758,0.017264012
95539,6.3,183.0,721,0.012342916
95540,6.3,121.0,523,0.038274475
95541,6.3,125.0,555,0.018098546
95547,6.3,53.0,233,0.070693979
95548,6.3,48.0,424,0.111575964
95549,6.3,57.0,868,0.032790458
95551,6.3,52.0,374,0.08908944
95552,6.3,62.0,271,0.079402687
95553,6.3,16.0,283,0.45536112
95554,6.3,45.0,377,0.046320289
95555,6.3,80.0,374,0.034087794
95556,6.3,36.0,460,0.35577661
95557,6.3,12.0,344,0.2645714
95559,6.3,86.0,618,0.036740961
95560,6.3,4.5,210,0.189015315
95561,6.3,31.0,338,0.299674543
95562,6.3,50.0,539,0.045222471
95563,6.3,92.0,445,0.018211952
95566,6.3,211.0,1007,0.004502011
95567,6.3,175.0,612,0.010474058
95568,6.3,183.0,297,0.0158254
95569,6.3,137.0,362,0.019002175
95570,6.3,233.0,490,0.005564723
95571,6.3,277.0,855,0.001592687
95572,6.3,265.0,305,0.006119288
95573,6.3,258.0,499,0.002254924
95574,6.3,291.0,637,0.000697649
95575,6.3,230.0,384,0.003038609
95576,6.3,238.0,458,0.004643194
95578,6.3,339.0,1380,0.001235857
95579,6.3,342.0,579,0.000718581
95580,6.3,300.0,815,0.001249599
95581,6.3,354.0,735,0.000821846
95586,6.3,215.0,246,0.013229973
95588,6.3,187.0,541,0.007727016
95589,6.3,170.0,484,0.007274251
95590,6.3,156.0,390,0.012924439
95591,6.3,177.0,574,0.004809373
95592,6.3,180.0,715,0.004689233
95593,6.3,178.0,545,0.005058599
95594,6.3,182.0,440,0.010653346
95595,6.3,175.0,280,0.016076947
95596,6.3,248.0,186,0.005697886
95597,6.3,151.0,347,0.009648269
95598,6.3,238.0,543,0.004573005
95599,6.3,141.0,428,0.035073568
95603,6.3,341.0,392,0.001718097
95604,6.3,356.0,1072,0.000493032
95605,6.3,308.0,445,0.001642182
95608,6.3,109.0,350,0.027504789
95609,6.3,140.0,426,0.008128629
95610,6.3,296.0,473,0.002178848
95613,6.3,277.0,408,0.001317397
95614,6.3,246.0,457,0.002617206
95615,6.3,223.0,679,0.002486914
95616,6.3,166.0,575,0.002863005
95619,6.3,248.0,309,0.002785688
95796,4.4,153.0,501,0.000345896
95797,4.4,131.0,583,0.000373535
95798,4.4,106.0,965,0.000640932
95805,4.4,83.0,390,0.001550338
95806,4.4,111.0,660,0.000326213
95807,4.4,58.0,863,0.000283976
95814,4.4,145.0,860,0.000340875
95815,4.4,108.0,758,0.000612509
95816,4.4,122.0,523,0.001181367
95817,4.4,119.0,555,0.000578439
95823,4.4,151.0,445,0.000579138
95824,4.4,92.0,305,0.001429388
95825,4.4,117.0,637,0.000206245
95827,4.4,99.0,579,0.000727805
95828,4.4,62.0,815,0.002558465
95829,4.4,113.0,735,0.000356959
95834,4.4,79.0,246,0.002397344
95836,4.4,61.0,541,0.001475921
95837,4.4,75.0,484,0.000626548
95838,4.4,70.0,574,0.000855231
95839,4.4,66.0,715,0.001441705
95840,4.4,67.0,545,0.001034672
95841,4.4,61.0,440,0.000711111
95842,4.4,69.0,280,0.001365038
95843,4.4,47.0,186,0.00415792
95844,4.4,92.0,347,0.001264668
95845,4.4,8.3,543,0.059661389
95846,4.4,102.0,428,0.001492471
95847,4.4,149.0,1072,0.000135373
95848,4.4,78.0,445,0.001462652
95849,4.4,133.0,340,0.000489051
95851,4.4,149.0,463,0.000528929
95852,4.4,118.0,430,0.001058622
95853,4.4,144.0,350,0.000385198
95854,4.4,135.0,426,0.00090512
95857,4.4,48.0,528,0.001975285
95860,4.4,84.0,463,0.001010601
95865,4.4,64.0,519,0.001166289
95871,4.4,54.0,907,0.000755201
95872,4.4,28.0,907,0.003206293
95873,4.4,37.0,329,0.001860626
95874,4.4,139.0,860,6.82269e-05
95879,4.4,137.0,373,0.000399757
95880,4.4,128.0,1380,0.000282011
95882,4.4,137.0,709,0.001140325
95890,4.4,149.0,936,0.000736288
95892,4.4,103.0,450,0.002010644
